statistic_yyy,site_id,village,edu_age_15up_total,edu_doctor_graduated_m,edu_doctor_graduated_f,edu_doctor_ungraduated_m,edu_doctor_ungraduated_f,edu_master_graduated_m,edu_master_graduated_f,edu_master_ungraduated_m,edu_master_ungraduated_f,edu_university_graduated_m,edu_university_graduated_f,edu_university_ungraduated_m,edu_university_ungraduated_f,edu_juniorcollege_2ys_graduated_m,edu_juniorcollege_2ys_graduated_f,edu_juniorcollege_2ys_ungraduated_m,edu_juniorcollege_2ys_ungraduated_f,edu_juniorcollege_5ys_final2y_graduated_m,edu_juniorcollege_5ys_final2y_graduated_f,edu_juniorcollege_5ys_final2y_ungraduated_m,edu_juniorcollege_5ys_final2y_ungraduated_f,edu_juniorcollege_5ys_first3y_ungraduated_m,edu_juniorcollege_5ys_first3y_ungraduated_f,edu_senior_graduated_m,edu_senior_graduated_f,edu_senior_ungraduated_m,edu_senior_ungraduated_f,edu_seniorvocational_graduated_m,edu_seniorvocational_graduated_f,edu_seniorvocational_ungraduated_m,edu_seniorvocational_ungraduated_f,edu_junior_graduated_m,edu_junior_graduated_f,edu_junior_ungraduated_m,edu_junior_ungraduated_f,edu_juniorvocational_graduated_m,edu_juniorvocational_graduated_f,edu_juniorvocational_ungraduated_m,edu_juniorvocational_ungraduated_f,edu_primary_graduated_m,edu_primary_graduated_f,edu_primary_ungraduated_m,edu_primary_ungraduated_f,edu_selftaughtl_m,edu_selftaughtl_f,edu_illiterate_m,edu_illiterate_f
統計年,區域別,村里名稱,總計,博畢_男,博畢_女,博肄_男,博肄_女,碩畢_男,碩畢_女,碩肄_男,碩肄_女,大畢_男,大畢_女,大肄_男,大肄_女,二畢_男,二畢_女,二肄_男,二肄_女,後二畢_男,後二畢_女,後二肄_男,後二肄_女,前三肄_男,前三肄_女,高畢_男,高畢_女,高肄_男,高肄_女,職畢_男,職畢_女,職肄_男,職肄_女,國畢_男,國畢_女,國肄_男,國肄_女,初畢_男,初畢_女,初肄_男,初肄_女,小畢_男,小畢_女,小肄_男,小肄_女,自修_男,自修_女,不識_男,不識_女
105,臺北市松山區,莊敬里,4917,23,5,12,7,195,142,60,36,632,664,163,152,156,163,24,20,148,148,8,5,178,202,53,53,285,351,77,54,3,20,135,172,23,22,2,4,1,1,152,286,10,36,3,7,2,22
105,臺北市松山區,東榮里,6994,87,34,17,11,525,407,85,67,1162,1348,227,225,153,251,14,16,217,311,7,6,145,273,122,125,203,340,44,36,12,11,74,152,17,35,3,6,0,0,37,146,10,22,0,3,2,6
105,臺北市松山區,三民里,6202,43,25,15,9,417,289,57,50,1049,1193,177,173,159,248,19,17,210,258,7,6,152,241,64,98,206,343,57,35,9,12,79,151,19,25,2,5,0,0,40,186,17,23,1,6,1,9
105,臺北市松山區,新益里,4264,21,8,12,6,234,152,24,36,622,676,142,124,110,139,12,16,151,161,5,3,142,177,61,65,213,286,40,29,3,10,84,129,11,19,3,5,0,0,89,196,4,16,4,5,0,19
105,臺北市松山區,富錦里,4697,44,10,11,6,284,219,57,47,774,838,146,139,117,150,17,14,148,201,9,9,125,188,57,65,161,279,43,33,4,11,58,161,13,20,1,1,0,1,52,154,11,7,0,3,1,8
105,臺北市松山區,新東里,4447,29,14,9,4,253,169,41,28,627,683,155,122,120,178,27,20,172,193,5,6,142,148,63,48,216,317,53,40,3,11,67,153,16,14,4,6,0,1,74,185,6,12,0,3,0,10
105,臺北市松山區,富泰里,4132,29,13,9,8,262,221,47,31,625,803,123,115,104,173,5,13,131,181,3,7,100,174,54,56,147,267,32,23,4,3,50,106,15,21,0,4,0,0,29,115,7,12,0,7,0,3
105,臺北市松山區,介壽里,3926,48,16,12,9,297,225,35,26,643,665,116,125,102,157,13,8,109,175,6,8,87,150,67,63,140,207,34,26,5,11,59,93,20,11,1,5,0,1,30,94,8,9,0,4,1,5
105,臺北市松山區,精忠里,3826,62,18,10,6,283,207,52,32,608,749,155,110,92,132,10,9,102,147,7,9,92,149,68,78,98,220,28,25,3,0,41,76,17,15,1,1,1,0,22,60,7,13,1,4,1,5
105,臺北市松山區,東光里,6641,50,34,15,6,390,291,58,64,1111,1129,230,238,147,275,10,10,224,249,8,5,182,265,84,103,264,376,64,46,5,18,89,177,25,33,3,4,0,0,80,207,19,30,0,7,1,15
105,臺北市松山區,龍田里,8909,78,30,39,22,719,556,91,93,1566,1678,275,257,212,391,18,29,273,382,13,7,170,307,168,147,203,448,73,59,10,12,67,152,40,41,3,7,0,0,47,166,10,33,0,3,1,13
105,臺北市松山區,東昌里,2380,28,16,9,2,185,135,21,18,357,408,102,91,44,85,8,6,77,106,3,6,48,78,36,43,78,139,24,17,3,5,27,58,5,9,0,4,0,0,23,62,2,4,2,1,1,4
105,臺北市松山區,東勢里,3897,29,15,12,3,273,190,47,35,597,692,124,103,112,156,5,7,123,136,3,6,98,152,69,67,141,254,37,24,6,7,46,109,16,10,0,4,0,1,41,120,6,10,0,4,1,6
105,臺北市松山區,中華里,5526,82,28,15,15,496,350,55,43,967,1083,194,161,124,202,9,4,135,225,7,10,100,178,87,99,127,254,47,33,3,12,46,86,17,26,5,3,0,0,22,126,10,25,0,2,1,12
105,臺北市松山區,民有里,7991,73,29,25,12,561,390,72,67,1314,1517,260,268,211,275,22,23,248,276,8,8,202,313,116,115,263,469,57,49,7,11,94,216,28,53,2,2,0,2,51,207,21,24,0,7,3,20
105,臺北市松山區,民福里,5943,39,8,15,4,298,216,57,50,885,979,195,179,176,183,25,24,207,186,7,10,194,250,79,64,283,418,59,49,6,6,118,173,32,27,3,2,4,1,88,280,14,23,0,4,1,22
105,臺北市松山區,慈祐里,7322,15,7,7,7,270,224,59,40,889,969,240,192,247,239,37,23,201,216,18,12,311,287,110,77,508,542,129,84,10,14,269,278,58,47,5,6,1,2,195,331,56,35,5,13,8,29
105,臺北市松山區,安平里,7611,40,23,10,9,365,262,81,50,1004,1103,248,231,229,248,30,25,231,246,9,14,238,284,115,103,419,508,87,63,14,17,190,268,33,38,4,4,1,0,223,415,24,38,4,15,3,45
105,臺北市松山區,鵬程里,5144,32,15,11,8,272,153,52,29,766,791,220,153,135,195,17,21,169,197,5,11,187,192,72,90,244,364,64,44,6,18,104,138,25,12,0,2,0,0,70,197,5,28,1,4,2,23
105,臺北市松山區,自強里,8740,63,26,22,15,647,417,89,89,1350,1467,311,269,231,317,30,32,321,318,14,6,270,376,160,140,262,449,86,60,9,16,112,247,28,41,2,9,0,1,53,292,21,29,2,15,0,26
105,臺北市松山區,吉祥里,7674,60,24,23,9,475,343,73,64,1191,1342,242,265,205,257,24,19,277,313,16,14,203,248,104,113,329,506,74,46,5,12,123,230,26,28,4,5,0,0,101,233,15,13,1,7,1,11
105,臺北市松山區,新聚里,7317,51,18,20,12,415,301,72,65,1035,1173,289,243,203,283,24,25,220,250,10,8,222,297,95,97,330,539,79,63,8,16,142,218,23,38,3,3,1,1,92,259,15,29,0,7,1,22
105,臺北市松山區,復盛里,5882,38,9,12,6,332,219,62,44,843,933,194,172,175,210,28,19,180,194,11,7,189,204,70,95,289,422,59,55,8,15,119,189,21,24,2,8,0,0,101,240,11,25,2,7,4,35
105,臺北市松山區,中正里,8330,82,32,27,15,610,479,89,66,1260,1620,294,263,222,338,25,31,239,338,6,9,186,278,160,165,254,464,66,46,8,24,77,165,23,31,2,6,0,0,72,179,23,42,2,5,0,7
105,臺北市松山區,中崙里,3623,28,15,11,3,229,146,42,32,472,623,149,102,108,185,10,11,100,142,6,3,78,140,67,67,164,232,35,26,1,6,57,84,14,15,3,4,1,0,47,120,14,23,0,3,0,5
105,臺北市松山區,美仁里,3032,27,8,8,5,188,155,27,28,480,526,96,93,63,125,6,10,90,103,1,4,98,101,52,43,123,174,26,20,1,6,54,76,16,14,2,0,0,0,47,104,7,12,0,3,0,10
105,臺北市松山區,吉仁里,3504,24,12,9,5,200,173,35,19,546,617,142,109,85,129,8,8,98,137,9,7,105,128,62,57,144,219,37,31,4,10,45,75,10,22,2,5,0,1,45,102,3,11,0,5,1,8
105,臺北市松山區,敦化里,6142,54,23,20,10,427,315,58,53,942,1098,207,173,155,205,25,10,188,208,13,5,178,251,87,86,214,391,61,48,5,12,86,155,27,23,0,7,0,1,67,201,11,22,1,5,5,9
105,臺北市松山區,復源里,2791,17,11,8,5,199,135,28,16,395,452,96,78,73,109,9,8,90,97,3,2,71,112,49,44,125,185,30,25,3,3,49,80,15,7,1,1,0,1,30,103,5,13,0,3,0,5
105,臺北市松山區,復建里,3982,28,16,9,3,280,190,41,28,609,681,134,118,101,150,15,17,133,153,8,8,113,135,76,65,156,250,47,35,3,11,38,88,15,10,2,4,0,1,46,126,7,15,3,8,1,5
105,臺北市松山區,復勢里,5565,37,16,11,8,359,281,48,52,851,943,171,174,145,241,15,14,155,205,15,7,164,224,76,84,210,383,59,43,7,6,75,133,19,26,6,8,0,0,63,187,6,21,0,4,1,12
105,臺北市松山區,福成里,2359,26,8,4,3,186,156,20,23,368,443,99,76,40,85,5,4,71,104,2,3,55,95,40,31,74,115,18,15,1,2,22,59,12,8,1,3,0,0,14,50,5,7,1,3,1,1
105,臺北市松山區,松基里,3283,34,13,6,4,210,165,18,29,524,568,108,98,69,116,7,10,97,102,6,5,97,130,41,46,112,182,26,23,4,1,56,95,15,19,1,1,0,1,58,138,11,11,1,3,2,20
105,臺北市信義區,西村里,5403,35,20,17,9,309,215,51,48,791,770,239,191,139,192,5,8,197,192,1,0,208,200,83,61,241,289,40,25,8,9,151,148,77,45,2,7,0,0,112,171,35,13,6,9,8,26
105,臺北市信義區,正和里,4156,34,14,15,8,275,256,39,42,674,777,148,157,103,158,5,7,137,170,1,3,89,150,55,70,126,241,30,26,5,7,38,88,17,23,0,1,1,0,26,110,8,7,2,4,1,8
105,臺北市信義區,興隆里,2605,22,10,7,4,158,137,28,30,394,501,114,92,48,78,1,3,60,81,2,1,72,116,38,36,75,136,16,11,0,5,51,72,23,10,1,1,2,0,41,92,8,8,2,9,2,7
105,臺北市信義區,中興里,3174,23,16,13,6,197,186,35,32,478,598,112,105,72,132,5,4,95,120,0,1,74,149,51,41,116,181,13,20,4,3,40,73,15,21,0,1,0,1,27,92,4,7,0,4,1,6
105,臺北市信義區,新仁里,3104,26,8,11,8,219,144,47,39,500,564,126,125,61,116,10,6,115,125,11,3,71,114,46,48,80,155,29,14,3,4,39,68,12,17,0,1,0,0,26,85,2,11,0,9,0,6
105,臺北市信義區,興雅里,5317,33,13,17,13,304,208,52,41,784,813,209,204,159,221,5,7,175,210,0,1,182,187,59,65,224,347,53,31,14,9,89,158,24,25,1,3,1,2,86,238,4,17,1,10,2,16
105,臺北市信義區,敦厚里,4801,29,14,19,13,306,251,61,45,665,819,196,183,128,180,10,7,164,177,0,2,147,170,56,57,190,299,26,29,11,8,83,124,19,19,2,2,0,2,78,177,4,7,0,9,0,13
105,臺北市信義區,廣居里,7020,52,21,19,17,457,335,85,72,1024,1234,295,260,209,249,7,4,235,274,0,1,171,247,99,101,278,417,45,34,11,11,119,203,40,36,2,4,0,0,79,227,7,21,2,5,0,11
105,臺北市信義區,安康里,9073,102,50,41,20,681,522,99,104,1416,1614,348,328,235,336,10,11,241,321,0,0,230,314,153,153,303,496,74,52,9,10,120,205,43,50,2,5,0,0,89,214,9,22,5,11,1,24
105,臺北市信義區,六藝里,3383,13,6,4,3,169,84,37,36,374,459,164,116,121,130,4,2,87,102,0,0,129,116,54,46,193,221,54,37,7,7,108,130,24,14,3,3,1,0,92,174,5,21,2,16,2,13
105,臺北市信義區,雅祥里,4546,33,8,10,9,247,158,50,47,535,647,200,161,134,163,11,10,129,141,3,1,129,117,59,59,277,306,62,41,6,11,155,132,26,21,2,2,0,2,124,261,9,17,2,7,1,21
105,臺北市信義區,五常里,3443,12,2,11,2,165,109,41,26,447,422,139,134,116,156,10,4,113,100,1,2,117,126,44,33,174,268,34,22,5,7,92,113,18,21,1,3,0,1,105,196,6,16,2,9,1,17
105,臺北市信義區,五全里,4685,14,12,12,7,210,158,50,38,576,667,162,141,147,173,13,9,173,155,1,2,141,185,61,58,275,317,62,40,7,10,119,157,19,27,3,3,1,2,131,289,9,16,1,12,2,18
105,臺北市信義區,永吉里,3728,10,2,3,1,101,69,24,17,382,435,166,160,100,97,3,11,102,61,2,2,148,107,49,48,284,237,55,26,4,11,225,192,25,26,3,5,1,1,168,250,14,23,3,21,4,50
105,臺北市信義區,長春里,3910,15,4,6,2,145,78,27,24,424,497,197,150,112,146,4,6,113,88,1,0,154,150,45,46,241,262,58,34,4,10,157,162,17,18,3,5,0,1,158,265,10,27,1,12,5,26
105,臺北市信義區,四育里,5211,23,4,7,7,222,145,50,44,652,701,244,184,167,168,9,6,163,139,0,2,186,193,65,53,327,390,63,43,6,14,158,221,25,25,5,4,1,1,125,301,5,23,2,13,5,20
105,臺北市信義區,四維里,5007,26,11,8,11,246,163,66,40,741,721,195,209,140,180,11,10,144,160,1,0,169,176,47,59,292,355,42,30,5,6,119,164,20,26,4,5,0,1,97,243,9,15,2,14,3,21
105,臺北市信義區,永春里,4556,14,8,15,9,198,116,45,37,525,613,226,185,142,159,14,10,150,124,1,0,141,157,52,36,279,322,58,32,2,19,149,156,24,36,6,0,1,1,117,299,9,26,4,7,2,30
105,臺北市信義區,富台里,3920,11,8,13,5,231,162,33,49,517,639,169,146,107,180,5,3,139,126,0,1,130,137,62,68,152,241,39,24,4,7,72,97,26,28,2,2,0,0,66,166,5,16,1,10,2,19
105,臺北市信義區,國業里,6736,43,19,19,7,446,299,71,57,959,1112,298,269,189,261,17,8,202,237,0,1,190,250,99,87,248,386,59,40,11,19,118,204,36,47,0,5,3,0,113,254,8,10,1,6,2,26
105,臺北市信義區,松隆里,2125,4,3,4,3,81,44,14,11,210,250,95,67,70,71,4,5,62,55,0,0,86,100,26,20,146,140,33,25,2,3,93,105,20,12,1,2,1,1,69,130,6,17,1,2,6,25
105,臺北市信義區,松友里,6033,24,11,15,13,316,222,62,46,820,926,251,221,191,237,11,9,194,222,3,0,205,230,75,80,292,419,53,59,7,16,119,163,28,34,5,12,1,1,111,252,5,18,3,13,1,37
105,臺北市信義區,松光里,4590,25,5,9,3,252,156,44,33,629,624,178,142,143,151,4,6,154,150,1,0,158,170,51,56,244,330,43,28,3,4,115,188,19,25,1,3,0,3,111,266,4,25,2,6,1,25
105,臺北市信義區,中坡里,4183,10,8,13,4,201,120,34,23,516,559,185,144,133,165,6,6,137,143,2,1,156,148,42,34,240,296,57,33,4,9,115,165,27,20,2,5,1,2,106,239,7,26,3,9,3,24
105,臺北市信義區,中行里,7453,35,9,14,6,271,182,77,63,922,974,359,308,223,261,18,17,221,203,4,3,266,253,87,92,469,524,94,56,13,14,231,290,45,49,4,3,3,2,222,426,12,38,6,19,8,57
105,臺北市信義區,大道里,5644,28,7,12,7,305,192,50,45,804,818,226,211,150,164,6,6,199,163,1,1,176,164,69,59,317,400,58,40,5,4,149,209,28,42,3,3,1,2,134,312,9,18,0,16,3,28
105,臺北市信義區,大仁里,3783,25,8,10,3,156,100,34,23,426,485,150,136,136,124,7,9,127,106,2,0,119,135,33,50,217,251,52,29,5,11,151,159,23,26,3,4,0,1,103,275,7,16,1,9,2,34
105,臺北市信義區,景新里,4603,42,8,12,7,300,213,43,39,725,810,187,180,118,163,4,5,122,162,0,1,132,147,63,61,155,287,37,40,5,11,73,113,21,34,4,4,1,0,54,164,7,12,2,12,5,18
105,臺北市信義區,惠安里,6103,29,15,20,5,272,172,77,52,774,826,310,234,190,233,9,9,197,169,0,0,197,232,76,76,314,427,73,48,6,12,184,218,27,36,1,3,0,1,147,335,11,30,2,14,4,36
105,臺北市信義區,三張里,8184,59,23,20,17,453,345,83,65,1143,1244,335,289,230,267,33,28,257,266,11,9,290,335,98,109,367,503,75,54,8,9,176,221,36,51,3,9,3,1,154,407,13,27,4,19,7,28
105,臺北市信義區,三犁里,4813,45,12,15,11,298,207,57,46,704,772,204,183,114,162,8,8,133,177,1,0,188,186,54,70,183,275,39,26,2,4,83,132,23,30,5,4,2,1,90,214,4,15,0,9,1,16
105,臺北市信義區,六合里,6323,53,24,20,10,402,265,84,51,911,1029,254,214,180,230,9,14,187,207,1,1,176,266,83,78,254,399,62,41,8,11,151,174,30,36,3,5,1,2,89,228,13,30,1,6,4,26
105,臺北市信義區,泰和里,7230,31,13,19,14,308,201,57,61,798,979,314,265,232,241,9,22,198,218,4,3,303,293,86,77,434,506,107,72,10,26,235,277,43,35,3,3,1,2,201,407,23,34,4,13,3,45
105,臺北市信義區,景聯里,4293,24,17,19,6,280,177,48,49,611,687,194,140,103,161,11,5,141,155,0,0,124,143,47,52,172,285,34,39,4,3,84,131,13,21,5,5,1,0,81,164,7,17,1,7,5,20
105,臺北市信義區,景勤里,3754,14,9,15,5,188,103,36,42,439,497,157,124,115,148,3,2,148,101,0,0,130,142,57,46,222,259,32,25,9,6,112,140,26,17,3,2,2,2,87,219,9,21,2,11,2,25
105,臺北市信義區,雙和里,6506,35,23,30,11,314,250,89,55,901,967,259,239,196,252,8,10,213,213,3,1,242,252,91,86,308,409,64,48,6,13,144,187,30,37,4,5,0,1,123,323,8,14,1,11,3,27
105,臺北市信義區,嘉興里,2960,22,5,8,4,143,113,23,17,420,466,130,106,92,117,2,6,94,103,1,1,86,128,33,26,154,199,20,27,2,5,63,85,15,12,1,3,1,0,59,139,1,6,1,10,0,11
105,臺北市信義區,黎順里,3866,34,15,14,10,202,177,49,40,515,575,185,140,112,112,6,6,105,118,1,1,118,144,54,44,197,228,35,26,4,12,104,110,21,13,2,5,1,0,94,183,8,14,0,13,0,19
105,臺北市信義區,黎平里,6517,49,24,16,11,362,242,72,68,908,1017,263,269,203,206,11,12,190,192,1,1,178,252,73,83,311,411,65,43,10,8,155,205,32,31,4,4,2,3,133,311,13,26,2,17,3,25
105,臺北市信義區,黎忠里,4451,18,10,15,6,213,123,32,39,521,577,179,159,155,174,6,7,126,140,2,2,191,172,63,64,229,290,43,31,3,8,151,192,17,25,3,8,1,3,111,282,6,12,0,15,5,22
105,臺北市信義區,黎安里,1973,1,3,1,1,38,19,14,3,166,146,99,77,50,60,3,5,38,28,0,0,96,131,27,27,119,86,33,19,2,1,108,164,23,23,3,2,1,1,120,155,18,27,9,6,1,19
105,臺北市大安區,德安里,5058,61,36,20,7,395,317,48,46,839,1009,152,150,102,183,12,11,139,180,12,8,151,214,64,84,137,247,33,27,4,3,52,91,29,22,1,4,0,1,19,111,11,14,0,2,1,9
105,臺北市大安區,仁慈里,4621,70,26,22,17,384,339,60,46,747,921,155,164,99,162,13,9,112,160,4,2,100,167,98,92,98,182,30,21,4,7,40,80,21,19,0,4,0,0,33,67,13,16,2,9,1,5
105,臺北市大安區,和安里,5999,75,34,19,10,521,415,64,51,950,1096,243,181,134,225,14,9,162,182,8,5,142,212,133,125,157,273,54,31,8,13,63,109,32,32,3,4,0,0,36,139,9,11,0,2,0,13
105,臺北市大安區,民炤里,7155,126,57,33,7,647,530,78,63,1173,1394,201,204,155,240,17,22,171,236,7,6,132,312,108,134,192,338,36,22,9,8,67,141,26,37,2,7,0,0,37,112,20,28,4,4,1,11
105,臺北市大安區,仁愛里,4754,73,32,8,4,317,283,36,42,819,1004,132,145,108,157,5,7,125,160,10,7,128,213,59,85,106,223,28,21,5,6,56,120,22,29,1,7,0,0,23,101,9,13,7,11,4,3
105,臺北市大安區,義村里,5440,55,17,16,7,377,260,59,51,879,934,168,143,129,188,11,17,206,196,9,7,179,245,75,88,180,313,43,36,2,7,81,146,18,34,1,0,0,0,47,172,9,14,3,4,1,13
105,臺北市大安區,民輝里,6253,103,45,26,21,474,329,71,54,989,1102,214,172,109,198,17,13,167,201,8,6,146,288,83,106,198,318,56,61,9,10,109,171,26,27,1,2,0,1,77,179,17,16,2,10,4,17
105,臺北市大安區,昌隆里,2899,42,18,13,1,221,167,20,21,540,502,87,73,59,98,2,2,100,100,1,5,82,140,35,49,76,130,18,10,1,0,23,95,14,11,2,4,0,0,29,92,4,8,0,3,0,1
105,臺北市大安區,誠安里,3839,41,30,6,7,246,167,28,29,627,682,121,119,81,143,5,21,113,129,4,7,106,185,40,79,145,229,28,22,4,2,53,93,14,26,4,3,1,0,38,119,9,10,1,6,3,13
105,臺北市大安區,光武里,6764,66,25,12,10,451,383,61,62,1083,1270,208,211,122,215,22,16,180,270,10,10,206,354,89,81,196,385,53,37,3,7,89,190,31,32,1,8,0,3,66,188,10,26,3,8,2,9
105,臺北市大安區,龍坡里,5045,208,63,23,16,485,426,61,54,746,1006,158,150,100,164,5,11,102,152,5,2,85,167,96,88,108,188,36,27,3,5,39,78,21,20,1,6,0,1,29,81,5,14,1,1,1,7
105,臺北市大安區,龍泉里,4164,90,40,22,15,357,294,50,56,587,779,112,121,94,164,9,14,120,145,4,3,81,137,67,71,116,186,28,23,5,7,45,106,19,21,1,4,0,2,33,98,11,13,1,2,2,9
105,臺北市大安區,古風里,3766,77,46,11,7,313,261,43,41,607,683,117,119,86,136,17,8,95,115,3,4,83,115,53,65,99,192,24,19,5,2,40,81,11,17,0,3,0,0,37,92,8,11,1,6,0,13
105,臺北市大安區,古莊里,6301,109,60,30,15,527,446,81,69,923,1238,202,211,127,208,16,22,142,162,7,7,151,223,100,96,188,301,44,46,3,4,70,142,23,25,3,2,0,0,63,147,13,17,6,11,0,21
105,臺北市大安區,龍安里,7000,146,68,26,19,528,463,63,70,979,1137,239,206,151,194,19,19,185,230,15,10,235,250,120,127,254,295,59,37,11,6,179,152,62,56,3,8,0,0,97,141,61,45,10,5,5,15
105,臺北市大安區,錦安里,5152,123,47,33,18,474,404,54,54,809,998,160,164,98,178,11,16,136,196,4,6,98,158,92,113,105,218,38,33,3,3,31,69,17,14,3,2,0,0,32,111,7,12,0,2,1,7
105,臺北市大安區,福住里,5415,100,33,25,12,489,441,67,76,846,1057,164,173,111,191,14,7,106,204,7,4,106,195,97,126,124,227,32,21,3,3,42,93,16,21,1,1,0,0,25,115,10,17,1,3,0,9
105,臺北市大安區,永康里,3241,48,14,4,5,261,191,30,31,525,588,87,115,78,117,6,13,104,107,3,3,103,139,53,64,100,149,27,15,1,6,24,69,9,12,1,2,0,1,28,78,8,8,1,5,2,6
105,臺北市大安區,光明里,2999,45,20,12,6,247,221,35,39,449,554,98,83,73,117,11,7,68,95,6,3,72,84,74,53,109,127,18,14,3,7,20,59,7,11,0,2,1,1,26,83,6,15,3,3,1,11
105,臺北市大安區,錦泰里,3096,70,29,17,17,264,237,32,37,507,591,103,84,71,110,6,8,84,89,6,5,59,93,55,74,86,120,18,17,1,5,29,55,15,12,1,1,0,0,16,49,7,10,0,2,0,4
105,臺北市大安區,錦華里,4818,92,39,25,15,428,375,63,62,779,915,153,170,83,154,10,7,117,156,5,4,112,139,87,88,119,217,32,20,5,7,45,66,19,25,1,5,0,0,37,119,3,10,1,2,1,6
105,臺北市大安區,龍圖里,6165,89,45,18,10,469,391,72,59,983,1167,207,193,156,233,19,10,182,211,4,8,151,244,77,84,197,319,43,26,6,9,63,126,15,25,4,4,0,0,50,153,6,18,2,2,4,11
105,臺北市大安區,新龍里,6019,74,31,34,3,478,397,80,74,1021,1175,244,180,127,208,14,15,168,232,3,7,135,199,97,118,128,284,41,39,5,7,35,108,26,39,0,5,0,0,31,121,11,10,0,4,0,11
105,臺北市大安區,龍陣里,3251,39,26,11,4,231,182,33,25,537,567,128,107,76,94,7,10,92,110,4,3,89,117,47,57,99,194,19,14,1,6,37,76,12,15,1,2,0,0,46,103,8,7,2,4,0,9
105,臺北市大安區,龍雲里,4429,53,22,10,4,339,238,43,47,658,789,143,154,91,145,15,6,121,174,5,9,139,211,58,70,163,235,30,33,7,4,51,94,22,19,0,3,0,0,50,143,8,12,1,2,0,8
105,臺北市大安區,龍生里,5809,99,52,26,20,463,412,79,69,859,1094,198,186,131,257,17,17,155,202,6,8,143,189,90,101,158,265,56,31,3,8,54,96,31,24,0,4,0,0,40,125,6,18,0,2,2,13
105,臺北市大安區,住安里,4758,40,19,11,6,242,211,47,42,641,774,153,133,122,182,26,15,121,134,4,7,153,198,90,70,227,280,43,42,7,14,105,142,30,18,0,3,0,1,101,220,12,36,1,8,3,24
105,臺北市大安區,義安里,4894,73,22,14,5,376,325,54,45,818,941,172,165,76,152,14,11,133,166,4,4,134,208,92,76,110,230,38,26,4,4,46,126,21,14,3,3,0,0,51,95,11,11,2,5,1,13
105,臺北市大安區,通化里,5626,36,12,11,6,290,192,43,43,734,812,170,161,150,181,27,20,162,181,6,8,208,212,71,69,284,403,92,60,4,10,161,201,28,32,1,6,1,1,138,296,22,37,1,7,5,31
105,臺北市大安區,通安里,5106,29,6,11,8,286,214,51,37,700,797,171,144,148,170,22,17,164,168,8,6,165,213,52,77,253,340,48,37,2,5,138,150,33,30,4,3,0,0,97,243,12,13,0,6,0,28
105,臺北市大安區,臨江里,3821,23,10,10,0,139,125,36,23,449,525,103,106,114,119,22,15,100,113,9,6,139,147,54,40,243,305,70,40,6,8,114,136,22,21,5,2,0,0,99,221,15,40,6,7,4,30
105,臺北市大安區,法治里,4081,35,23,15,8,282,194,49,46,614,703,147,123,78,141,10,6,138,170,7,3,112,153,80,59,149,244,31,30,4,5,47,101,19,18,1,3,0,1,57,133,4,16,2,6,2,12
105,臺北市大安區,全安里,3994,43,16,10,4,314,254,37,31,702,810,122,112,98,141,7,13,112,167,4,4,88,136,52,61,93,188,21,24,4,6,52,77,18,16,3,3,0,0,27,101,3,12,0,2,0,6
105,臺北市大安區,群賢里,5397,74,35,13,10,418,323,40,52,904,1058,161,165,99,194,19,18,126,203,6,4,134,230,78,75,149,288,44,26,2,6,58,114,22,25,0,5,0,0,47,135,3,12,1,8,3,10
105,臺北市大安區,群英里,6509,83,34,21,20,537,369,92,56,1040,1226,208,213,149,243,19,17,207,257,8,4,159,277,99,88,163,330,54,42,5,8,52,139,24,36,1,3,0,2,23,154,7,24,1,5,2,8
105,臺北市大安區,虎嘯里,3424,45,19,9,8,270,219,28,41,578,674,111,106,62,114,9,5,120,149,3,7,78,132,44,51,78,163,22,16,4,4,32,81,12,15,1,3,0,0,24,70,3,8,0,3,0,3
105,臺北市大安區,臥龍里,1773,27,15,6,2,142,107,16,20,282,311,53,47,39,66,3,8,45,76,1,2,44,71,27,23,59,73,13,12,2,3,15,36,10,12,2,0,0,0,25,55,2,8,1,3,0,9
105,臺北市大安區,龍淵里,8020,175,70,47,26,710,576,91,102,1183,1512,271,264,178,326,15,11,185,239,11,3,170,254,133,157,231,354,66,31,6,10,84,156,25,29,3,7,0,0,67,189,9,22,1,5,0,16
105,臺北市大安區,龍門里,3789,85,39,10,11,349,325,27,34,666,761,124,111,56,122,10,2,83,107,2,3,76,128,69,78,82,145,26,14,3,6,34,72,17,18,1,0,0,0,18,57,4,8,1,0,0,5
105,臺北市大安區,大學里,7545,231,107,46,20,656,563,82,95,1129,1384,253,252,147,274,13,16,164,239,7,3,174,260,132,128,198,338,49,33,2,8,53,130,29,35,3,2,0,1,50,177,13,14,4,14,1,16
105,臺北市大安區,芳和里,5306,36,16,12,3,316,189,45,34,682,787,178,148,155,193,18,12,182,168,8,6,204,221,78,52,259,351,54,41,2,7,143,169,23,30,3,4,0,1,114,283,18,22,2,5,4,28
105,臺北市大安區,黎元里,5049,19,7,15,5,221,157,37,36,545,614,142,137,155,230,32,26,145,129,13,6,218,177,62,67,351,401,70,53,6,16,151,164,21,20,2,2,1,1,163,322,14,36,4,9,4,43
105,臺北市大安區,黎孝里,6976,43,8,23,11,380,276,70,54,1048,1137,216,215,182,232,25,23,205,216,10,9,266,270,86,86,329,456,78,50,3,7,140,212,32,34,4,5,1,0,121,324,17,26,3,7,7,29
105,臺北市大安區,黎和里,4498,24,7,15,6,226,191,38,39,646,674,116,141,120,130,13,11,122,147,10,4,159,179,69,55,235,300,59,48,1,6,119,163,28,24,0,2,1,0,89,206,17,29,1,8,1,19
105,臺北市大安區,建安里,4458,53,18,12,7,326,261,40,35,734,894,140,133,84,160,11,17,113,195,5,10,106,206,72,70,109,231,26,25,2,8,37,116,15,25,1,6,0,1,25,108,2,9,2,1,0,7
105,臺北市大安區,建倫里,5573,77,24,9,8,391,343,44,33,975,1081,166,193,110,175,9,14,148,257,8,13,144,305,66,105,134,274,29,18,2,5,50,131,23,35,0,9,1,1,30,102,5,14,1,3,1,7
105,臺北市大安區,敦安里,5588,87,37,13,8,454,392,51,57,918,1055,176,166,106,195,16,16,141,225,10,6,123,259,83,121,156,257,35,27,2,9,46,108,15,35,1,4,0,0,31,104,8,19,1,6,2,7
105,臺北市大安區,正聲里,4301,55,13,10,2,360,247,39,40,738,826,136,127,83,156,9,10,128,152,2,4,103,185,58,65,97,223,44,25,3,5,54,91,14,23,0,3,0,0,32,97,7,11,3,8,2,11
105,臺北市大安區,敦煌里,5349,73,25,25,17,477,370,59,54,930,1089,130,147,98,203,14,11,119,202,5,5,119,222,91,84,115,262,25,20,6,8,38,109,20,17,2,4,1,0,32,87,7,10,4,3,1,9
105,臺北市大安區,華聲里,3833,42,16,13,1,292,219,41,31,584,718,115,131,83,158,11,6,128,145,3,4,93,136,60,56,140,208,32,23,1,5,48,99,14,19,1,6,0,0,35,86,5,6,2,5,2,10
105,臺北市大安區,車層里,5680,68,20,14,10,414,345,53,50,994,1155,158,162,115,164,14,8,167,219,10,4,148,252,68,108,148,297,35,25,1,7,68,127,28,34,1,4,0,0,38,108,8,13,2,5,2,9
105,臺北市大安區,光信里,6928,85,36,18,6,485,384,67,47,1150,1324,206,200,142,246,20,20,160,249,10,5,185,263,111,105,199,401,69,53,4,7,99,151,38,41,2,4,0,1,75,208,13,20,3,3,3,10
105,臺北市大安區,學府里,2472,190,43,9,6,110,88,20,12,187,249,79,71,49,65,12,3,55,58,4,1,118,133,42,25,138,103,43,34,2,2,95,106,16,20,1,1,0,0,71,150,9,27,4,2,2,17
105,臺北市中山區,正守里,2917,16,7,11,5,146,101,31,25,425,430,80,96,62,86,13,6,107,102,7,6,103,107,42,41,149,201,36,21,5,4,75,105,16,16,1,5,3,0,62,122,7,15,0,4,2,13
105,臺北市中山區,正義里,4857,26,12,6,3,181,143,38,30,559,696,156,149,115,190,23,21,141,198,3,9,165,232,73,54,276,444,63,63,3,18,122,222,26,37,4,4,0,2,78,215,10,21,2,7,1,16
105,臺北市中山區,正得里,3425,29,12,11,4,188,126,25,27,478,623,96,87,83,111,10,11,96,129,8,7,103,154,37,46,134,270,28,29,3,3,66,119,15,24,2,4,0,0,47,137,6,16,2,5,2,12
105,臺北市中山區,民安里,4245,31,11,9,7,233,167,35,31,588,639,129,129,88,124,17,12,146,152,11,5,154,176,68,50,206,306,39,30,5,5,114,144,23,28,4,10,1,1,77,189,7,25,2,2,4,11
105,臺北市中山區,康樂里,2445,14,6,7,3,119,94,22,12,288,400,62,57,53,89,10,8,58,98,5,5,97,142,23,38,115,204,26,23,3,3,64,109,9,23,0,2,0,0,30,96,5,10,1,3,1,8
105,臺北市中山區,中山里,5964,31,15,9,7,257,216,46,47,722,900,160,174,173,227,24,31,162,221,13,7,208,302,68,68,280,512,63,77,5,9,120,251,32,41,6,5,0,2,105,290,17,37,0,6,3,15
105,臺北市中山區,聚盛里,3855,20,5,6,3,151,126,31,19,453,534,79,93,108,137,16,28,96,131,13,5,169,221,38,36,200,347,63,44,3,4,105,198,25,32,5,5,0,1,64,191,8,21,1,7,2,11
105,臺北市中山區,集英里,6355,48,12,25,8,263,237,51,37,751,972,223,201,154,238,22,24,207,202,14,10,206,254,104,94,324,500,66,66,13,20,163,223,43,37,6,15,1,2,113,330,10,27,4,11,3,21
105,臺北市中山區,聚葉里,3651,26,9,9,5,174,123,31,20,433,551,108,120,93,123,27,16,103,113,3,11,141,157,36,40,196,271,57,43,4,11,80,135,17,31,2,2,0,0,86,204,9,13,4,2,1,11
105,臺北市中山區,恆安里,4432,26,17,12,7,198,158,29,36,575,738,107,145,119,178,12,21,113,136,9,2,141,206,49,54,199,368,54,60,2,3,95,165,24,18,3,3,0,0,70,208,19,26,4,8,3,12
105,臺北市中山區,晴光里,4849,34,12,11,2,242,194,46,40,632,745,133,132,102,166,28,18,164,159,10,14,158,236,55,61,219,382,61,67,2,12,108,198,26,28,4,6,0,0,60,219,12,17,6,8,1,19
105,臺北市中山區,圓山里,3866,28,10,11,4,150,115,21,29,515,555,115,109,91,126,24,24,121,134,6,4,136,205,48,43,178,314,54,39,2,4,109,182,31,20,3,4,1,0,76,177,10,16,4,6,1,11
105,臺北市中山區,劍潭里,3378,36,13,6,4,157,107,36,25,549,513,96,95,78,106,20,12,118,120,8,9,107,150,43,37,155,188,43,35,2,4,69,115,27,18,1,8,0,0,53,147,8,25,1,8,1,25
105,臺北市中山區,大直里,8348,83,19,20,16,592,457,93,63,1322,1404,287,239,161,306,27,23,269,337,4,12,198,262,121,148,295,492,78,63,12,12,136,228,35,43,6,8,1,0,112,265,20,48,0,6,1,24
105,臺北市中山區,成功里,5776,52,31,15,10,451,361,54,50,885,1152,212,187,95,168,15,15,149,246,7,12,101,198,120,114,168,285,45,28,8,6,86,123,34,40,3,4,0,0,56,143,19,18,0,1,1,8
105,臺北市中山區,永安里,8326,94,36,23,23,629,453,98,74,1204,1499,332,301,167,266,22,17,265,329,6,7,165,274,144,169,278,451,61,41,5,11,146,221,48,64,3,9,2,2,86,212,24,37,0,8,4,16
105,臺北市中山區,大佳里,981,1,0,1,0,20,8,3,3,92,83,24,24,19,29,9,2,16,11,0,0,35,29,15,12,73,66,41,16,0,1,83,40,14,6,1,1,0,0,80,91,10,6,4,3,1,8
105,臺北市中山區,新喜里,4904,11,7,12,3,203,121,53,24,534,663,172,160,135,159,25,21,135,168,5,5,211,193,63,68,292,394,74,67,9,9,135,197,30,32,10,7,0,1,135,293,8,29,2,13,3,13
105,臺北市中山區,新庄里,4662,18,7,10,2,177,117,39,41,521,598,144,122,126,184,19,16,181,169,12,9,170,213,48,56,268,356,76,59,6,12,154,188,32,36,4,5,3,0,119,293,5,17,1,10,4,15
105,臺北市中山區,新福里,4750,21,5,8,11,188,148,34,31,560,663,146,135,116,169,27,14,160,144,9,11,178,208,60,59,256,382,63,52,3,7,130,197,42,26,3,11,2,4,135,285,6,17,1,5,0,18
105,臺北市中山區,松江里,5934,30,21,11,2,305,213,56,37,863,967,192,163,132,204,24,13,200,213,16,12,191,244,80,97,280,428,66,58,5,14,121,195,28,50,3,6,0,2,94,240,13,21,1,7,2,14
105,臺北市中山區,新生里,4531,28,9,7,2,174,123,31,35,550,607,146,114,106,123,17,18,165,139,13,7,178,229,48,51,261,347,62,54,7,8,131,225,32,31,2,7,3,2,98,270,9,24,3,12,2,21
105,臺北市中山區,中庄里,4754,22,9,9,6,182,135,46,32,588,572,156,146,127,151,21,18,167,162,11,6,194,188,63,61,289,353,60,55,6,10,120,213,43,33,5,5,0,1,115,291,16,27,5,14,1,20
105,臺北市中山區,行政里,7086,31,6,15,9,243,152,45,24,769,788,214,189,181,188,27,17,255,197,24,12,368,347,122,80,500,540,123,69,7,11,297,292,84,57,4,11,1,1,227,338,66,90,9,6,11,39
105,臺北市中山區,行仁里,7518,19,11,9,4,299,162,60,43,825,934,259,214,214,244,39,29,250,218,11,7,304,264,91,71,514,625,121,96,13,14,242,305,46,57,11,11,1,1,231,514,24,32,5,17,7,50
105,臺北市中山區,行孝里,3784,10,6,5,2,155,78,36,26,420,482,141,109,94,131,10,22,114,89,10,7,146,157,51,53,274,297,63,33,6,6,139,178,21,23,2,5,0,0,90,232,13,13,0,10,3,22
105,臺北市中山區,下埤里,6928,30,8,13,6,312,199,63,53,985,1058,201,210,165,230,26,21,233,237,12,7,237,249,69,91,383,538,96,64,4,12,167,259,51,41,4,4,2,2,150,351,7,34,2,12,4,26
105,臺北市中山區,江寧里,6317,56,14,9,10,416,288,58,52,996,1074,239,167,98,201,31,10,226,218,8,4,181,236,97,94,267,447,47,43,3,11,102,177,22,33,5,10,0,0,78,234,11,20,2,8,0,14
105,臺北市中山區,江山里,6899,44,23,14,11,425,267,86,64,1064,1069,206,207,158,210,25,18,242,218,16,15,196,261,95,102,329,457,77,47,3,6,144,220,30,37,7,8,0,2,124,290,17,28,1,5,2,29
105,臺北市中山區,中吉里,5029,44,19,17,8,279,202,60,44,745,790,156,139,101,176,29,14,169,173,7,3,181,208,91,75,214,338,66,38,5,6,97,161,35,22,8,5,0,3,66,187,15,15,2,6,2,8
105,臺北市中山區,中原里,4590,32,10,7,5,243,191,53,39,619,722,149,140,126,157,18,19,151,155,7,3,138,213,62,48,248,318,38,20,7,9,100,149,20,22,4,4,0,1,91,208,11,14,1,4,1,13
105,臺北市中山區,興亞里,4871,45,17,12,6,323,215,58,39,718,831,171,159,128,170,21,17,156,185,4,9,151,215,40,57,205,328,45,35,1,6,74,139,22,22,5,5,0,0,51,146,11,13,0,6,2,8
105,臺北市中山區,中央里,3244,17,10,9,5,175,118,30,24,487,492,97,102,89,148,16,10,128,122,2,3,99,125,45,57,144,230,31,23,4,6,64,105,15,15,1,5,1,0,43,125,7,6,1,1,0,7
105,臺北市中山區,朱馥里,5354,29,13,9,5,243,187,57,31,665,819,163,120,114,204,19,10,204,192,9,4,187,208,87,81,271,346,74,39,8,9,156,198,27,29,6,14,0,1,138,281,20,28,3,17,2,27
105,臺北市中山區,龍洲里,4632,55,19,10,7,274,204,53,33,739,787,159,140,113,167,13,12,170,194,5,5,142,186,62,77,140,317,32,26,5,2,51,129,11,24,4,6,0,0,40,159,8,25,2,13,2,10
105,臺北市中山區,朱園里,4183,38,11,8,8,291,216,36,25,612,740,123,139,93,157,16,18,143,142,8,5,131,194,59,56,164,275,22,27,7,5,59,97,24,16,2,8,0,1,57,120,7,11,3,3,0,6
105,臺北市中山區,埤頭里,3182,16,7,6,2,165,117,31,22,432,470,100,86,92,125,12,16,133,104,6,3,116,123,31,36,173,212,40,23,6,9,79,95,17,18,0,7,0,0,63,139,9,14,2,6,4,15
105,臺北市中山區,朱崙里,2546,18,7,5,2,134,121,23,21,333,412,74,70,66,107,12,5,96,87,1,4,82,104,28,46,115,163,24,23,2,3,57,63,11,11,3,4,2,0,53,111,10,16,1,7,2,7
105,臺北市中山區,力行里,5477,60,16,16,10,367,260,48,31,820,941,171,165,127,175,11,10,164,210,13,7,171,224,76,85,227,330,31,34,3,9,112,171,25,41,2,8,1,1,71,173,10,32,2,4,2,10
105,臺北市中山區,復華里,4222,36,12,6,8,239,211,45,32,592,712,155,130,118,152,17,11,141,185,4,4,132,188,75,70,140,255,44,31,9,6,57,123,18,16,1,2,0,0,52,140,8,22,1,5,6,11
105,臺北市中山區,金泰里,6542,47,18,23,11,503,335,78,46,888,1067,225,212,183,235,30,18,175,199,15,4,174,208,114,108,280,378,71,48,7,12,139,156,53,45,2,6,0,3,112,219,20,39,2,7,2,25
105,臺北市中山區,北安里,2424,17,6,8,1,138,98,25,19,349,389,79,87,77,93,10,7,93,97,2,3,80,81,33,38,102,175,17,13,6,1,49,71,10,14,2,1,0,1,28,83,8,8,0,2,0,3
105,臺北市中正區,水源里,2732,40,23,12,8,151,135,33,26,319,414,92,97,68,98,10,5,94,76,6,4,78,85,26,37,117,162,22,20,2,4,62,99,23,18,1,1,2,0,55,151,11,20,1,6,3,15
105,臺北市中正區,富水里,2227,42,13,17,8,164,89,37,25,269,311,75,50,65,64,7,13,39,60,5,1,76,82,29,25,93,132,35,22,1,4,83,75,17,6,1,2,0,0,59,81,7,14,2,5,1,21
105,臺北市中正區,文盛里,2120,32,21,11,2,139,109,30,24,328,350,71,55,51,64,5,8,56,66,6,3,65,81,32,22,74,117,20,15,3,2,42,54,9,10,0,1,1,0,32,90,6,5,0,1,1,6
105,臺北市中正區,林興里,4025,51,18,21,6,300,224,48,32,515,609,136,113,111,161,18,14,96,112,3,3,127,148,57,51,167,237,45,39,3,9,84,117,15,20,2,2,0,1,71,170,9,22,3,4,4,27
105,臺北市中正區,河堤里,4273,72,28,14,6,304,229,44,47,682,735,161,134,110,148,17,13,146,144,10,3,108,154,49,49,154,234,25,32,8,2,40,126,13,18,0,4,0,0,44,119,12,11,1,2,3,18
105,臺北市中正區,頂東里,5613,54,31,14,13,361,309,86,54,860,977,187,156,152,207,15,23,160,199,8,5,128,186,65,58,222,332,34,31,2,7,92,150,26,29,4,2,1,0,92,224,9,25,1,3,3,16
105,臺北市中正區,網溪里,5352,52,21,14,16,375,254,59,65,815,932,181,145,143,181,21,15,147,173,8,7,158,212,74,60,195,303,52,37,5,9,79,174,15,23,1,6,0,1,79,203,7,16,0,5,1,13
105,臺北市中正區,板溪里,3083,24,11,12,3,194,155,35,33,413,514,80,98,69,98,14,9,84,94,3,4,78,126,35,32,174,189,32,27,2,0,92,94,16,7,2,3,0,0,59,126,5,14,2,6,1,14
105,臺北市中正區,螢圃里,4986,43,18,19,4,309,260,45,50,732,808,174,147,115,162,26,14,152,182,5,4,154,187,49,58,250,295,38,39,10,5,109,137,23,23,1,8,0,0,77,194,11,23,1,10,0,15
105,臺北市中正區,螢雪里,4108,26,11,15,7,210,150,47,40,510,611,140,115,110,141,22,14,133,103,6,7,158,149,41,51,229,286,59,36,5,4,136,134,25,18,1,2,0,0,76,209,8,16,1,12,2,32
105,臺北市中正區,永功里,5534,48,9,18,6,281,192,39,42,651,757,205,147,157,180,22,23,167,149,6,5,204,219,85,70,312,367,95,67,12,14,178,218,32,30,2,3,2,1,138,282,13,25,2,7,11,41
105,臺北市中正區,永昌里,4701,16,5,7,6,176,125,30,23,488,512,143,140,123,132,47,23,150,117,12,4,190,192,58,67,337,345,91,51,5,11,198,202,38,27,4,9,1,1,155,326,23,32,4,15,5,35
105,臺北市中正區,龍興里,3322,28,8,6,5,194,155,29,37,407,488,92,92,85,141,17,15,85,91,5,3,102,82,55,46,186,211,71,35,1,6,95,99,22,14,1,2,0,1,82,172,6,17,2,5,3,23
105,臺北市中正區,忠勤里,6165,8,2,5,3,143,93,40,39,450,574,166,157,170,166,35,34,130,106,13,5,276,282,88,84,457,459,145,92,8,19,458,476,60,43,6,6,1,2,225,399,24,70,8,19,17,102
105,臺北市中正區,廈安里,3621,30,10,10,3,199,170,36,30,445,594,102,103,93,154,11,16,100,105,3,3,128,114,60,66,200,230,50,44,6,7,89,104,26,17,0,1,0,0,76,137,14,11,2,5,3,14
105,臺北市中正區,愛國里,2807,27,9,9,8,171,147,19,38,368,432,105,90,58,119,10,10,78,100,4,6,77,113,55,51,102,216,37,26,2,9,53,77,16,12,2,5,1,1,30,86,9,13,1,2,0,3
105,臺北市中正區,南門里,2367,40,16,11,7,166,116,29,21,330,439,76,81,49,83,7,8,63,67,3,4,51,87,46,54,84,139,21,10,3,6,31,61,11,14,1,2,0,0,31,61,11,9,2,3,3,10
105,臺北市中正區,龍光里,2962,37,20,8,4,252,185,40,22,468,531,121,84,57,123,9,7,82,84,4,1,86,78,58,55,93,156,34,22,3,9,29,65,15,12,1,3,0,0,20,57,8,12,0,0,2,5
105,臺北市中正區,南福里,9028,129,48,48,21,708,563,105,94,1225,1567,405,302,210,381,19,24,264,299,14,9,210,261,246,208,305,413,77,62,16,15,113,164,42,46,2,8,2,2,104,208,22,40,0,9,0,18
105,臺北市中正區,龍福里,6357,71,37,15,8,382,308,75,51,828,1021,233,194,149,235,22,25,175,195,10,10,235,186,147,115,275,370,75,51,5,12,164,154,49,34,2,5,1,0,131,159,57,28,8,7,21,22
105,臺北市中正區,新營里,7646,142,55,43,21,671,547,100,92,1127,1348,286,252,169,265,18,20,183,258,12,12,179,183,165,194,223,356,62,42,9,13,85,154,29,43,0,4,0,0,44,159,24,22,3,9,2,21
105,臺北市中正區,建國里,1289,12,6,5,4,88,77,10,17,170,247,35,47,44,58,5,8,45,36,3,3,30,48,28,25,40,62,12,10,2,1,11,30,8,7,0,1,0,0,13,33,3,2,0,0,0,3
105,臺北市中正區,光復里,3360,31,14,8,3,166,132,41,32,443,530,111,116,78,133,22,11,102,120,5,9,120,138,72,54,159,214,40,36,9,11,65,105,22,26,0,1,1,0,44,105,8,9,2,4,3,5
105,臺北市中正區,黎明里,2923,36,10,12,4,180,126,35,25,448,477,126,92,73,104,10,10,89,104,4,3,92,121,56,68,108,154,27,24,0,5,44,74,23,21,3,1,1,1,32,74,6,7,1,2,2,8
105,臺北市中正區,梅花里,2901,26,10,16,3,186,153,27,29,470,517,91,83,67,106,7,14,94,98,5,5,74,104,51,37,116,189,16,17,1,2,36,76,18,11,1,4,0,0,36,74,13,5,1,3,1,8
105,臺北市中正區,幸福里,4106,54,33,12,7,267,218,40,29,619,657,164,118,114,167,18,8,112,161,12,7,114,150,71,76,172,226,42,28,8,5,33,117,17,21,1,2,0,2,51,109,10,20,1,4,1,8
105,臺北市中正區,幸市里,4115,62,26,14,5,343,227,43,32,702,798,134,125,95,149,6,17,112,133,6,4,89,140,49,43,119,203,28,32,5,3,56,101,15,14,4,10,0,2,36,105,6,12,1,2,2,5
105,臺北市中正區,東門里,3573,57,25,16,12,291,239,48,49,521,616,122,110,88,116,10,11,95,106,10,1,72,102,52,70,104,168,46,19,2,3,59,81,16,20,1,5,0,0,52,107,13,15,1,5,1,16
105,臺北市中正區,文北里,4952,89,41,31,9,453,353,58,53,858,942,150,171,106,157,14,15,115,166,8,3,88,166,77,81,112,224,27,26,2,3,45,105,24,22,1,1,0,0,26,88,13,11,2,3,1,12
105,臺北市中正區,文祥里,6712,121,45,18,17,551,439,77,71,995,1199,237,202,156,217,21,18,179,221,5,8,172,216,146,149,215,348,55,43,5,19,72,136,33,30,0,9,0,0,51,159,15,21,3,7,2,9
105,臺北市中正區,三愛里,7492,135,46,24,14,599,545,95,65,1170,1426,250,229,126,264,14,20,205,281,7,10,152,305,134,134,199,325,65,37,2,12,76,171,30,37,3,6,0,1,57,167,16,21,0,1,1,15
105,臺北市大同區,玉泉里,2746,12,2,6,1,104,77,24,16,353,387,106,83,56,88,16,10,101,83,5,5,140,114,41,46,144,192,42,28,3,5,90,93,26,22,3,5,2,1,54,121,8,15,0,4,0,12
105,臺北市大同區,建明里,3126,20,6,2,2,137,99,25,15,403,446,105,106,87,118,14,8,102,102,4,6,131,122,53,45,199,234,42,34,2,2,76,97,17,16,10,4,0,0,61,138,7,16,2,4,1,6
105,臺北市大同區,建功里,4225,17,4,7,3,162,113,31,28,437,528,119,132,121,119,27,16,138,109,8,8,207,172,75,74,278,318,49,53,11,6,139,160,31,35,15,10,1,2,127,258,14,37,1,7,3,15
105,臺北市大同區,建泰里,3334,18,8,5,5,164,104,24,21,423,483,109,91,83,115,10,8,131,106,12,4,133,144,53,48,190,244,49,34,4,10,82,106,28,26,4,6,1,0,56,152,9,18,1,3,1,8
105,臺北市大同區,永樂里,4843,29,12,9,6,236,160,38,24,636,624,169,149,118,140,20,15,169,149,9,6,240,175,91,75,282,384,50,49,6,6,126,165,33,41,13,10,3,1,99,227,19,18,0,5,2,5
105,臺北市大同區,朝陽里,4077,19,10,8,2,171,108,35,34,471,542,139,127,96,149,27,20,141,123,8,7,145,160,72,50,252,320,62,32,8,12,124,153,17,31,11,4,2,0,91,223,15,27,1,11,2,15
105,臺北市大同區,星明里,5295,28,10,11,7,250,186,38,35,599,765,177,147,123,202,24,18,153,163,15,5,211,216,97,87,302,391,81,63,6,4,156,193,35,47,11,11,2,0,107,238,12,35,3,7,3,21
105,臺北市大同區,光能里,4526,17,6,13,2,160,129,33,22,502,538,150,122,131,191,11,18,149,129,6,9,166,153,78,80,314,351,76,52,9,14,145,176,30,32,6,11,1,2,143,268,13,30,2,8,2,26
105,臺北市大同區,大有里,4477,13,1,5,3,148,98,29,24,547,568,141,146,93,121,26,16,137,108,8,5,210,170,81,75,323,375,68,61,6,12,158,174,36,34,7,13,3,0,111,256,18,17,6,11,0,15
105,臺北市大同區,延平里,3860,13,3,9,2,141,100,23,16,415,471,139,100,97,125,16,13,121,95,7,6,151,179,71,66,256,300,52,51,8,7,158,173,29,34,7,8,2,0,101,222,16,20,5,10,4,18
105,臺北市大同區,雙連里,8514,39,8,19,9,295,186,61,53,824,1016,285,261,222,361,53,37,270,242,13,12,330,326,171,144,531,677,162,115,21,25,329,321,77,93,15,11,3,0,271,488,25,38,11,14,6,44
105,臺北市大同區,南芳里,3580,10,1,5,2,144,88,27,31,392,450,104,111,84,157,15,15,97,92,9,3,131,123,51,66,229,280,66,51,1,12,135,130,32,24,8,5,2,1,98,227,12,29,4,9,1,16
105,臺北市大同區,民權里,5814,31,11,10,6,232,181,49,50,698,805,188,173,181,238,34,28,192,176,10,6,197,209,135,109,318,425,85,70,7,10,171,180,38,50,6,12,3,2,132,281,11,23,1,12,1,27
105,臺北市大同區,景星里,2544,8,2,5,1,79,44,20,15,206,231,66,65,71,86,15,10,50,42,7,1,89,97,37,31,202,186,63,38,2,4,138,113,33,26,4,3,1,0,139,223,18,24,3,8,8,30
105,臺北市大同區,隆和里,2787,11,6,5,2,92,55,23,21,293,335,86,78,65,88,12,6,100,76,8,2,116,104,50,48,211,223,52,33,8,9,98,97,22,24,6,8,1,0,91,171,9,18,0,3,5,16
105,臺北市大同區,蓬萊里,4511,18,5,8,2,159,120,45,26,505,586,145,127,138,172,20,20,139,114,10,5,184,193,74,68,288,324,70,45,6,7,168,169,31,28,13,12,1,2,124,266,17,26,2,8,2,19
105,臺北市大同區,國順里,2729,4,0,1,1,62,36,11,10,208,236,93,61,62,74,20,9,67,48,13,1,115,88,60,44,231,206,66,45,5,10,181,109,32,31,5,6,2,0,147,236,28,31,4,6,3,21
105,臺北市大同區,國慶里,3989,20,7,11,4,185,114,50,25,492,549,121,131,100,159,18,15,129,111,10,3,136,142,48,62,253,299,58,36,10,7,114,119,31,33,7,8,2,1,82,228,10,26,1,6,1,15
105,臺北市大同區,揚雅里,4025,12,4,4,2,101,50,21,26,380,374,96,81,93,122,26,14,136,100,8,3,208,148,94,48,287,268,76,61,6,11,259,161,65,29,8,4,1,3,204,256,39,50,6,11,22,47
105,臺北市大同區,斯文里,4950,20,5,6,5,163,107,28,21,524,524,120,123,126,154,22,15,127,103,7,6,215,186,82,73,336,390,112,68,8,12,255,231,55,55,6,11,3,1,191,284,21,48,6,15,7,73
105,臺北市大同區,鄰江里,5927,16,8,9,4,191,99,52,32,567,668,202,155,155,179,39,24,187,138,7,6,239,199,95,68,424,445,105,60,8,11,294,268,52,49,17,14,5,0,277,439,22,39,0,12,4,43
105,臺北市大同區,至聖里,7352,26,16,13,5,284,221,52,52,811,929,218,225,193,259,39,33,267,233,15,8,303,290,132,84,485,557,110,95,18,15,224,237,46,62,6,16,3,1,195,461,19,33,3,13,5,40
105,臺北市大同區,老師里,5409,9,7,6,3,173,103,40,24,522,568,179,171,144,191,44,20,158,118,3,10,253,192,78,68,405,417,119,62,12,17,242,230,39,51,7,12,0,0,213,392,21,40,2,13,2,29
105,臺北市大同區,重慶里,5970,32,20,14,11,278,189,55,34,680,791,208,199,187,211,24,30,175,170,6,8,199,200,82,98,322,425,108,70,12,22,199,205,41,43,10,11,1,1,170,354,13,28,1,9,3,21
105,臺北市大同區,保安里,3802,18,9,7,6,151,103,30,21,405,426,133,119,118,130,22,15,118,88,9,2,166,161,49,42,232,286,62,49,8,5,124,131,28,31,4,11,3,3,136,259,19,33,1,5,6,18
105,臺北市萬華區,福星里,5008,25,15,9,11,167,129,36,19,542,565,142,130,111,169,25,26,146,125,10,3,240,215,77,52,330,376,87,76,6,8,199,280,54,46,9,6,2,3,139,300,14,32,3,9,4,36
105,臺北市萬華區,萬壽里,3159,10,7,8,3,125,92,17,10,347,386,88,66,95,93,18,12,87,82,6,3,157,187,31,50,199,229,48,32,6,2,119,190,37,21,3,4,3,0,75,158,15,14,2,7,3,12
105,臺北市萬華區,西門里,3482,17,18,11,9,159,115,31,28,410,445,86,94,96,126,13,24,115,98,10,6,130,157,43,52,182,269,54,35,1,8,108,173,26,17,7,7,1,2,84,173,7,17,2,1,1,14
105,臺北市萬華區,新起里,6010,40,22,14,1,290,220,58,37,686,864,181,154,146,196,26,25,185,162,18,1,217,259,69,82,339,402,96,64,8,7,185,275,38,37,11,6,3,2,159,333,23,34,4,8,3,20
105,臺北市萬華區,菜園里,5574,16,3,7,4,209,112,50,26,568,635,173,146,150,187,38,27,157,115,8,6,218,201,76,59,411,444,103,76,8,8,279,273,53,31,8,4,4,3,212,373,11,33,3,11,5,30
105,臺北市萬華區,青山里,5330,15,8,4,2,125,82,35,16,513,499,161,137,129,135,27,24,154,103,9,4,241,237,73,57,380,391,117,74,5,8,270,316,72,47,5,5,5,0,257,422,26,53,1,16,8,62
105,臺北市萬華區,富民里,4658,14,6,8,3,138,100,27,33,467,441,119,120,111,139,27,24,142,113,11,6,158,187,51,63,329,334,90,71,5,14,221,257,55,29,9,14,3,2,229,373,26,44,4,4,1,36
105,臺北市萬華區,福音里,3453,10,9,3,0,137,96,37,22,392,446,93,94,93,94,19,12,112,81,9,5,138,115,45,41,229,285,56,37,6,11,140,160,20,21,5,5,2,0,100,215,8,18,1,12,6,13
105,臺北市萬華區,仁德里,4489,35,10,15,4,231,168,45,32,568,653,132,143,131,130,31,14,155,127,12,8,160,165,48,58,244,301,56,37,8,5,117,175,32,33,7,4,1,1,105,235,6,18,4,4,3,18
105,臺北市萬華區,富福里,5775,17,5,8,2,179,113,32,22,583,537,150,131,117,125,28,19,219,116,18,5,309,177,99,62,467,411,141,72,7,9,396,245,93,57,10,10,3,0,288,320,52,37,15,15,16,38
105,臺北市萬華區,頂碩里,6793,13,10,7,7,278,155,39,38,696,754,205,183,182,203,31,28,223,147,10,7,240,259,101,66,516,499,152,93,2,12,310,294,40,47,3,5,2,1,295,464,30,59,1,18,12,56
105,臺北市萬華區,雙園里,4224,16,8,11,1,165,106,40,25,416,486,144,105,113,149,18,19,132,105,19,4,142,141,72,55,318,351,78,54,7,1,184,185,23,20,8,3,0,2,155,252,20,19,3,17,5,27
105,臺北市萬華區,新忠里,3234,31,7,7,1,156,110,24,20,414,369,96,79,80,106,14,13,132,97,6,6,104,163,40,34,171,200,40,40,3,9,111,151,20,19,5,4,0,1,69,203,11,18,3,11,2,34
105,臺北市萬華區,新和里,7914,50,17,10,11,348,222,95,63,1068,1015,266,240,251,284,35,40,299,248,19,14,298,329,118,115,388,593,113,88,9,19,196,267,43,43,6,7,0,2,120,404,20,49,6,30,7,49
105,臺北市萬華區,糖廍里,5081,15,8,8,4,185,126,35,27,546,575,156,147,145,163,33,21,115,123,6,7,210,180,87,59,395,346,82,61,4,8,209,227,52,28,6,7,0,1,199,386,14,29,2,6,7,31
105,臺北市萬華區,和平里,6421,9,4,13,3,183,108,42,34,552,626,170,177,142,190,39,24,158,95,15,8,241,194,96,77,502,505,130,89,17,18,402,320,62,52,7,4,6,0,339,560,31,67,6,24,10,70
105,臺北市萬華區,綠堤里,4099,4,3,9,0,63,36,21,10,304,340,134,126,76,106,25,19,63,79,11,4,193,157,97,51,306,336,106,78,9,15,267,220,51,43,5,6,0,0,212,360,28,51,7,9,6,53
105,臺北市萬華區,華江里,7893,16,5,9,3,199,112,62,42,799,847,233,228,222,249,43,41,239,173,10,11,320,325,123,100,535,561,172,93,8,22,409,462,73,45,12,14,2,2,308,583,18,63,3,12,12,73
105,臺北市萬華區,柳鄉里,4959,9,1,5,1,98,50,33,14,409,432,141,110,142,112,26,35,111,86,14,8,253,194,85,43,389,369,136,85,9,6,283,264,46,43,13,9,7,3,270,460,29,53,5,6,4,58
105,臺北市萬華區,日善里,3396,8,6,3,2,105,72,35,24,326,377,103,96,97,122,15,14,91,67,5,8,115,83,53,43,261,299,76,48,5,11,162,139,35,27,3,3,0,2,135,227,17,26,3,7,8,32
105,臺北市萬華區,新安里,5756,18,6,6,1,133,116,38,26,528,556,161,161,165,170,28,33,162,119,6,8,258,214,82,72,431,413,129,100,12,10,276,292,62,45,2,2,2,2,272,439,35,44,8,32,9,72
105,臺北市萬華區,忠德里,3963,8,5,4,2,116,60,22,21,387,407,140,113,105,161,26,15,109,81,9,7,163,153,67,52,307,286,71,54,6,11,179,177,25,27,3,5,3,0,171,287,19,30,2,20,6,41
105,臺北市萬華區,孝德里,3068,6,2,5,5,83,40,18,18,279,304,90,88,73,100,11,18,94,53,9,2,108,113,38,33,235,247,75,39,3,9,180,136,24,19,3,5,0,0,159,261,9,26,4,9,6,29
105,臺北市萬華區,和德里,6591,18,4,7,2,154,105,40,38,459,594,245,210,157,156,36,38,163,117,15,10,271,203,98,96,516,484,211,138,5,17,399,389,69,62,5,6,1,1,310,494,38,66,11,22,18,93
105,臺北市萬華區,錦德里,5085,10,6,7,1,119,95,29,26,447,525,154,138,154,195,29,35,127,105,12,11,203,153,82,54,416,408,107,78,9,8,256,213,44,40,8,5,2,0,220,425,19,44,1,23,6,36
105,臺北市萬華區,全德里,3954,15,9,9,7,172,96,37,21,405,464,138,123,112,140,21,20,118,94,10,5,138,122,54,38,255,299,74,53,5,6,168,154,40,28,0,8,2,0,134,281,13,23,2,17,3,21
105,臺北市萬華區,保德里,3090,19,5,6,1,118,69,27,14,349,370,106,101,81,114,20,9,100,73,10,4,120,98,40,36,211,232,46,29,4,5,116,139,17,18,5,5,0,1,110,218,9,16,1,2,2,14
105,臺北市萬華區,銘德里,4331,12,4,4,1,126,76,34,25,390,448,126,125,127,139,24,19,130,100,8,8,176,145,67,50,327,378,80,58,5,7,208,224,25,33,3,3,1,1,182,342,14,32,3,16,3,22
105,臺北市萬華區,榮德里,3343,9,1,6,1,79,52,18,15,300,303,89,73,90,115,21,19,95,54,4,2,106,83,40,29,250,248,85,60,3,5,213,165,26,22,3,6,1,1,201,318,20,28,5,15,10,54
105,臺北市萬華區,壽德里,4758,22,6,6,2,193,124,38,40,474,580,147,169,136,160,29,16,148,122,6,7,198,132,77,53,345,374,86,70,4,10,198,162,34,26,2,5,1,2,156,309,17,31,0,12,2,27
105,臺北市萬華區,興德里,4351,9,2,2,4,107,69,26,19,400,427,125,131,93,136,31,27,136,79,14,10,180,157,62,48,333,334,123,60,8,6,249,226,37,40,5,7,0,0,189,333,13,42,3,13,2,34
105,臺北市萬華區,華中里,5730,22,11,8,2,159,108,42,23,540,627,168,172,149,200,28,23,158,126,13,9,210,168,85,79,458,427,111,77,4,17,238,252,35,35,9,6,1,1,271,505,17,49,5,25,7,50
105,臺北市萬華區,日祥里,5127,28,12,16,4,166,109,40,32,528,532,167,128,155,166,43,22,149,119,8,5,202,189,77,61,337,380,86,98,9,9,189,222,46,40,4,1,1,2,197,390,20,53,6,16,6,57
105,臺北市萬華區,忠貞里,4587,16,5,6,3,134,78,21,21,419,466,130,126,141,152,32,19,146,126,7,7,211,219,71,53,275,306,89,54,3,5,239,258,32,34,8,5,0,1,201,324,19,44,6,15,6,54
105,臺北市萬華區,凌霄里,3485,5,2,3,4,81,61,16,24,303,334,91,84,96,123,24,17,84,72,8,2,179,146,57,34,243,280,73,55,8,6,179,182,35,34,3,2,0,1,133,275,9,37,4,21,7,48
105,臺北市萬華區,騰雲里,2899,10,3,4,1,126,67,19,19,327,347,107,90,87,93,22,9,101,89,8,5,122,107,44,35,171,228,56,29,5,5,89,108,9,19,2,2,1,0,82,190,5,20,1,15,5,15
105,臺北市文山區,景行里,6302,38,23,17,6,319,238,63,47,749,967,208,185,180,290,35,24,162,175,9,8,206,207,109,101,331,491,100,67,6,13,171,168,29,35,2,7,1,2,140,300,16,26,1,4,1,25
105,臺北市文山區,景東里,6400,42,17,16,17,358,265,67,72,811,994,241,214,167,288,30,11,186,198,12,7,176,219,103,126,317,431,103,66,14,16,122,167,33,24,4,3,0,0,106,266,23,28,2,10,6,22
105,臺北市文山區,景美里,4602,44,20,14,1,278,215,55,52,635,780,168,131,154,177,9,11,143,162,6,2,137,142,63,65,215,299,48,20,2,8,76,131,21,16,2,2,1,0,74,172,9,19,1,6,2,14
105,臺北市文山區,景慶里,5912,41,17,15,11,305,204,46,41,732,867,207,186,165,243,29,17,178,161,8,8,183,213,79,78,358,433,95,53,4,17,164,189,27,19,2,7,1,0,126,303,11,26,2,13,2,26
105,臺北市文山區,景仁里,4154,28,17,16,5,288,198,37,35,556,656,142,135,105,181,17,14,123,129,4,2,110,132,61,62,207,257,47,27,5,8,83,99,22,21,1,1,0,0,81,180,12,22,0,6,3,19
105,臺北市文山區,景華里,5241,57,16,11,11,274,230,53,54,697,811,179,165,163,224,33,19,140,157,12,8,139,187,87,85,249,383,70,43,3,12,91,151,24,18,1,4,0,0,89,227,16,22,2,4,2,18
105,臺北市文山區,萬有里,4997,67,23,19,10,333,221,43,61,688,829,185,150,130,187,20,14,166,148,6,7,129,163,73,95,221,298,60,47,4,9,94,123,17,14,4,3,2,0,74,204,16,15,1,5,1,18
105,臺北市文山區,萬祥里,4104,22,9,11,4,234,174,47,38,547,637,146,127,109,171,17,10,138,130,7,5,122,135,56,50,198,272,62,41,2,13,74,119,14,21,0,5,0,0,94,186,8,19,3,7,3,17
105,臺北市文山區,萬隆里,6512,62,20,23,9,451,307,68,92,886,1126,236,208,169,242,28,16,200,209,9,6,141,199,92,106,285,411,80,59,10,16,113,163,17,27,2,4,1,0,86,242,14,35,3,10,3,26
105,臺北市文山區,萬年里,4911,59,25,16,8,325,241,64,44,660,818,158,143,153,164,15,24,163,154,16,9,150,137,56,67,238,282,50,48,6,2,96,128,22,25,1,5,1,0,67,200,16,28,2,6,1,18
105,臺北市文山區,萬和里,3006,43,17,6,8,171,136,24,34,385,406,99,73,76,110,12,15,92,96,9,5,91,90,46,49,144,192,38,24,3,6,81,92,12,14,1,2,0,1,43,178,10,19,0,14,1,38
105,臺北市文山區,萬盛里,4377,48,29,13,5,309,215,50,48,596,683,134,134,122,162,17,13,128,134,4,6,134,151,44,69,215,265,59,31,4,9,73,117,24,17,4,3,0,0,64,172,8,25,4,15,2,18
105,臺北市文山區,興豐里,4455,45,14,9,8,287,184,47,38,566,701,151,144,114,160,29,19,141,140,4,5,125,140,66,76,223,283,65,42,3,3,101,125,22,23,1,5,1,1,92,177,12,26,2,9,2,24
105,臺北市文山區,興光里,3081,17,12,7,2,171,132,19,27,386,451,100,114,89,119,15,10,75,88,3,4,82,89,44,53,194,213,47,43,2,5,58,99,19,15,0,5,0,0,62,149,10,18,3,11,1,18
105,臺北市文山區,興家里,6839,42,15,17,7,331,209,78,38,893,1033,250,228,216,221,35,33,202,212,12,7,242,242,113,79,429,484,107,71,10,12,164,245,30,39,2,5,0,1,108,269,14,34,1,19,5,35
105,臺北市文山區,興得里,5444,51,12,13,8,267,213,61,55,667,799,192,188,157,182,19,14,169,157,7,6,146,187,73,61,315,374,111,59,5,21,138,198,35,25,2,3,1,2,125,251,15,27,2,6,2,23
105,臺北市文山區,興業里,4965,47,18,20,2,305,227,55,40,714,773,154,159,150,183,24,14,169,163,8,8,140,178,59,56,252,311,67,51,4,7,98,135,15,20,0,0,0,0,71,202,8,24,1,10,2,21
105,臺北市文山區,興安里,5955,70,20,17,10,406,286,69,61,860,968,227,196,172,222,19,14,181,192,9,6,139,199,107,97,228,358,75,38,5,13,92,165,16,24,1,3,0,0,72,238,19,29,0,16,4,12
105,臺北市文山區,興福里,5211,36,11,9,3,285,188,58,42,651,734,182,174,150,209,20,15,169,161,6,6,170,165,94,70,295,387,95,47,8,14,126,153,25,20,1,7,0,0,103,253,13,25,3,6,5,17
105,臺北市文山區,興旺里,7519,41,19,18,8,376,258,94,58,1052,1160,253,211,231,318,37,32,208,257,12,12,224,280,98,96,417,557,129,77,7,23,168,187,31,39,5,4,1,0,123,289,21,39,2,15,2,30
105,臺北市文山區,興泰里,3612,28,15,8,5,182,140,42,34,474,551,120,113,123,144,26,15,114,109,8,6,102,103,44,54,189,257,45,25,1,9,71,96,14,27,1,3,0,0,79,177,6,18,2,7,4,21
105,臺北市文山區,興昌里,6101,70,37,17,16,418,312,69,58,861,1051,233,204,158,247,31,21,169,198,4,12,160,209,79,104,254,326,79,50,3,8,126,132,27,26,4,3,0,0,82,181,10,25,3,6,2,16
105,臺北市文山區,試院里,6252,65,27,19,10,380,263,80,62,863,988,241,220,183,249,20,31,204,200,12,6,154,216,89,96,286,395,77,62,4,9,122,180,20,33,1,1,0,1,88,210,16,25,2,10,3,29
105,臺北市文山區,華興里,8009,79,36,32,17,518,358,83,68,992,1199,312,264,237,283,35,22,236,214,12,15,215,259,128,132,437,525,145,80,7,11,145,209,46,38,5,1,0,1,134,341,26,44,3,15,6,44
105,臺北市文山區,明義里,3941,18,11,11,5,125,74,28,22,276,396,184,206,83,109,24,14,75,72,3,9,120,147,87,61,214,238,154,107,8,12,196,201,55,54,2,0,0,2,150,214,37,64,4,9,17,43
105,臺北市文山區,明興里,6349,47,16,14,9,374,219,61,57,758,931,262,206,199,259,37,22,180,196,12,7,152,182,93,113,344,442,107,74,10,15,165,195,24,21,3,6,0,0,128,295,22,34,2,13,2,41
105,臺北市文山區,木柵里,7983,89,43,32,11,524,341,83,76,1066,1185,283,276,202,326,30,26,247,232,21,5,218,295,116,145,333,511,108,62,6,13,164,235,38,35,1,1,0,0,120,362,25,52,3,7,7,28
105,臺北市文山區,木新里,9358,72,28,22,17,401,288,77,55,1006,1126,357,285,287,317,50,43,262,213,25,10,369,307,147,123,621,662,189,136,8,13,400,332,90,82,0,10,0,2,247,455,43,71,11,21,20,58
105,臺北市文山區,順興里,6825,27,16,22,5,296,209,67,44,798,903,253,235,243,254,41,31,183,175,10,6,210,204,116,126,397,482,125,99,3,12,236,257,38,38,2,8,2,0,178,334,23,51,4,10,9,43
105,臺北市文山區,樟林里,7730,70,19,22,12,451,277,89,63,1008,1154,290,248,279,340,34,32,252,202,15,9,208,261,124,111,400,455,120,82,5,13,162,227,29,42,2,12,0,1,136,362,16,49,4,9,4,30
105,臺北市文山區,樟新里,4963,40,19,14,8,280,200,70,43,651,764,218,190,184,196,21,22,131,143,5,4,155,172,77,100,243,322,61,43,1,8,95,114,19,23,1,4,1,0,81,184,11,20,4,7,2,12
105,臺北市文山區,樟腳里,5092,32,23,10,4,253,195,51,47,619,721,218,204,119,180,24,17,133,138,9,1,157,126,94,84,324,350,74,39,4,6,149,186,32,28,0,4,1,0,115,223,22,33,4,7,1,31
105,臺北市文山區,萬芳里,7239,63,29,15,7,431,316,77,69,896,1096,268,262,219,286,21,33,198,215,16,9,195,262,115,116,375,478,139,87,3,4,155,202,39,42,3,5,1,1,115,279,12,32,3,8,4,38
105,臺北市文山區,博嘉里,5220,43,16,15,8,288,223,48,38,614,757,197,176,133,181,28,18,142,153,10,2,134,144,77,69,304,352,106,54,5,8,163,168,25,35,2,3,1,1,129,243,15,34,3,7,3,45
105,臺北市文山區,萬興里,7460,170,66,31,14,517,439,85,77,938,1083,298,280,162,266,28,21,190,168,11,4,192,212,156,129,318,419,113,66,3,13,179,182,37,35,1,3,0,1,145,284,27,41,1,5,5,45
105,臺北市文山區,指南里,3487,57,26,16,10,192,167,38,31,370,404,124,99,76,109,19,16,74,66,7,2,109,96,69,39,207,211,80,51,1,9,162,102,25,17,1,1,0,0,141,143,18,25,7,9,14,47
105,臺北市文山區,老泉里,827,1,1,2,0,6,7,1,3,50,67,23,27,17,25,5,5,13,11,1,1,18,16,18,10,82,71,33,21,0,6,52,38,13,8,3,0,0,0,67,59,13,8,0,6,2,17
105,臺北市文山區,忠順里,3750,45,17,6,2,264,152,44,34,511,566,160,116,107,159,10,19,101,111,8,3,100,143,59,65,153,245,51,27,4,6,63,109,21,18,2,4,0,0,54,141,9,17,2,5,1,16
105,臺北市文山區,萬美里,6736,62,24,17,11,387,289,73,42,893,959,245,254,165,246,38,23,171,221,11,9,222,273,119,79,361,473,121,70,3,12,162,191,44,41,2,5,1,1,85,230,24,35,3,10,5,24
105,臺北市文山區,政大里,6389,121,64,37,24,542,429,69,78,933,1103,241,243,165,238,20,18,167,200,6,6,126,171,147,154,194,280,68,48,6,12,62,96,34,34,2,2,1,0,54,122,20,25,1,5,2,19
105,臺北市文山區,樟文里,5559,24,17,12,7,273,171,74,42,672,761,208,185,221,226,31,24,131,147,10,8,156,161,105,111,314,397,106,55,4,11,153,198,41,19,1,6,1,2,132,253,19,33,3,11,1,22
105,臺北市文山區,興邦里,4466,37,11,9,4,248,187,54,41,566,709,151,144,147,201,23,24,138,171,5,3,111,139,62,68,235,286,57,46,5,6,98,121,18,19,1,0,0,0,75,190,15,19,1,7,3,11
105,臺北市文山區,樟樹里,4416,26,10,12,7,205,153,39,28,508,570,176,157,135,174,18,23,128,126,5,3,153,122,61,75,266,339,87,48,8,5,122,166,24,25,1,1,0,0,99,232,14,28,1,6,1,29
105,臺北市南港區,南港里,5742,20,5,11,2,205,130,40,25,623,706,206,176,185,211,39,25,177,152,13,6,215,163,102,81,449,401,139,71,7,10,252,180,50,29,2,2,0,2,186,345,22,33,5,4,3,32
105,臺北市南港區,中南里,3423,8,2,6,2,83,62,24,11,342,350,107,91,109,129,20,18,81,72,10,4,126,111,43,44,256,280,77,63,6,12,180,126,30,24,2,0,0,1,153,270,13,27,2,11,6,29
105,臺北市南港區,新富里,3685,15,6,3,3,138,86,30,15,392,464,138,102,113,145,16,21,110,86,3,3,102,106,61,37,300,275,89,50,3,9,133,126,19,17,1,1,0,0,141,258,9,21,2,8,4,24
105,臺北市南港區,三重里,6202,57,21,12,19,467,337,61,50,833,1030,202,165,148,209,35,16,163,176,9,8,151,176,90,90,286,339,83,58,11,7,163,167,44,44,1,3,0,1,115,269,16,23,4,9,3,31
105,臺北市南港區,東新里,6621,21,9,8,7,228,142,43,42,699,767,223,191,183,248,48,34,171,151,9,6,202,186,88,94,472,514,160,96,12,26,279,280,58,45,1,0,0,0,275,459,23,35,4,15,6,61
105,臺北市南港區,新光里,3450,14,3,4,2,139,101,21,17,395,440,129,108,117,131,17,13,89,111,4,3,122,97,48,41,209,253,65,51,3,7,115,130,17,23,0,3,0,0,105,240,7,18,2,12,1,23
105,臺北市南港區,東明里,4218,30,10,20,4,255,170,45,30,529,645,145,125,126,168,23,14,145,120,10,4,111,116,47,62,237,269,68,50,11,13,115,119,24,21,3,2,0,0,96,192,9,12,0,3,1,19
105,臺北市南港區,西新里,4357,10,3,7,2,134,97,35,20,442,558,143,155,148,137,35,18,102,95,4,7,117,103,55,49,357,326,102,71,2,15,171,165,39,26,3,1,1,0,194,335,14,20,4,8,2,25
105,臺北市南港區,玉成里,4425,15,6,12,4,166,94,36,24,464,566,147,134,143,162,27,20,154,122,6,10,150,138,51,52,293,346,105,59,4,14,152,173,32,36,5,3,0,0,140,278,19,26,4,8,4,21
105,臺北市南港區,合成里,6352,25,12,14,6,273,186,58,32,763,868,179,171,200,225,30,22,181,166,9,11,198,183,71,92,428,498,123,73,7,20,185,237,41,43,2,2,1,0,210,395,15,33,0,5,6,53
105,臺北市南港區,成福里,6967,26,6,14,5,288,208,62,49,805,982,210,208,231,225,49,42,203,192,19,12,251,238,89,74,453,490,130,99,10,13,211,238,45,37,3,3,1,0,205,420,20,47,4,9,3,38
105,臺北市南港區,萬福里,3942,17,8,8,6,198,126,41,31,511,548,112,125,120,141,18,11,130,128,3,8,115,124,40,37,263,300,39,45,3,5,98,126,25,18,1,0,1,1,101,227,7,30,1,13,2,30
105,臺北市南港區,鴻福里,4228,18,6,5,4,208,139,31,23,524,586,110,141,125,149,15,11,139,122,10,5,111,131,45,51,276,351,61,47,4,12,139,130,25,27,1,1,0,1,131,238,10,25,1,4,0,35
105,臺北市南港區,百福里,4944,15,3,9,3,170,120,41,38,492,616,155,154,181,191,28,24,152,130,8,3,180,141,72,55,348,387,122,64,2,8,176,195,40,30,5,6,1,1,163,318,10,38,0,12,3,34
105,臺北市南港區,聯成里,4707,15,3,8,3,206,104,44,27,568,632,155,164,138,161,30,29,157,112,9,6,143,163,54,53,279,351,99,59,4,8,155,155,23,30,2,2,0,1,159,286,13,32,3,18,5,39
105,臺北市南港區,舊莊里,8384,31,14,19,9,244,158,59,46,749,915,274,265,244,273,62,55,166,192,12,6,242,226,118,115,689,682,238,154,8,31,429,365,95,60,1,1,1,0,356,564,32,61,11,17,15,80
105,臺北市南港區,中研里,8447,207,80,24,14,423,301,80,68,1031,1203,270,255,252,280,63,40,235,231,10,13,203,229,113,93,494,552,114,85,12,23,251,264,41,40,5,6,0,1,224,472,17,46,4,19,8,51
105,臺北市南港區,九如里,5804,50,20,20,8,207,137,39,35,632,700,198,170,178,195,39,27,192,150,8,13,189,189,66,50,376,419,136,84,5,13,243,234,55,43,3,4,1,0,202,334,26,38,4,11,8,53
105,臺北市南港區,仁福里,5132,20,4,9,8,236,150,43,34,640,624,188,167,172,218,25,21,165,165,8,7,200,168,78,84,290,426,108,66,4,10,137,146,40,27,3,2,0,1,113,249,10,23,4,6,2,31
105,臺北市南港區,重陽里,4646,39,20,15,6,377,258,40,47,660,787,147,153,119,164,29,29,104,163,7,11,109,133,70,81,195,266,70,41,1,9,92,105,21,20,1,1,2,0,67,139,12,19,3,5,2,7
105,臺北市內湖區,西湖里,6755,31,15,17,5,329,207,73,49,867,960,241,207,182,228,42,35,210,250,14,11,202,195,82,66,399,514,107,57,10,22,171,231,30,36,9,11,2,1,189,353,17,31,2,11,1,33
105,臺北市內湖區,西康里,8586,58,24,28,9,520,387,79,63,1189,1351,337,301,214,290,41,35,290,314,19,14,218,273,111,118,412,538,114,81,14,22,201,232,43,61,5,5,0,0,123,338,21,42,1,12,7,31
105,臺北市內湖區,西安里,6090,30,14,14,6,351,224,75,60,908,987,195,212,161,200,24,9,237,233,11,12,172,210,78,77,268,452,77,48,8,7,110,160,28,22,2,2,1,0,102,249,5,16,2,5,4,22
105,臺北市內湖區,港墘里,5477,23,8,16,2,287,192,62,45,754,889,188,180,146,198,15,20,176,222,10,9,147,175,85,95,258,364,85,43,4,12,129,135,29,27,5,7,1,0,115,242,13,21,0,2,3,38
105,臺北市內湖區,港都里,4955,22,10,6,6,286,184,44,31,664,783,198,167,124,179,20,20,171,184,12,8,139,155,75,74,219,342,73,54,2,11,101,142,26,16,3,2,0,0,108,228,12,24,0,6,4,20
105,臺北市內湖區,港富里,8612,33,13,24,10,411,270,91,81,1102,1245,322,300,203,326,50,32,291,299,8,12,264,292,114,126,484,592,142,84,7,22,223,299,51,58,10,3,1,0,168,419,26,42,2,12,3,45
105,臺北市內湖區,港華里,8024,40,16,18,11,436,283,82,58,1124,1325,284,242,209,310,26,38,250,263,18,12,209,237,118,121,436,570,108,68,12,19,184,218,29,36,6,5,1,1,171,323,16,34,2,3,4,48
105,臺北市內湖區,內湖里,5430,29,9,8,3,317,212,68,45,703,811,194,194,112,190,15,17,173,226,14,14,149,209,68,82,282,384,68,61,8,11,121,172,22,24,1,5,1,0,95,241,14,23,4,12,3,16
105,臺北市內湖區,湖濱里,7454,72,22,21,14,461,311,72,63,1095,1249,273,278,187,282,29,20,268,348,10,4,177,212,116,106,310,459,72,49,7,12,136,195,40,37,2,8,0,0,91,256,17,38,2,4,4,25
105,臺北市內湖區,紫星里,7310,29,8,14,6,348,217,64,59,987,1091,266,230,203,244,27,24,257,239,14,6,222,233,91,89,407,569,111,68,6,19,209,256,40,35,4,11,3,2,146,342,21,43,3,8,6,33
105,臺北市內湖區,大湖里,5039,29,13,16,8,318,225,58,39,762,926,197,195,118,163,18,17,180,223,5,6,158,162,62,70,175,300,62,34,10,8,62,118,24,19,3,4,0,0,69,133,12,19,1,3,5,10
105,臺北市內湖區,金龍里,4936,15,7,6,3,203,135,41,38,643,656,174,144,143,147,22,23,188,167,9,11,166,190,59,47,327,385,90,41,8,10,153,183,22,21,1,7,1,2,135,254,8,19,1,5,5,21
105,臺北市內湖區,金瑞里,6083,21,11,12,8,267,204,52,41,783,922,201,163,174,218,28,31,230,205,6,5,199,200,85,94,318,445,106,56,7,16,157,238,33,27,0,3,0,0,148,281,14,38,2,7,4,23
105,臺北市內湖區,碧山里,6344,30,8,9,6,263,196,67,40,814,898,235,211,166,203,33,21,204,222,9,13,177,191,90,90,373,492,115,64,8,13,229,244,44,38,2,5,3,2,145,280,15,36,2,5,3,30
105,臺北市內湖區,紫雲里,5362,23,10,11,7,241,160,41,37,649,708,192,183,146,221,16,23,181,175,6,5,192,176,107,86,345,374,89,56,10,13,154,167,23,32,6,11,1,0,107,275,11,30,2,15,4,41
105,臺北市內湖區,清白里,7601,43,23,19,8,523,368,85,66,1139,1364,288,261,164,306,25,17,245,297,4,15,174,250,123,150,281,481,84,48,12,11,96,167,32,42,5,9,1,1,94,208,11,33,1,6,2,19
105,臺北市內湖區,葫洲里,6344,32,6,15,8,403,278,62,59,888,1043,287,257,156,247,18,17,192,265,9,10,144,185,134,129,276,405,74,63,11,24,94,157,41,30,3,3,1,0,82,180,15,19,3,5,2,12
105,臺北市內湖區,紫陽里,7432,45,16,22,9,404,284,77,59,1095,1244,315,231,190,254,29,26,276,256,7,21,171,235,112,106,354,484,94,55,14,13,172,203,30,36,6,9,1,0,126,272,14,26,2,10,5,22
105,臺北市內湖區,瑞陽里,7197,37,17,17,7,403,251,74,60,978,1097,274,237,175,238,27,22,284,278,15,16,222,246,103,114,336,443,97,72,10,14,157,210,36,36,4,8,1,1,123,366,17,39,0,5,3,27
105,臺北市內湖區,瑞光里,4248,21,5,10,4,202,141,37,38,600,674,144,141,132,153,20,16,149,144,16,9,131,131,53,53,216,326,47,34,2,6,93,150,15,24,4,5,0,0,69,188,6,8,1,7,2,21
105,臺北市內湖區,五分里,9454,15,12,9,6,334,225,70,64,930,1223,349,326,297,444,55,49,244,281,16,17,296,292,160,148,650,757,230,147,29,49,352,350,65,61,7,9,2,0,265,476,30,54,3,10,10,36
105,臺北市內湖區,東湖里,7020,12,4,6,2,254,163,65,40,791,953,251,237,226,254,44,26,204,242,14,12,234,229,116,104,441,586,162,106,18,34,242,264,50,39,3,3,1,1,166,329,16,36,2,9,3,26
105,臺北市內湖區,樂康里,7806,10,6,14,12,299,174,73,45,912,1112,277,259,240,325,44,28,222,231,24,14,235,261,98,109,502,653,159,88,17,25,261,293,48,37,4,4,1,1,207,365,23,32,3,14,2,43
105,臺北市內湖區,內溝里,4396,14,6,6,5,187,126,37,31,524,608,170,133,128,161,23,19,135,150,10,5,154,132,48,62,264,308,66,66,11,21,176,144,33,17,3,2,0,0,139,193,20,20,1,14,2,22
105,臺北市內湖區,週美里,7116,28,13,10,5,371,259,50,48,870,1034,220,178,206,228,41,30,206,199,8,8,187,207,92,81,458,538,120,67,6,11,211,270,40,25,14,1,2,1,232,411,21,42,5,14,4,44
105,臺北市內湖區,行善里,6175,14,7,6,6,245,148,42,32,675,726,159,175,198,213,29,23,188,163,17,10,236,210,94,87,467,462,131,85,6,15,238,240,32,29,6,4,2,2,230,383,24,42,6,11,8,49
105,臺北市內湖區,石潭里,3460,20,11,7,3,185,143,43,32,416,562,120,104,88,126,11,12,103,102,3,2,107,115,29,37,211,232,54,32,7,5,101,96,18,19,1,6,1,0,80,162,6,17,1,7,2,21
105,臺北市內湖區,湖興里,7850,29,13,19,10,350,247,74,43,956,1093,253,226,211,225,45,24,255,257,21,7,307,283,101,89,506,588,149,98,9,16,301,238,62,41,6,4,1,1,214,325,39,56,7,4,3,44
105,臺北市內湖區,湖元里,5019,16,5,14,4,277,160,61,36,690,785,184,151,154,161,13,12,193,180,11,6,142,168,60,68,290,366,72,56,5,11,99,155,29,23,2,8,1,0,100,186,13,23,1,6,1,21
105,臺北市內湖區,安湖里,6987,23,6,10,2,343,188,76,39,865,1032,300,270,209,301,28,35,224,229,11,9,193,204,122,129,396,555,126,79,16,35,164,212,33,41,1,7,1,0,130,264,9,26,5,16,2,21
105,臺北市內湖區,秀湖里,5794,48,14,15,6,367,254,70,47,884,917,215,218,157,205,18,12,219,237,10,13,144,206,106,93,213,383,64,40,9,11,117,122,19,27,2,7,3,1,73,178,14,16,0,3,1,16
105,臺北市內湖區,安泰里,4993,14,6,8,3,158,130,40,31,558,662,149,166,178,181,31,25,144,153,12,9,199,183,67,67,355,389,86,63,23,25,177,189,41,26,5,3,0,1,122,235,11,33,5,6,7,17
105,臺北市內湖區,金湖里,8403,74,23,29,13,648,456,88,49,1251,1622,403,310,171,339,24,20,272,365,11,10,142,251,193,206,209,427,72,44,7,17,100,168,38,40,5,5,0,0,59,173,10,26,1,9,2,21
105,臺北市內湖區,康寧里,7918,41,23,14,8,433,264,94,56,1029,1215,319,269,190,346,36,27,285,320,22,8,215,283,161,153,377,535,104,89,14,21,192,223,58,40,3,10,1,0,117,242,16,29,4,8,1,23
105,臺北市內湖區,明湖里,4789,8,5,8,8,191,136,45,43,616,706,181,171,137,230,18,19,163,167,9,9,123,154,92,81,256,363,73,48,10,21,147,139,37,30,1,4,0,2,85,196,10,22,2,5,1,17
105,臺北市內湖區,蘆洲里,1192,2,0,3,0,20,8,7,2,92,106,46,35,37,33,13,4,18,14,0,0,38,41,19,16,119,105,38,21,1,4,84,54,16,4,1,3,1,0,69,88,11,12,2,3,1,1
105,臺北市內湖區,麗山里,5346,35,11,13,7,282,210,51,38,691,803,187,172,131,186,20,23,168,184,13,9,159,174,80,71,274,387,98,49,7,12,144,179,31,33,4,7,0,0,119,221,13,19,0,8,3,20
105,臺北市內湖區,寶湖里,7469,118,38,78,23,556,434,90,74,1243,1347,249,191,154,269,21,18,238,306,9,14,166,209,120,141,223,393,67,47,9,10,88,143,32,22,1,5,1,1,78,192,10,17,2,4,2,16
105,臺北市內湖區,南湖里,4922,36,17,16,6,358,256,47,46,674,851,209,229,124,221,17,13,165,222,5,8,108,135,114,132,169,277,57,28,8,11,70,83,18,25,2,6,1,0,31,94,3,16,0,4,0,10
105,臺北市士林區,仁勇里,3620,18,3,7,2,111,104,30,24,390,421,150,107,109,122,14,21,120,98,10,4,139,136,69,65,242,276,41,49,7,7,111,145,33,15,3,1,0,1,120,237,11,26,1,7,2,11
105,臺北市士林區,義信里,2905,18,8,3,2,128,84,21,22,323,359,98,92,76,119,17,11,102,70,7,3,95,96,52,48,178,233,39,25,4,8,93,105,19,21,2,0,0,0,89,188,9,13,2,2,4,17
105,臺北市士林區,福林里,2767,18,12,8,4,134,94,24,22,337,395,93,83,64,108,18,8,86,72,9,1,99,87,47,38,157,186,36,22,0,5,66,85,14,17,3,3,0,1,73,184,10,16,2,2,4,20
105,臺北市士林區,福德里,5492,30,14,11,8,252,166,36,38,648,623,179,148,127,171,24,14,167,165,16,6,240,201,115,66,337,348,106,48,15,12,260,180,82,37,6,1,2,2,223,242,44,41,7,5,5,24
105,臺北市士林區,福志里,6993,64,36,17,7,438,312,65,66,1031,1161,245,223,189,239,26,17,217,226,6,6,212,279,88,79,297,430,59,53,9,10,141,188,25,37,3,6,1,2,96,301,15,29,1,11,3,27
105,臺北市士林區,舊佳里,5708,49,23,18,2,274,220,37,47,738,809,165,197,159,177,24,18,137,174,5,5,187,193,95,78,309,417,80,55,11,9,160,175,29,31,5,5,1,0,167,326,10,31,0,9,9,38
105,臺北市士林區,福佳里,7092,43,12,20,9,375,271,70,54,876,1030,264,217,226,247,32,29,188,203,11,10,222,218,111,97,370,487,105,73,9,12,167,258,43,40,8,2,0,0,191,397,18,31,3,4,4,35
105,臺北市士林區,後港里,7519,33,8,18,7,317,196,64,51,869,970,221,203,257,270,46,23,207,189,14,9,264,258,112,95,492,578,127,86,13,7,269,298,44,34,1,2,2,0,294,430,19,51,1,10,7,53
105,臺北市士林區,福中里,6184,17,10,8,3,239,163,39,35,677,796,208,156,200,273,38,30,144,165,10,12,234,171,92,77,399,509,103,75,13,15,243,230,25,34,2,2,0,0,218,380,26,48,4,18,6,37
105,臺北市士林區,前港里,4153,17,7,8,2,160,113,35,26,444,564,152,107,118,151,19,25,111,106,3,4,152,136,52,48,248,339,79,57,13,11,153,157,30,22,1,1,1,0,155,260,12,20,0,4,3,27
105,臺北市士林區,百齡里,6449,22,5,11,3,236,178,65,38,747,822,196,173,220,241,39,24,178,159,15,9,219,208,76,74,424,491,113,75,8,10,276,263,40,33,3,3,3,1,214,422,16,45,1,12,5,33
105,臺北市士林區,承德里,5184,35,10,11,4,259,176,46,39,665,813,163,136,143,181,39,21,157,160,7,9,168,199,76,63,282,354,59,55,8,8,122,161,26,28,5,11,0,0,120,304,12,16,0,5,7,21
105,臺北市士林區,福華里,5889,8,3,12,1,139,117,44,26,547,591,177,164,194,201,40,33,150,124,14,5,235,223,83,71,465,489,127,96,10,9,277,318,47,32,2,8,2,0,211,441,25,56,3,17,4,48
105,臺北市士林區,明勝里,4590,30,9,6,6,207,143,47,38,574,603,145,121,159,175,29,15,155,135,5,5,170,159,56,60,291,361,76,45,4,11,94,158,25,24,3,7,0,0,100,271,12,24,4,5,4,19
105,臺北市士林區,福順里,4829,14,8,10,3,154,95,29,27,443,511,154,133,141,171,44,24,144,104,9,7,199,145,73,67,311,366,97,72,7,9,226,200,43,31,8,4,1,1,245,407,18,26,0,14,4,30
105,臺北市士林區,富光里,5414,3,4,5,4,117,94,39,26,437,507,159,184,156,194,35,33,150,99,13,6,223,152,83,69,410,420,126,66,14,21,297,255,47,44,3,2,0,1,267,477,20,52,10,17,6,67
105,臺北市士林區,葫蘆里,6960,20,8,13,4,193,145,45,43,685,821,215,201,221,282,35,35,215,148,21,5,254,233,104,93,509,532,136,105,17,16,281,286,33,40,6,5,1,1,274,547,18,56,1,9,7,41
105,臺北市士林區,葫東里,3773,3,7,3,0,116,77,22,28,391,436,107,126,119,140,25,20,99,86,7,3,133,133,53,42,287,305,66,47,2,11,170,150,17,25,5,3,0,0,172,276,5,20,3,4,2,27
105,臺北市士林區,社子里,5913,13,8,5,3,157,106,36,39,546,588,177,170,175,197,31,31,157,120,12,7,241,200,105,82,397,459,116,89,3,10,306,266,53,52,6,4,2,1,317,501,21,42,1,12,5,44
105,臺北市士林區,社新里,8328,14,3,7,4,246,116,51,42,732,873,238,227,261,291,50,32,220,159,22,8,317,250,120,119,622,684,182,125,14,18,444,376,76,56,10,6,1,2,441,701,28,58,3,20,3,56
105,臺北市士林區,社園里,6676,9,5,6,3,190,109,40,32,598,686,225,195,181,246,48,38,171,114,4,8,236,195,101,66,497,528,156,83,12,21,360,299,75,41,6,4,1,0,342,586,30,60,5,12,5,47
105,臺北市士林區,永倫里,6707,17,3,8,4,185,143,52,30,694,698,177,192,218,247,45,32,168,136,11,11,268,208,103,71,479,506,121,78,10,13,319,292,55,29,4,4,2,1,365,589,14,43,3,8,4,47
105,臺北市士林區,福安里,4508,2,2,5,1,67,34,17,20,296,333,137,129,104,141,41,25,82,57,6,4,158,129,83,54,291,298,140,91,12,19,372,221,87,43,0,0,1,0,444,403,38,58,0,6,11,46
105,臺北市士林區,富洲里,5423,9,5,2,3,101,58,31,23,404,480,154,144,139,169,42,31,134,84,14,5,181,131,89,56,394,388,149,91,19,19,418,244,69,35,4,5,3,2,438,442,62,64,0,14,7,67
105,臺北市士林區,岩山里,3158,26,9,6,1,199,124,32,12,412,470,95,94,80,113,18,6,103,105,5,3,117,129,41,46,149,221,40,26,7,5,92,97,17,20,3,3,0,0,56,134,8,17,0,3,2,12
105,臺北市士林區,名山里,6609,54,24,10,14,353,255,71,51,934,1058,220,235,137,241,31,24,227,248,11,7,203,237,102,108,307,430,69,60,10,13,138,182,34,44,4,4,0,1,92,296,12,16,1,10,1,30
105,臺北市士林區,德行里,3987,24,10,14,9,182,145,31,33,493,599,126,123,114,149,9,14,143,122,7,4,125,159,54,48,209,314,53,35,8,4,93,148,18,21,2,1,0,1,91,203,5,24,3,5,0,12
105,臺北市士林區,德華里,5147,24,13,11,5,253,171,40,45,662,756,175,158,139,179,28,18,153,158,9,4,172,186,52,65,262,361,76,55,18,9,125,187,37,26,2,0,2,2,129,307,11,23,0,15,2,22
105,臺北市士林區,聖山里,4702,52,11,15,7,277,206,63,38,656,738,154,186,111,136,18,15,153,159,11,2,145,169,72,64,208,336,54,41,1,4,94,143,17,31,1,3,0,0,70,189,9,17,3,5,3,15
105,臺北市士林區,忠誠里,5177,45,22,17,7,313,230,71,41,813,810,176,151,156,183,16,16,176,197,12,6,138,214,78,78,194,319,54,37,8,4,89,137,27,25,2,4,0,1,69,188,8,21,1,6,2,15
105,臺北市士林區,芝山里,6929,65,14,14,11,365,280,73,61,1044,1119,259,263,170,203,35,19,220,259,8,12,219,238,103,118,316,468,84,56,11,12,129,184,30,30,4,8,1,0,105,251,16,27,2,7,1,15
105,臺北市士林區,東山里,4758,29,13,12,5,240,156,63,36,589,663,200,172,123,164,16,16,156,142,6,6,180,188,86,71,245,313,61,44,8,6,143,139,16,27,2,1,1,0,104,248,14,29,3,9,2,11
105,臺北市士林區,三玉里,5368,38,12,17,11,305,227,57,52,782,870,199,179,133,203,24,16,179,178,8,7,175,202,74,79,225,387,36,38,6,4,105,166,14,24,1,5,1,0,78,207,2,17,0,1,4,20
105,臺北市士林區,蘭雅里,7965,50,26,21,10,436,309,95,63,1161,1314,280,244,174,243,27,32,244,278,19,11,246,319,131,109,345,564,72,58,6,17,148,219,37,51,3,10,1,2,147,327,20,36,2,11,7,40
105,臺北市士林區,蘭興里,5967,45,21,21,7,351,251,70,54,888,915,208,229,143,212,20,17,196,249,9,6,171,223,91,92,274,413,52,40,12,4,91,159,23,27,2,5,0,1,80,238,8,19,0,6,5,19
105,臺北市士林區,天福里,5656,33,13,23,11,300,234,54,52,761,934,234,202,152,216,17,16,188,209,10,6,168,210,114,103,242,387,63,42,10,5,87,148,23,32,5,3,0,0,66,218,15,26,1,7,1,15
105,臺北市士林區,天祿里,4728,35,12,13,7,288,202,44,49,679,803,163,148,120,154,28,13,153,189,5,7,135,188,66,69,205,334,34,33,7,7,70,132,16,12,0,3,0,0,64,191,6,17,1,8,4,14
105,臺北市士林區,天壽里,4581,39,20,18,6,289,212,57,34,721,784,144,181,91,165,14,16,174,192,3,3,112,175,88,84,162,278,31,25,6,6,52,107,20,23,0,5,0,2,45,150,12,20,1,3,0,11
105,臺北市士林區,天和里,6885,62,23,20,12,433,305,75,63,1083,1183,274,247,172,260,17,19,218,256,13,11,194,247,134,129,223,415,40,47,9,9,115,169,30,26,3,5,1,0,68,210,15,27,1,2,4,16
105,臺北市士林區,天山里,6386,72,18,22,10,376,290,74,86,994,1126,240,239,127,241,27,11,233,243,11,11,167,239,130,113,228,363,47,39,4,9,76,171,35,29,1,5,1,0,59,171,14,13,2,6,0,13
105,臺北市士林區,天玉里,7926,87,30,31,10,462,384,67,66,1206,1469,301,277,152,256,32,24,268,326,10,10,212,346,139,157,257,443,60,42,8,9,105,200,32,38,1,1,1,0,71,261,32,29,2,3,0,9
105,臺北市士林區,天母里,6093,53,20,17,7,386,308,58,48,947,1048,234,201,127,185,21,18,179,250,10,10,169,230,101,92,231,362,56,32,6,9,99,159,28,38,1,8,2,0,76,193,13,26,2,4,1,28
105,臺北市士林區,永福里,1179,12,8,1,0,67,36,4,6,107,126,36,37,23,29,6,3,29,23,2,2,47,62,25,20,63,77,16,12,2,3,51,48,9,5,0,1,1,0,71,86,3,8,1,4,1,6
105,臺北市士林區,公館里,1314,7,2,0,2,23,21,6,2,91,124,44,38,47,41,7,7,32,27,3,1,73,58,20,13,101,79,32,14,1,5,86,64,9,8,1,0,0,0,84,97,8,12,2,4,6,12
105,臺北市士林區,新安里,1844,8,10,4,4,78,48,9,12,216,188,51,67,56,57,11,4,59,47,2,3,50,74,23,24,136,104,28,22,2,5,63,65,13,18,0,2,0,0,102,128,16,16,0,1,2,16
105,臺北市士林區,陽明里,2869,30,10,9,2,126,98,21,29,347,397,84,81,76,77,10,8,84,77,3,2,116,119,36,26,161,162,38,20,2,4,95,114,15,14,1,3,0,0,97,210,10,19,3,7,6,20
105,臺北市士林區,菁山里,1519,4,2,1,0,22,18,11,3,127,132,52,44,48,44,13,8,36,22,3,0,77,54,23,18,111,98,35,21,2,2,101,56,16,7,0,1,0,0,115,138,14,12,0,4,7,17
105,臺北市士林區,平等里,1414,0,0,1,0,29,14,8,5,76,115,44,56,27,49,11,4,27,24,2,1,54,41,14,9,110,111,36,25,1,2,113,64,4,4,0,0,2,1,154,134,3,16,2,9,5,7
105,臺北市士林區,溪山里,1360,2,1,0,0,14,11,8,3,97,100,24,30,39,37,6,6,22,25,4,2,66,49,16,25,126,108,29,20,3,3,91,62,21,8,1,2,1,0,117,131,10,17,0,6,3,14
105,臺北市士林區,翠山里,2524,31,18,8,4,166,107,29,30,448,424,86,75,63,69,6,6,82,104,2,3,79,104,26,18,88,147,18,12,5,5,25,90,15,17,1,2,0,1,12,82,3,4,1,1,2,5
105,臺北市士林區,臨溪里,2754,26,12,3,3,150,88,24,23,391,433,76,80,64,71,13,7,75,75,1,8,99,105,47,44,156,176,31,15,4,3,72,87,23,21,4,3,2,0,62,122,8,12,1,12,3,19
105,臺北市北投區,建民里,3918,18,7,7,2,184,141,27,23,514,544,145,126,97,120,18,16,124,131,11,9,106,118,63,56,216,289,59,42,5,7,123,138,28,15,2,3,1,0,113,214,12,19,0,8,1,16
105,臺北市北投區,文林里,3856,26,3,12,5,173,140,33,29,530,543,116,117,77,131,19,11,118,108,12,8,146,141,65,48,217,262,45,39,8,5,115,134,24,19,3,2,2,0,89,234,5,30,1,1,2,8
105,臺北市北投區,石牌里,4886,22,9,9,9,241,158,43,44,587,689,157,148,145,152,22,18,162,157,14,2,133,150,84,71,263,348,65,55,6,12,148,185,26,32,2,2,1,0,130,303,13,29,2,4,6,28
105,臺北市北投區,福興里,6271,37,14,15,9,312,218,50,43,683,861,196,195,193,256,39,19,196,199,18,9,162,200,116,105,391,483,84,73,13,12,180,228,47,45,4,4,0,0,152,327,14,31,1,6,5,26
105,臺北市北投區,榮光里,6524,29,13,15,2,290,178,55,40,736,843,209,206,220,270,35,32,225,204,12,12,203,220,117,116,351,490,97,60,9,14,199,264,36,55,3,4,2,1,178,388,17,30,2,10,3,29
105,臺北市北投區,榮華里,6810,63,34,36,11,418,318,74,57,1059,1109,244,256,146,224,23,25,191,245,15,7,191,259,111,111,235,383,67,57,14,10,129,169,37,35,2,7,2,1,99,259,12,30,2,6,6,21
105,臺北市北投區,裕民里,7026,52,19,23,8,383,239,64,50,951,1127,226,227,186,225,31,25,214,247,16,16,183,222,115,109,374,474,90,50,20,18,162,221,28,44,3,6,1,1,145,341,23,27,2,8,4,26
105,臺北市北投區,振華里,6979,52,17,22,6,382,241,67,56,875,1036,227,233,197,226,32,29,262,246,11,12,212,236,105,94,363,513,78,70,7,10,154,209,43,44,3,5,0,1,140,370,20,31,4,11,1,26
105,臺北市北投區,永和里,8340,84,37,19,4,431,335,85,75,1159,1330,338,278,172,259,27,28,271,325,15,13,246,312,140,142,357,549,97,87,12,17,194,212,45,37,0,9,1,1,170,317,20,43,1,7,6,33
105,臺北市北投區,永欣里,7066,172,47,71,47,456,352,77,84,1176,1312,239,256,118,188,20,12,200,267,9,8,142,244,107,113,205,386,42,42,4,5,89,143,22,31,6,7,0,1,60,230,20,26,1,9,2,18
105,臺北市北投區,永明里,4285,40,18,15,3,215,174,43,30,508,697,167,148,108,146,17,17,154,146,8,3,118,143,70,74,218,275,50,36,7,12,99,124,23,17,2,2,0,1,82,207,12,26,1,6,2,21
105,臺北市北投區,東華里,3988,54,17,10,3,194,140,34,36,457,563,136,118,102,142,20,9,133,131,9,7,132,129,69,57,212,287,46,38,8,11,103,142,23,19,1,4,1,1,102,226,7,20,2,4,4,25
105,臺北市北投區,吉利里,6117,29,13,23,10,302,205,70,48,753,883,191,185,174,218,25,27,219,211,12,8,168,185,114,108,321,465,91,49,13,13,145,212,43,37,3,4,0,2,123,317,18,35,0,8,5,32
105,臺北市北投區,吉慶里,4641,22,12,13,7,239,140,45,44,544,698,158,155,134,181,13,27,167,144,10,7,136,146,79,77,257,317,76,55,13,10,102,156,26,26,1,4,0,0,93,253,11,22,1,4,2,14
105,臺北市北投區,尊賢里,4211,17,4,8,4,184,120,37,36,510,569,114,110,120,190,24,11,122,111,8,5,160,143,75,71,250,307,55,55,10,8,139,178,19,32,5,2,1,0,101,239,8,22,2,6,0,19
105,臺北市北投區,立賢里,4862,29,6,11,2,194,155,53,35,571,691,145,136,127,191,17,17,181,145,8,13,144,145,88,58,294,408,82,62,12,15,127,173,31,41,3,4,2,0,119,253,14,26,2,6,3,23
105,臺北市北投區,立農里,8101,42,19,16,9,356,230,84,78,937,1111,243,237,216,314,45,27,268,249,24,9,243,253,151,149,475,581,135,88,14,26,252,275,54,52,3,1,1,1,223,491,24,40,5,12,3,35
105,臺北市北投區,八仙里,5089,23,11,9,10,215,128,37,34,583,708,169,163,123,174,34,21,146,153,13,6,163,181,84,62,275,366,89,54,14,15,190,174,49,31,4,1,0,1,191,286,25,23,1,10,5,35
105,臺北市北投區,洲美里,1876,6,2,3,2,30,21,6,9,162,168,46,59,53,68,12,8,44,34,3,1,75,58,33,27,138,159,43,23,2,9,115,73,29,14,1,0,0,0,128,164,15,14,1,2,3,13
105,臺北市北投區,奇岩里,9065,45,21,19,5,405,269,85,57,1132,1264,349,279,252,327,57,35,318,260,18,18,298,280,137,137,516,649,151,106,17,14,257,303,73,63,2,5,1,0,219,483,30,39,5,4,8,53
105,臺北市北投區,清江里,8865,21,10,14,4,249,156,55,41,875,937,272,230,212,284,63,46,260,215,29,8,348,249,159,102,646,700,196,137,28,34,500,388,95,62,5,3,1,1,369,616,69,78,3,13,19,63
105,臺北市北投區,中央里,7900,35,20,13,6,326,219,70,51,875,979,254,264,217,282,47,36,227,194,15,7,223,224,122,115,498,656,146,87,24,25,316,301,63,69,5,7,1,1,247,477,25,57,0,19,7,48
105,臺北市北投區,長安里,5634,25,10,10,5,190,162,45,38,588,741,203,182,179,200,43,20,176,205,9,11,161,211,100,98,337,464,107,77,10,16,194,195,45,43,0,3,1,2,121,305,21,35,1,9,4,32
105,臺北市北投區,大同里,5450,32,11,7,5,253,160,35,36,621,676,183,171,150,199,38,23,151,131,8,6,151,140,102,79,354,416,106,65,11,26,210,205,48,29,6,2,1,0,175,326,13,36,2,12,6,33
105,臺北市北投區,溫泉里,6176,32,13,12,7,260,182,50,56,710,841,216,219,177,205,37,29,201,170,15,7,199,204,87,79,374,503,95,55,12,11,187,232,44,27,0,6,2,0,154,364,17,35,1,12,3,34
105,臺北市北投區,林泉里,2896,11,6,9,3,129,86,39,30,312,357,91,75,83,107,19,20,101,87,3,9,110,125,47,35,179,217,36,28,7,9,93,119,34,26,4,2,0,0,64,138,13,22,0,2,1,8
105,臺北市北投區,中心里,6001,49,16,12,10,270,196,49,39,741,914,212,193,155,201,43,27,186,189,14,6,186,249,91,82,362,448,89,62,9,13,143,217,32,34,1,0,2,0,91,287,16,30,2,8,6,19
105,臺北市北投區,中庸里,3988,13,3,7,4,131,73,32,30,441,475,130,109,103,152,26,21,112,86,11,4,127,131,60,54,277,323,58,48,11,11,163,157,40,24,0,2,0,2,161,293,18,22,2,2,3,36
105,臺北市北投區,開明里,6125,38,14,4,5,291,170,61,40,728,819,216,193,161,194,34,31,235,153,15,15,198,217,100,84,333,454,100,78,14,21,192,225,38,51,2,7,2,0,132,366,16,31,1,7,7,32
105,臺北市北投區,中和里,4588,33,10,6,4,221,131,33,42,563,634,140,145,116,151,16,21,136,123,7,9,148,166,81,49,267,342,62,41,10,9,170,166,33,39,1,2,0,0,114,250,26,30,3,4,3,31
105,臺北市北投區,智仁里,5665,26,11,11,9,200,138,46,36,604,730,197,170,171,211,48,29,172,155,12,9,181,193,87,88,357,422,87,67,14,19,180,242,54,35,4,4,1,2,158,355,23,45,6,9,7,40
105,臺北市北投區,秀山里,3061,3,4,7,6,106,60,22,11,314,352,77,75,85,93,17,21,78,72,10,4,89,89,45,40,199,211,60,52,9,15,154,154,45,26,0,1,1,0,126,224,23,28,6,6,10,31
105,臺北市北投區,文化里,3776,30,11,14,9,217,145,50,37,514,540,131,112,122,157,17,18,115,103,6,3,105,110,83,68,178,257,44,35,7,10,83,121,15,24,0,0,0,0,56,166,12,23,2,5,1,20
105,臺北市北投區,豐年里,4050,10,5,4,3,116,69,25,10,417,451,133,115,124,155,32,15,124,94,6,8,129,142,49,50,290,328,74,50,12,10,204,179,27,26,2,2,1,0,147,291,20,43,1,7,5,45
105,臺北市北投區,稻香里,5020,21,6,7,2,223,121,35,24,550,577,157,156,130,158,39,22,145,126,13,5,174,168,74,59,334,349,89,76,18,20,197,209,52,36,2,6,1,1,168,324,47,35,6,13,5,40
105,臺北市北投區,桃源里,5581,22,12,9,6,194,143,39,32,603,675,162,176,171,176,41,23,162,125,12,4,165,141,80,80,411,436,99,77,14,15,283,219,42,38,5,1,0,0,198,367,21,44,5,12,5,36
105,臺北市北投區,一德里,6680,28,15,11,7,243,149,63,47,682,829,197,191,183,248,39,29,187,136,17,15,222,183,126,96,423,533,148,82,25,28,320,267,44,38,1,2,2,1,254,428,23,38,3,13,5,59
105,臺北市北投區,關渡里,10303,34,24,15,9,370,245,63,58,1138,1252,311,263,280,363,67,49,295,260,15,17,303,299,179,146,676,774,174,127,42,29,474,431,82,75,8,3,1,0,458,655,48,67,10,23,26,65
105,臺北市北投區,泉源里,2228,9,3,1,1,55,42,8,5,210,198,80,56,41,54,17,6,50,26,3,4,76,69,41,32,150,172,51,40,10,9,190,100,25,12,0,1,1,0,116,159,16,36,7,9,9,28
105,臺北市北投區,湖山里,1624,6,3,2,4,38,32,5,2,166,145,60,32,35,42,8,4,42,46,4,4,65,59,17,16,134,118,25,12,2,7,97,58,19,6,1,1,0,0,99,142,16,14,1,6,3,26
105,臺北市北投區,大屯里,1111,5,4,1,0,23,20,3,6,91,99,30,17,23,34,9,4,20,26,1,3,32,39,12,9,74,83,31,21,8,4,103,46,14,7,0,3,0,0,78,78,11,13,2,3,4,17
105,臺北市北投區,湖田里,928,1,0,1,0,18,11,4,1,74,69,31,20,23,25,6,2,22,14,3,3,34,22,11,15,95,71,20,15,5,3,72,32,12,4,0,0,0,0,66,90,5,8,4,1,2,13