site_id,village,household_no,people_total,people_total_m,people_total_f,people_age_065_m,people_age_065_f,people_age_066_m,people_age_066_f,people_age_067_m,people_age_067_f,people_age_068_m,people_age_068_f,people_age_069_m,people_age_069_f,people_age_070_m,people_age_070_f,people_age_071_m,people_age_071_f,people_age_072_m,people_age_072_f,people_age_073_m,people_age_073_f,people_age_074_m,people_age_074_f,people_age_075_m,people_age_075_f,people_age_076_m,people_age_076_f,people_age_077_m,people_age_077_f,people_age_078_m,people_age_078_f,people_age_079_m,people_age_079_f,people_age_080_m,people_age_080_f,people_age_081_m,people_age_081_f,people_age_082_m,people_age_082_f,people_age_083_m,people_age_083_f,people_age_084_m,people_age_084_f,people_age_085_m,people_age_085_f,people_age_086_m,people_age_086_f,people_age_087_m,people_age_087_f,people_age_088_m,people_age_088_f,people_age_089_m,people_age_089_f,people_age_090_m,people_age_090_f,people_age_091_m,people_age_091_f,people_age_092_m,people_age_092_f,people_age_093_m,people_age_093_f,people_age_094_m,people_age_094_f,people_age_095_m,people_age_095_f,people_age_096_m,people_age_096_f,people_age_097_m,people_age_097_f,people_age_098_m,people_age_098_f,people_age_099_m,people_age_099_f,people_age_100up_m,people_age_100up_f,old_population
區域別,村里,戶數,人口數,人口數-男,人口數-女,65歲-男,65歲-女,66歲-男,66歲-女,67歲-男,67歲-女,68歲-男,68歲-女,69歲-男,69歲-女,70歲-男,70歲-女,71歲-男,71歲-女,72歲-男,72歲-女,73歲-男,73歲-女,74歲-男,74歲-女,75歲-男,75歲-女,76歲-男,76歲-女,77歲-男,77歲-女,78歲-男,78歲-女,79歲-男,79歲-女,80歲-男,80歲-女,81歲-男,81歲-女,82歲-男,82歲-女,83歲-男,83歲-女,84歲-男,84歲-女,85歲-男,85歲-女,86歲-男,86歲-女,87歲-男,87歲-女,88歲-男,88歲-女,89歲-男,89歲-女,90歲-男,90歲-女,91歲-男,91歲-女,92歲-男,92歲-女,93歲-男,93歲-女,94歲-男,94歲-女,95歲-男,95歲-女,96歲-男,96歲-女,97歲-男,97歲-女,98歲-男,98歲-女,99歲-男,99歲-女,100歲以上-男,100歲以上-女,old_population
松山區,莊敬里,2071,5598,2702,2896,37,46,32,48,35,38,22,38,35,38,18,33,17,31,25,28,25,29,17,19,17,19,20,15,18,17,10,14,13,12,9,16,11,12,8,15,8,11,14,11,9,13,15,6,13,4,11,9,8,3,6,7,4,4,1,2,4,4,2,0,1,0,1,1,1,2,0,0,1,0,0,0,1013
松山區,東榮里,2975,8332,3869,4463,71,71,49,64,52,72,46,55,47,38,27,40,28,41,36,50,44,26,30,40,34,28,24,37,14,19,22,30,16,29,13,21,10,25,15,17,13,24,15,12,13,12,10,18,11,7,4,17,4,10,6,12,4,9,4,3,4,1,4,7,5,2,0,3,2,4,1,0,1,0,0,0,1523
松山區,三民里,2922,7170,3294,3876,53,54,36,46,30,64,50,57,42,56,20,31,27,41,34,43,34,36,25,38,30,38,31,24,22,25,15,24,13,28,18,23,12,19,12,14,15,11,16,11,10,17,14,4,8,16,6,13,15,13,4,9,12,4,7,4,6,3,7,4,2,2,2,2,2,1,2,1,1,2,0,6,1417
松山區,新益里,1845,4820,2284,2536,30,43,23,37,29,36,23,38,25,27,18,25,18,18,20,21,22,21,19,19,12,22,22,19,19,20,6,15,14,10,2,8,5,14,12,8,7,7,6,12,5,9,5,6,8,10,4,9,3,6,7,6,4,2,3,4,1,3,1,4,0,1,1,0,0,2,0,0,0,1,1,0,858
松山區,富錦里,2133,5450,2513,2937,44,63,34,35,31,44,36,41,28,40,17,30,17,16,27,25,21,20,17,20,16,16,17,28,19,18,9,15,14,12,6,19,8,20,4,14,8,12,7,7,4,6,8,5,5,4,10,5,8,6,7,5,4,5,1,4,0,0,2,1,2,0,0,1,0,0,0,0,0,0,0,0,968
松山區,新東里,1996,5160,2436,2724,35,53,36,47,37,40,32,36,27,30,30,17,16,19,15,23,19,17,17,22,17,16,10,20,10,11,18,10,12,11,5,21,5,11,5,18,7,9,5,6,5,7,5,6,3,7,2,6,8,8,5,4,2,2,1,1,0,2,2,1,1,4,0,2,0,1,1,0,0,0,1,0,882
松山區,富泰里,2017,4834,2114,2720,34,46,28,33,24,34,22,38,22,28,22,25,20,25,13,33,14,17,22,18,12,16,14,22,11,12,12,19,13,17,10,15,13,19,12,7,13,9,6,10,5,5,7,7,9,8,9,7,3,5,1,6,7,2,2,4,1,4,3,3,3,1,1,0,0,0,0,0,0,0,0,1,884
松山區,介壽里,1750,4789,2284,2505,22,50,31,36,30,39,20,33,29,21,21,21,14,15,26,22,18,25,14,17,20,15,17,19,10,13,22,13,6,17,7,11,8,11,12,5,8,6,8,7,5,7,5,3,5,8,4,5,5,7,5,6,2,3,4,5,1,5,1,2,3,4,1,0,1,1,1,0,0,0,0,0,838
松山區,精忠里,1725,4603,2156,2447,33,27,32,34,28,39,31,32,25,26,17,22,13,24,18,20,20,19,17,16,12,13,8,19,12,12,8,10,5,14,8,12,5,10,10,8,5,8,7,14,6,12,9,10,6,13,9,8,3,6,5,2,3,6,2,4,3,0,1,4,2,3,1,3,0,1,2,0,0,1,1,0,819
松山區,東光里,3029,7420,3480,3940,55,59,44,69,42,48,45,53,34,40,37,36,23,23,24,30,20,36,33,34,42,31,22,31,17,32,16,20,14,30,24,32,17,16,19,25,16,11,23,22,15,14,12,13,22,13,21,14,10,14,6,11,8,8,5,14,5,5,1,3,1,4,1,0,0,1,1,1,0,2,3,0,1473
松山區,龍田里,4248,11149,5226,5923,60,80,58,67,55,59,47,70,40,57,33,52,23,30,36,43,31,45,34,29,28,39,28,32,21,28,16,31,17,26,16,31,11,22,14,14,20,17,21,13,32,11,20,22,15,16,25,22,15,17,15,12,9,10,12,10,10,8,4,6,7,5,3,2,2,6,1,0,3,0,1,0,1715
松山區,東昌里,1036,2942,1379,1563,15,19,12,16,16,19,20,25,18,14,15,18,12,7,12,10,7,9,7,10,13,14,16,4,10,12,7,18,8,8,4,8,2,8,4,2,6,6,10,5,6,4,1,6,2,4,2,3,4,4,2,3,0,3,0,1,1,3,2,0,1,0,0,0,0,1,0,1,0,1,0,0,501
松山區,東勢里,1816,4649,2165,2484,25,30,44,42,37,21,28,22,24,34,18,19,23,26,20,22,16,19,20,11,11,22,13,13,14,10,8,9,13,23,6,14,12,14,5,11,6,13,7,8,4,8,5,10,9,7,5,6,4,6,7,1,4,1,3,7,1,2,4,4,3,2,1,2,1,1,0,1,0,3,1,3,849
松山區,中華里,2516,6741,3176,3565,48,52,37,55,50,36,34,43,46,38,18,34,22,29,34,25,22,25,18,26,17,21,17,21,11,26,17,11,11,23,8,20,11,16,16,11,12,22,7,15,10,11,11,12,3,9,6,9,9,5,4,9,4,3,2,8,2,5,6,3,1,4,3,1,1,0,1,0,2,2,0,3,1154
松山區,民有里,3451,9018,4189,4829,85,92,55,86,61,94,65,66,60,54,43,49,36,42,41,45,35,42,28,31,41,34,31,36,26,32,28,34,25,22,26,15,12,25,14,25,8,16,14,20,13,17,6,12,11,22,11,15,9,11,4,13,4,6,5,2,3,5,3,2,3,7,0,1,0,2,0,2,0,1,0,0,1784
松山區,民福里,2660,6649,3145,3504,66,57,46,50,49,47,32,46,31,32,26,25,20,37,27,29,25,32,24,29,22,29,26,17,11,26,14,30,14,18,10,14,8,16,10,13,7,19,11,19,9,18,7,14,19,10,8,10,8,11,8,9,4,3,5,5,3,2,4,4,4,2,1,5,1,2,0,0,0,0,3,4,1247
松山區,慈祐里,4045,8173,4082,4091,54,46,54,38,41,44,33,44,34,43,34,35,27,27,30,23,28,28,23,14,19,30,32,24,17,29,20,23,15,21,13,21,12,16,10,15,8,9,14,12,10,12,8,7,4,14,8,7,6,10,7,6,8,8,8,4,4,4,10,4,8,3,2,4,5,2,6,3,1,1,17,7,1268
松山區,安平里,3537,8630,4116,4514,61,84,62,62,44,57,27,33,43,46,38,30,27,24,28,31,19,26,32,34,23,28,19,31,25,20,18,29,18,21,13,28,14,29,15,29,13,24,18,22,17,20,11,14,10,18,7,9,10,8,7,4,6,7,2,6,7,3,4,4,0,5,2,1,0,0,0,1,1,0,2,0,1431
松山區,鵬程里,2153,5772,2797,2975,38,50,33,22,31,39,23,36,19,23,11,26,16,24,20,23,16,21,10,16,18,12,13,18,10,16,10,18,5,17,4,6,9,15,8,7,4,11,9,10,11,7,7,14,10,8,10,11,9,13,10,3,12,4,5,4,5,7,3,1,2,0,1,2,0,0,0,1,1,0,0,1,879
松山區,自強里,3752,10190,4849,5341,64,98,45,89,58,65,55,51,51,73,29,43,31,39,19,54,18,39,22,51,16,45,14,42,15,39,10,32,12,34,17,30,16,26,23,22,31,24,37,20,46,22,41,19,38,19,20,25,21,16,27,13,18,16,13,17,5,9,6,8,6,5,5,2,3,4,2,1,3,0,4,2,1935
松山區,吉祥里,3421,8746,4090,4656,72,80,62,74,57,62,47,55,41,54,27,43,20,26,36,31,37,25,26,37,28,29,26,26,29,23,19,23,12,22,11,18,21,18,13,20,8,13,14,16,12,16,12,17,12,15,9,9,11,14,4,13,6,7,9,4,8,5,6,4,5,2,1,1,4,1,0,0,1,1,1,1,1512
松山區,新聚里,3336,8368,3897,4471,69,67,49,56,46,48,31,46,34,50,28,28,26,28,32,35,19,30,26,32,18,38,22,24,18,23,14,28,13,6,17,23,10,13,10,21,13,14,16,15,12,17,12,10,9,15,6,9,4,15,8,6,6,4,2,3,2,0,4,3,2,1,0,0,2,0,0,0,2,0,0,0,1290
松山區,復盛里,2572,6770,3205,3565,43,39,43,45,37,60,35,37,23,31,18,27,24,34,17,35,20,24,32,20,23,21,19,34,24,29,9,22,13,21,22,18,15,19,16,20,10,14,10,11,13,10,11,16,11,9,7,7,3,11,6,7,8,2,4,6,4,8,2,4,3,3,1,0,1,0,1,0,0,0,1,1,1174
松山區,中正里,3922,10787,5057,5730,49,56,47,66,52,56,35,40,44,42,26,36,29,25,24,30,35,23,26,39,29,23,18,24,22,23,17,22,19,23,13,17,12,23,19,17,12,17,9,13,10,6,7,11,6,10,9,15,7,8,6,8,4,4,2,4,4,3,4,6,0,1,2,0,1,0,0,0,0,2,0,3,1295
松山區,中崙里,1724,4574,2137,2437,25,19,21,21,17,19,9,25,16,19,16,14,12,9,6,16,9,15,11,11,14,14,17,10,5,14,8,18,9,10,8,11,13,9,3,10,8,7,5,9,7,10,8,4,0,3,5,3,3,7,1,1,2,4,2,3,2,2,1,0,0,0,0,1,2,0,1,0,0,1,0,0,585
松山區,美仁里,1344,3790,1806,1984,24,29,22,29,29,33,16,19,20,16,11,12,16,19,17,13,8,10,12,14,15,9,5,10,11,6,6,9,5,12,7,9,6,9,4,7,4,5,7,10,3,5,4,8,6,2,4,3,2,3,0,5,3,3,2,0,1,2,3,1,2,1,0,1,1,0,0,0,1,0,0,1,592
松山區,吉仁里,1567,4294,2039,2255,29,34,18,30,19,26,23,29,19,17,18,13,17,9,14,27,13,11,12,17,11,16,12,17,16,10,8,11,10,11,5,12,10,16,12,9,9,9,5,6,3,8,2,4,5,8,2,5,4,3,2,4,0,2,5,2,0,3,1,1,0,0,2,2,0,0,0,1,0,0,1,0,680
松山區,敦化里,2597,7496,3574,3922,49,68,44,56,24,43,32,34,24,28,21,19,22,21,27,27,23,22,25,25,17,29,20,30,17,25,15,24,10,18,13,23,12,25,8,16,10,15,10,22,9,11,13,17,9,5,10,10,7,5,4,5,5,2,2,3,5,4,4,3,3,1,3,1,1,3,1,2,0,0,0,3,1144
松山區,復源里,1255,3451,1647,1804,14,28,15,21,14,10,14,19,19,11,6,10,11,16,6,13,8,12,12,10,10,13,4,13,10,8,3,6,10,17,4,6,3,10,4,3,7,4,7,4,4,11,5,3,4,5,8,4,5,6,0,2,1,3,0,4,4,0,0,2,0,0,2,3,0,1,0,0,0,1,0,0,493
松山區,復建里,1829,4864,2324,2540,24,32,26,31,26,27,21,25,18,28,22,18,16,16,12,12,10,8,14,20,12,12,18,15,9,17,5,12,3,12,6,13,4,11,12,6,11,3,5,9,9,10,5,4,6,6,3,3,2,3,4,4,3,6,3,1,1,3,2,2,0,2,0,2,0,1,0,0,0,0,1,0,687
松山區,復勢里,2578,6648,3037,3611,38,43,27,41,30,46,38,36,17,33,16,15,21,31,19,30,33,34,14,30,20,31,17,28,19,24,22,36,17,23,11,16,12,11,15,13,13,7,11,11,8,11,10,12,5,9,9,13,7,10,5,7,1,3,1,6,4,2,3,3,1,2,0,0,0,0,2,0,0,0,0,2,1085
松山區,福成里,1004,2800,1289,1511,17,26,13,25,13,13,23,14,14,9,16,8,7,10,10,8,8,11,2,10,8,12,9,14,8,9,3,6,11,7,6,9,7,15,2,7,4,8,4,3,5,8,6,5,3,4,6,6,4,2,3,3,4,5,4,2,4,1,1,2,1,1,0,1,0,0,0,0,1,0,0,1,492
松山區,松基里,1455,3710,1728,1982,27,34,31,23,23,30,25,21,18,26,11,19,13,19,7,10,14,10,14,14,18,9,5,19,10,15,10,14,7,11,8,8,12,13,9,10,11,7,3,11,8,4,3,4,7,5,2,9,1,5,3,7,2,3,1,3,2,1,1,3,2,0,1,0,1,0,0,1,0,0,1,0,679
信義區,西村里,2961,6077,3121,2956,66,65,51,53,43,53,45,47,36,29,29,35,24,20,19,15,20,19,23,19,11,20,18,16,13,16,14,13,13,11,8,17,11,12,10,15,20,9,18,10,15,13,13,10,17,7,18,10,17,8,22,10,7,9,11,7,14,5,12,4,10,3,8,4,8,4,8,2,0,0,6,10,1278
信義區,正和里,1914,4899,2224,2675,25,46,30,43,27,34,36,41,16,31,19,26,21,22,20,18,12,26,24,24,12,19,11,19,12,18,9,8,11,15,8,11,7,15,8,9,7,10,15,14,8,10,12,7,12,1,6,11,7,6,5,2,6,5,4,3,2,1,3,1,1,0,1,1,2,1,1,0,0,2,1,2,903
信義區,興隆里,1263,3027,1390,1637,18,43,20,25,13,39,14,26,12,21,9,20,14,15,5,18,14,18,9,17,11,19,6,12,12,7,13,13,7,11,9,11,7,7,7,2,11,7,8,7,4,4,4,6,8,2,5,5,5,1,2,5,3,5,1,7,2,2,5,2,4,1,0,0,0,0,1,0,1,0,0,0,642
信義區,中興里,1762,3701,1650,2051,21,29,17,21,28,31,20,22,15,25,11,11,10,12,17,14,12,9,13,13,8,19,13,12,12,6,13,10,7,14,5,12,6,7,4,9,3,12,3,8,8,5,5,5,6,6,9,7,4,3,5,5,2,3,1,2,0,4,1,2,2,0,0,1,0,0,1,0,0,0,0,2,623
信義區,新仁里,1405,3609,1688,1921,26,33,25,27,23,30,19,23,18,20,14,18,11,15,10,18,14,20,8,13,13,14,4,10,12,15,7,13,7,10,8,12,9,8,0,8,5,11,6,4,7,6,9,4,6,4,9,5,7,5,3,5,6,3,3,3,2,3,1,0,0,1,0,1,0,0,0,0,0,0,0,1,655
信義區,興雅里,2495,6072,2857,3215,39,49,32,47,35,33,25,50,28,48,25,24,23,37,24,36,27,34,26,30,17,23,23,38,16,28,18,35,14,16,14,21,19,12,12,22,9,22,13,14,12,10,18,15,8,8,4,3,5,6,6,4,2,6,5,3,2,0,3,1,6,1,2,1,0,1,0,0,1,0,0,0,1191
信義區,敦厚里,2316,5450,2522,2928,37,49,32,43,43,41,27,34,22,26,17,17,18,25,21,19,19,22,11,22,15,17,15,12,14,19,14,14,12,16,11,20,5,17,16,10,10,6,4,9,6,9,12,10,4,9,3,5,5,4,6,4,3,7,2,2,1,1,0,1,1,1,2,0,1,1,0,0,0,0,0,2,903
信義區,廣居里,3158,8416,3926,4490,51,58,50,53,38,55,28,46,29,31,17,37,24,35,24,30,14,37,28,33,23,19,16,31,13,24,13,29,14,28,13,24,9,24,8,15,9,14,10,18,12,14,19,9,8,5,12,7,8,10,6,7,11,5,7,5,5,2,2,4,0,0,1,1,0,0,0,0,0,0,1,0,1233
信義區,安康里,4398,11205,5323,5882,57,63,60,63,59,69,56,62,52,48,42,35,29,45,34,38,24,43,25,29,36,29,31,45,24,25,10,28,20,22,13,19,16,22,17,13,18,22,13,7,10,9,14,19,11,8,15,9,15,6,8,5,4,7,3,3,5,1,4,4,2,5,1,2,3,2,1,2,0,0,1,2,1544
信義區,六藝里,1406,4014,1954,2060,18,30,19,23,24,26,19,20,14,12,10,10,18,12,12,13,14,15,11,17,15,7,6,11,10,16,7,8,11,13,9,10,7,14,5,3,8,5,2,10,6,12,4,5,6,4,5,1,0,3,5,2,0,4,1,3,0,1,0,2,2,0,0,0,0,0,0,0,0,0,0,0,580
信義區,雅祥里,2092,5196,2559,2637,27,39,36,32,24,27,17,33,21,26,15,17,20,14,11,24,12,23,23,18,12,22,21,19,11,13,9,13,12,10,9,14,3,10,8,8,8,10,10,11,5,12,3,8,4,8,6,2,2,2,3,1,4,3,5,3,0,1,2,0,1,0,0,0,1,1,1,0,0,0,1,0,771
信義區,五常里,1478,3934,1903,2031,15,21,21,20,21,24,22,19,22,18,16,13,10,9,13,12,11,23,9,22,10,19,12,19,9,10,8,11,10,12,6,11,9,17,2,7,8,10,5,6,3,7,3,4,7,4,4,9,2,5,3,4,2,4,0,1,1,1,2,0,1,0,0,1,0,0,0,0,0,0,2,0,612
信義區,五全里,2025,5212,2459,2753,26,43,37,27,26,30,26,28,24,26,18,21,17,16,15,16,18,21,19,26,14,22,21,16,15,14,13,18,9,21,14,21,11,17,10,13,13,13,5,11,16,5,3,20,11,8,3,9,4,6,3,4,4,0,3,1,2,1,0,3,1,2,0,1,1,1,0,1,0,0,0,0,884
信義區,永吉里,1438,4249,2161,2088,31,25,23,16,21,18,22,17,13,18,10,12,13,13,12,9,11,24,3,14,13,16,8,11,6,14,8,12,6,6,7,10,7,15,2,7,4,8,6,3,2,6,5,8,4,4,1,2,2,4,3,0,1,1,0,1,0,0,0,1,1,0,0,1,0,0,0,0,0,0,0,1,542
信義區,長春里,1677,4338,2108,2230,19,19,12,26,18,24,17,14,26,18,16,13,12,19,10,19,15,19,9,21,14,21,7,24,12,19,11,18,13,9,11,19,14,15,6,14,12,10,4,8,6,8,7,8,6,7,2,6,5,2,5,2,2,2,1,1,0,0,1,3,0,1,0,1,1,0,0,1,0,2,1,1,689
信義區,四育里,2187,5819,2843,2976,44,38,38,45,30,42,33,29,24,28,15,15,14,26,18,27,24,29,21,21,12,21,17,24,21,21,13,21,12,16,6,19,10,12,12,9,10,17,10,15,7,7,6,17,6,11,2,7,4,4,3,3,11,1,1,5,4,4,2,1,1,0,0,0,0,1,0,0,1,0,0,0,968
信義區,四維里,2168,5527,2658,2869,40,48,38,30,39,40,16,29,29,30,28,20,13,15,18,22,12,33,10,18,13,14,17,12,13,15,10,18,7,15,13,12,11,12,7,12,9,18,12,8,9,8,9,6,8,8,6,6,9,5,8,8,4,6,4,2,0,3,3,2,2,1,1,1,0,0,0,0,0,0,0,1,896
信義區,永春里,1994,5169,2502,2667,33,35,36,41,29,32,23,23,20,16,20,16,9,18,15,22,24,15,16,40,19,23,21,21,13,15,7,19,12,16,7,25,13,20,10,13,6,14,10,11,12,12,9,6,6,6,5,8,7,8,9,4,3,3,1,3,3,1,0,1,2,1,0,0,1,0,1,1,0,1,1,0,893
信義區,富台里,1991,4582,2131,2451,30,41,16,29,17,20,18,20,13,15,9,14,7,15,11,15,15,16,13,18,9,18,10,21,9,7,8,13,2,8,6,9,9,2,5,5,1,9,6,13,11,10,10,8,5,9,7,6,6,8,12,3,6,3,4,2,1,4,1,1,2,0,0,2,0,0,1,2,0,1,0,0,647
信義區,國業里,3002,8200,3922,4278,42,53,42,38,50,44,33,45,31,43,24,33,26,32,28,31,23,30,19,26,25,29,23,24,24,22,13,26,11,14,10,16,16,18,11,11,11,23,11,9,17,9,9,10,14,12,9,7,4,12,8,5,8,6,4,6,3,7,2,3,3,3,1,1,1,3,1,0,0,0,0,1,1209
信義區,松隆里,887,2363,1157,1206,4,18,13,15,15,20,12,11,7,12,7,9,6,14,7,12,11,6,9,9,8,9,3,15,6,6,5,3,5,8,2,4,2,3,5,5,4,6,5,5,3,3,4,5,3,6,2,2,4,2,0,0,3,1,1,0,2,2,1,0,0,0,0,1,0,0,1,0,0,1,0,0,373
信義區,松友里,2563,7254,3425,3829,50,70,50,44,38,54,45,40,27,30,25,18,15,32,21,30,15,33,14,24,18,29,14,19,13,15,15,11,8,14,7,17,6,18,10,6,8,7,13,8,16,6,5,8,9,7,10,13,8,8,9,8,9,9,6,5,5,1,4,5,1,2,0,0,0,0,1,0,0,0,2,0,1088
信義區,松光里,2086,5100,2468,2632,29,60,32,39,30,44,28,29,22,34,28,17,30,29,25,35,26,31,24,26,19,38,21,20,19,26,15,19,9,14,15,11,8,20,8,13,9,13,9,13,8,8,8,11,9,8,4,6,8,3,4,9,6,2,2,6,1,2,0,1,6,2,2,2,2,0,0,2,0,0,1,0,1060
信義區,中坡里,1690,4687,2263,2424,29,30,31,42,23,33,18,33,17,31,15,19,20,15,26,16,19,23,22,20,12,12,17,22,4,17,11,20,13,7,10,9,4,8,7,4,8,6,6,6,4,5,8,5,6,8,9,6,5,7,1,2,3,0,4,4,1,2,1,0,0,3,1,2,1,1,0,1,0,0,2,0,777
信義區,中行里,2979,8475,4140,4335,51,68,46,58,52,40,34,50,35,43,22,31,25,26,25,33,20,25,30,24,14,29,24,27,21,21,13,22,11,7,15,18,18,13,8,13,5,18,11,12,10,14,18,12,10,11,9,7,4,6,9,3,7,6,3,4,1,1,1,1,2,1,5,0,1,1,0,0,2,1,2,1,1211
信義區,大道里,2402,6348,3104,3244,51,50,31,66,36,42,43,42,34,37,23,21,26,27,27,28,26,26,21,25,13,24,23,21,12,21,17,18,11,17,16,16,9,19,7,17,11,9,11,8,7,14,4,15,5,8,10,9,4,3,7,3,6,1,3,3,5,2,2,3,2,1,1,1,0,0,0,0,0,0,2,0,1103
信義區,大仁里,1655,4184,2002,2182,25,40,22,48,19,34,19,26,20,34,11,20,14,18,14,25,16,21,18,26,18,13,16,20,11,19,11,14,5,19,12,15,13,16,6,9,12,12,9,10,10,11,12,4,7,6,6,5,6,6,6,2,4,5,1,4,2,3,1,1,0,1,0,0,0,2,0,1,0,0,0,0,836
信義區,景新里,2195,5381,2510,2871,42,43,40,37,33,43,27,36,14,29,19,23,18,27,16,27,12,20,21,24,16,23,14,22,8,12,7,13,12,15,7,14,11,11,11,14,17,11,10,14,7,9,4,15,3,9,8,4,4,8,6,7,7,9,3,4,2,3,3,2,0,2,2,2,0,2,1,2,1,0,1,2,945
信義區,惠安里,2622,6859,3310,3549,42,44,36,29,19,46,27,36,21,36,19,35,24,27,14,21,16,16,16,31,13,33,16,30,15,21,14,22,10,17,9,16,8,20,7,15,9,13,7,13,12,12,11,8,11,6,5,2,11,3,6,10,5,6,3,2,2,2,3,0,2,1,0,1,2,1,2,0,0,1,2,0,995
信義區,三張里,3639,9257,4464,4793,58,77,61,59,59,61,44,60,41,61,34,50,36,44,38,39,33,43,23,41,22,46,29,35,25,27,17,36,17,27,22,18,15,36,24,26,19,16,20,17,12,18,18,12,16,16,15,11,11,8,9,11,9,11,10,11,4,3,6,6,3,6,5,0,3,3,1,2,1,0,3,2,1702
信義區,三犁里,2155,5448,2556,2892,33,45,43,43,34,49,43,40,27,34,19,22,14,12,23,27,20,29,19,20,22,19,17,21,19,16,9,16,9,14,7,6,9,17,5,17,11,16,7,15,10,4,11,6,8,13,7,9,6,6,10,2,2,3,3,5,3,6,2,4,2,0,0,2,1,1,0,0,0,0,0,0,994
信義區,六合里,2833,7057,3362,3695,46,52,47,59,37,39,32,46,35,31,18,29,17,36,17,34,24,30,18,41,16,24,15,22,19,29,11,29,17,17,18,12,12,13,8,14,10,16,10,15,13,12,4,12,14,9,12,9,8,8,6,6,3,5,5,8,6,2,5,3,4,2,1,2,1,0,1,1,2,3,1,1,1184
信義區,泰和里,3140,8261,3941,4320,50,70,35,54,41,61,32,33,32,30,30,29,24,27,23,30,20,34,24,31,20,29,19,24,15,27,17,22,3,16,12,18,9,16,12,7,9,15,7,10,13,3,10,11,19,8,7,10,9,5,7,4,3,5,3,1,3,1,2,2,3,1,1,1,1,0,1,0,0,0,2,1,1154
信義區,景聯里,1918,4786,2272,2514,33,49,33,49,40,42,25,24,15,33,21,25,16,22,24,16,19,20,16,15,10,17,12,21,10,20,13,14,11,14,12,17,13,6,10,10,7,10,13,11,5,4,10,2,5,3,4,5,5,4,8,5,5,1,3,3,1,2,0,1,3,1,0,2,2,1,1,1,1,1,0,1,878
信義區,景勤里,1686,4242,2080,2162,29,35,23,31,18,33,22,27,18,25,12,16,10,27,14,18,17,13,8,19,18,22,11,14,21,20,6,18,12,12,7,6,3,10,8,6,11,6,6,9,13,12,10,9,16,10,4,6,12,5,5,2,6,3,4,1,5,2,4,3,3,2,0,0,0,0,0,0,0,0,1,1,780
信義區,雙和里,2927,7449,3568,3881,56,58,48,54,39,48,34,51,25,43,19,40,31,32,13,33,24,25,19,25,18,21,9,24,21,21,14,19,12,13,9,12,9,10,7,10,9,8,11,16,15,11,17,9,7,10,14,5,10,6,7,6,7,6,4,9,6,1,4,2,2,4,1,1,2,0,2,0,0,1,2,3,1164
信義區,嘉興里,1333,3308,1538,1770,18,15,19,30,20,29,19,22,21,17,19,18,5,16,12,17,9,13,12,20,8,11,9,14,9,15,8,11,7,12,6,11,4,7,7,3,4,9,2,4,5,5,4,7,4,4,3,2,3,3,2,5,2,2,4,0,1,1,1,1,1,1,1,0,1,0,1,0,0,0,0,1,577
信義區,黎順里,1790,4328,2090,2238,33,30,20,22,30,25,16,19,20,24,17,26,9,12,13,15,16,13,14,20,12,17,11,19,12,16,13,14,8,10,8,10,7,13,6,9,9,10,4,7,8,7,11,8,7,6,5,9,2,3,5,2,3,0,2,2,2,0,7,2,0,1,1,2,2,0,0,0,0,0,1,0,707
信義區,黎平里,3022,7408,3514,3894,55,63,33,58,42,59,33,37,26,31,24,37,21,20,32,33,23,38,21,27,19,28,15,40,16,23,10,27,11,20,17,25,12,23,9,11,12,15,11,13,11,7,11,11,7,11,5,3,5,7,6,6,7,11,6,2,5,2,2,3,0,1,1,1,2,1,2,0,0,0,0,0,1206
信義區,黎忠里,1993,4998,2359,2639,33,48,36,46,20,37,21,43,18,29,14,22,13,19,13,22,20,20,18,23,17,19,10,21,18,19,5,12,5,7,8,9,4,16,5,9,7,12,14,10,5,11,6,8,10,3,2,3,7,5,9,4,4,4,3,3,0,2,3,3,1,0,1,2,1,0,0,1,0,0,0,0,843
信義區,黎安里,965,2170,1079,1091,11,15,6,17,7,15,15,11,7,9,7,12,4,11,6,12,5,7,5,11,4,5,10,2,3,4,1,6,1,5,2,2,4,4,9,4,5,6,10,3,18,1,19,4,23,2,25,3,18,1,25,1,19,1,14,4,14,3,9,0,6,0,1,0,4,0,2,1,1,0,0,0,502
大安區,德安里,2348,5966,2761,3205,43,64,46,47,49,36,38,42,38,27,19,29,25,28,29,19,22,23,14,30,22,23,19,29,19,28,15,19,15,13,11,23,11,26,10,18,18,12,9,15,16,9,8,10,10,15,11,8,8,7,4,8,8,5,1,5,4,2,5,2,2,1,3,0,2,1,1,2,1,2,0,0,1184
大安區,仁慈里,2025,5821,2750,3071,28,44,43,40,32,35,23,30,33,24,18,18,16,23,16,18,15,18,16,19,13,19,14,25,10,16,9,16,18,14,8,22,8,11,7,9,11,10,5,14,6,10,7,8,3,6,6,11,5,4,7,5,7,5,3,2,4,3,0,1,6,1,0,0,0,0,1,1,0,1,1,1,883
大安區,和安里,2500,7424,3636,3788,35,59,28,55,34,58,29,38,25,30,24,25,24,26,34,27,33,36,20,23,15,27,12,28,23,21,15,20,25,18,19,19,20,19,18,9,11,9,9,11,11,8,15,7,10,14,13,10,6,4,3,10,5,13,8,4,2,1,0,5,1,3,2,1,2,1,0,0,0,1,0,0,1171
大安區,民炤里,3213,8398,3886,4512,59,70,49,70,58,63,48,56,51,46,36,35,30,33,46,36,28,43,21,41,27,32,28,50,29,34,19,30,22,21,18,33,18,27,17,30,24,23,19,30,12,25,16,15,18,19,16,13,13,12,9,15,8,11,7,9,2,5,3,3,2,2,2,2,5,3,0,2,0,2,2,3,1706
大安區,仁愛里,2234,5560,2483,3077,41,56,35,60,41,50,34,41,34,34,34,34,20,27,28,33,26,30,29,23,21,29,17,39,23,27,20,17,15,29,21,20,15,27,10,14,9,14,15,15,11,15,9,13,7,8,8,8,8,9,9,8,6,5,3,4,4,5,3,5,2,5,0,3,2,1,1,0,0,2,2,3,1276
大安區,義村里,2539,6013,2844,3169,48,74,37,72,53,58,39,45,29,38,25,40,29,31,27,34,37,28,19,29,21,24,17,22,15,26,18,16,13,16,12,15,7,14,9,22,15,8,18,15,13,15,19,10,13,10,17,19,10,8,9,10,6,7,10,8,7,7,4,1,4,1,2,5,2,0,1,1,0,1,1,2,1338
大安區,民輝里,2873,7071,3347,3724,43,64,42,67,48,63,50,53,35,39,28,22,25,25,23,30,30,27,25,38,36,23,19,31,29,29,22,14,16,30,24,32,15,29,9,21,22,33,13,22,25,16,21,12,17,16,8,13,7,16,11,13,6,9,5,5,3,3,6,5,3,3,3,5,2,1,3,0,1,2,1,7,1494
大安區,昌隆里,1208,3183,1511,1672,19,28,26,38,18,24,22,19,22,19,11,12,16,15,11,20,16,17,6,16,17,14,11,15,10,17,14,15,12,18,10,13,19,22,10,23,15,17,11,18,13,13,10,14,10,10,5,7,6,8,4,4,2,4,3,1,5,2,0,5,2,2,2,1,1,1,0,0,0,0,1,0,812
大安區,誠安里,1822,4261,1935,2326,36,42,31,29,31,40,21,28,23,29,20,11,14,16,14,19,19,28,15,15,15,27,10,24,11,17,13,15,14,24,14,16,4,19,10,12,13,6,9,15,6,11,11,16,5,10,6,11,7,8,4,9,5,4,2,1,3,1,3,5,0,2,3,1,1,1,1,0,0,0,0,1,907
大安區,光武里,3259,7910,3587,4323,62,67,45,69,40,71,49,56,46,49,33,32,34,41,23,34,25,53,29,39,29,35,19,36,29,44,17,32,14,36,10,20,12,32,18,14,13,23,12,16,13,22,19,13,11,9,9,15,7,12,8,10,4,9,5,9,6,3,2,4,5,3,2,1,0,0,0,0,0,1,1,2,1563
大安區,龍坡里,2278,6059,2835,3224,51,57,31,44,45,48,41,31,41,34,22,22,20,33,19,29,29,25,24,27,19,23,20,23,17,24,12,27,18,18,15,9,12,16,8,9,10,16,11,14,12,10,12,8,12,11,6,13,5,5,4,5,8,10,7,3,8,6,1,7,1,3,2,1,1,1,1,2,0,0,0,2,1161
大安區,龍泉里,2026,5085,2346,2739,32,30,29,34,24,32,31,28,24,26,15,15,18,17,10,22,19,21,10,17,25,15,10,14,13,24,4,11,5,15,11,14,8,13,9,18,5,10,7,12,6,7,6,11,2,13,3,4,5,7,2,7,2,4,5,2,1,4,2,2,0,0,2,1,0,1,0,2,1,0,0,1,800
大安區,古風里,1790,4333,2048,2285,30,49,31,25,30,29,20,39,13,33,15,17,17,17,11,15,20,20,17,18,18,20,13,11,10,14,12,16,12,11,6,12,6,11,7,6,13,9,4,9,6,4,5,13,6,5,4,12,4,3,9,6,3,3,5,4,1,2,4,2,1,2,0,2,0,2,0,2,0,0,0,0,796
大安區,古莊里,3042,7399,3399,4000,45,50,44,44,41,46,31,49,26,40,22,25,26,38,28,36,22,19,28,33,23,41,16,28,20,24,17,28,22,30,10,18,11,17,20,21,15,15,14,16,15,10,10,7,9,13,9,15,9,5,7,8,4,3,6,8,4,2,7,7,2,5,0,3,2,0,0,2,1,0,1,6,1279
大安區,龍安里,3678,8411,4213,4198,53,68,35,49,48,51,54,53,41,41,24,40,34,23,28,27,41,34,35,28,28,29,32,25,24,17,12,23,15,25,22,16,14,19,17,11,14,16,15,15,19,18,12,17,18,16,18,15,13,8,13,12,10,11,12,12,6,5,8,5,6,7,5,3,1,3,3,2,1,1,9,0,1485
大安區,錦安里,2367,6481,3027,3454,43,43,36,40,38,29,25,34,18,31,22,29,20,29,22,27,16,15,18,19,20,20,20,21,15,23,14,18,17,18,7,21,11,13,20,8,7,8,12,10,5,11,4,7,8,4,6,4,5,14,4,6,5,4,11,4,0,5,2,4,4,3,3,0,2,0,0,1,0,2,1,1,987
大安區,福住里,2386,6920,3169,3751,35,39,28,44,29,37,26,30,18,28,27,24,23,23,17,35,21,26,20,22,23,23,15,25,17,20,14,18,10,12,9,13,7,18,11,5,6,12,6,15,6,11,15,10,8,11,5,9,12,7,4,8,8,4,3,10,3,3,4,5,0,1,3,1,0,1,0,1,0,0,0,1,985
大安區,永康里,1489,3991,1891,2100,22,27,27,24,26,15,14,17,25,18,15,12,9,16,8,17,10,13,10,11,11,17,9,10,11,16,6,6,11,14,12,11,4,10,6,7,3,12,7,13,7,6,6,11,4,8,3,4,4,5,2,3,4,2,1,0,1,5,4,5,2,0,2,2,0,1,0,3,1,0,2,0,630
大安區,光明里,1401,3825,1841,1984,27,24,21,22,14,22,19,10,16,13,12,7,12,19,8,5,16,12,8,15,5,9,5,12,11,11,6,12,10,6,7,9,6,7,3,4,7,5,3,6,5,4,4,8,5,6,2,4,3,2,2,2,0,8,1,2,0,1,2,0,2,1,1,2,2,0,0,0,0,0,1,0,516
大安區,錦泰里,1376,3863,1851,2012,22,29,17,15,27,23,16,16,10,22,12,13,12,20,15,18,11,10,12,19,14,14,9,14,17,8,10,13,10,6,8,14,5,9,8,9,7,4,9,9,6,6,8,7,7,7,1,8,3,3,4,3,3,1,6,3,3,1,2,2,0,1,0,0,1,0,0,1,0,1,0,1,625
大安區,錦華里,2158,6117,2884,3233,34,47,36,39,36,29,32,34,30,28,14,15,20,13,16,23,16,16,21,17,14,24,8,20,6,20,8,20,14,8,9,10,11,14,5,12,6,8,3,11,5,8,10,11,5,5,6,6,5,2,5,4,5,3,4,4,2,1,4,1,1,3,1,2,0,0,0,0,0,0,1,0,851
大安區,龍圖里,2840,7142,3336,3806,59,67,45,68,41,47,43,55,29,47,29,29,24,32,23,38,21,27,29,20,33,28,27,32,25,21,17,31,18,26,10,22,12,10,11,17,14,16,13,17,15,9,8,13,4,12,11,19,9,5,10,16,4,9,4,1,4,1,1,5,2,0,2,0,2,1,3,0,1,0,1,0,1345
大安區,新龍里,2633,7254,3421,3833,49,60,41,48,47,60,30,42,35,39,17,34,25,29,22,15,17,24,20,27,14,22,20,18,10,9,12,23,10,18,8,13,10,19,9,17,11,7,12,11,16,9,9,12,9,16,9,5,6,11,6,15,6,5,4,7,1,4,4,4,8,7,4,2,3,2,0,2,0,0,3,3,1146
大安區,龍陣里,1470,3668,1749,1919,29,31,29,26,25,24,27,26,30,26,16,20,15,15,15,25,10,17,14,19,22,19,9,19,13,16,16,10,8,7,3,8,3,7,11,15,6,9,10,9,10,11,11,7,4,8,1,6,2,1,4,5,2,7,3,2,2,1,1,0,1,2,0,0,0,0,0,0,1,0,1,1,753
大安區,龍雲里,1911,5075,2338,2737,33,50,39,32,29,43,32,31,33,31,22,20,16,19,20,22,18,34,18,28,20,10,16,24,19,21,18,20,12,23,12,15,10,15,7,11,13,7,8,19,7,11,11,9,6,10,7,7,2,12,7,7,6,5,2,3,6,1,4,6,2,4,4,1,0,1,1,0,1,0,0,0,1013
大安區,龍生里,2600,7223,3360,3863,47,44,37,40,29,45,26,46,31,27,32,27,16,34,21,19,16,31,19,28,19,22,15,19,20,27,16,14,13,17,14,18,5,13,13,17,9,11,5,14,12,11,12,13,17,16,9,7,5,11,8,9,5,8,7,5,2,5,2,1,1,2,2,1,0,0,0,1,1,0,1,3,1093
大安區,住安里,2305,5471,2568,2903,25,38,33,35,26,25,20,34,35,34,18,24,19,16,22,23,20,25,20,23,14,22,14,24,13,36,9,25,13,24,13,24,10,21,12,13,9,11,13,14,9,14,16,8,15,9,8,10,4,3,12,4,6,8,5,4,7,4,1,1,5,3,2,2,0,1,0,0,2,2,0,0,1014
大安區,義安里,2190,5544,2551,2993,38,39,37,55,35,49,47,41,32,44,27,35,27,21,22,20,14,30,17,22,20,29,17,19,21,22,13,21,12,20,17,9,15,14,14,10,13,8,8,4,9,10,10,9,9,10,2,9,8,9,8,5,3,5,6,4,1,1,3,4,3,2,0,1,1,0,0,0,2,3,1,1,1097
大安區,通化里,2594,6379,3038,3341,43,39,27,54,35,47,34,47,25,26,16,22,17,16,25,16,24,23,18,32,12,29,9,38,16,20,13,18,11,22,16,11,11,19,11,8,5,12,12,14,7,11,7,6,8,11,3,8,1,9,4,7,3,2,2,5,4,4,2,5,2,0,2,3,2,1,2,0,1,2,1,0,1018
大安區,通安里,2366,5874,2783,3091,39,46,35,50,28,48,32,29,22,36,24,20,25,17,29,22,21,18,23,25,15,19,7,19,13,30,10,18,9,20,11,16,16,10,6,12,11,10,8,9,11,9,6,17,7,11,8,12,5,9,7,4,6,10,4,5,6,2,0,3,3,4,2,0,1,1,0,1,0,1,2,0,1015
大安區,臨江里,1743,4330,2042,2288,23,30,29,25,24,34,15,26,10,18,13,15,13,15,12,15,14,29,15,26,6,17,14,21,10,15,12,14,14,15,7,12,11,15,9,9,6,10,10,11,6,11,10,7,6,4,4,3,5,5,3,4,3,3,4,0,3,2,2,1,0,3,0,0,0,0,0,0,1,1,0,1,731
大安區,法治里,1877,4615,2175,2440,27,51,30,29,25,31,23,27,20,23,19,25,10,11,19,20,12,17,13,17,16,22,15,19,8,10,9,13,10,16,10,14,9,15,10,12,9,11,7,20,10,7,12,4,8,6,3,8,11,8,5,2,4,1,3,8,7,2,2,2,1,2,2,2,2,1,1,1,1,0,3,2,835
大安區,全安里,1830,4557,2100,2457,32,49,34,64,38,34,34,35,28,37,29,24,18,13,25,26,16,18,13,20,10,19,14,18,12,17,13,10,7,9,11,19,13,18,8,12,6,20,6,11,7,8,8,8,10,4,7,13,5,4,4,3,1,5,5,4,3,1,4,4,1,2,0,2,0,0,0,1,0,0,2,2,958
大安區,群賢里,2504,6149,2791,3358,46,65,46,56,47,56,36,27,41,34,26,34,15,29,24,29,19,20,18,25,19,27,21,27,22,21,10,17,12,24,16,16,12,19,19,24,12,17,11,11,8,15,4,14,10,11,7,6,9,13,9,8,5,5,4,3,6,7,4,6,2,3,1,2,3,2,1,1,0,0,2,3,1224
大安區,群英里,3021,7325,3397,3928,64,58,32,60,40,72,33,37,33,32,28,34,19,20,20,27,15,23,12,29,10,21,12,28,13,24,5,24,11,25,6,11,13,14,9,18,13,15,10,13,10,16,20,14,13,12,10,18,12,14,10,13,9,16,7,10,9,4,3,6,5,1,1,5,4,0,0,5,1,1,3,2,1237
大安區,虎嘯里,1689,3860,1743,2117,28,31,21,34,22,36,13,27,21,20,12,27,16,17,14,18,13,21,7,13,6,14,10,18,5,10,4,20,13,5,6,16,10,9,5,8,7,8,6,11,6,9,5,10,7,7,9,8,11,5,8,8,4,4,3,4,2,1,3,0,0,1,2,3,2,0,0,1,0,0,1,0,726
大安區,臥龍里,811,2109,977,1132,12,18,10,9,13,12,11,12,9,13,10,10,12,8,6,10,8,9,10,8,4,4,5,12,5,9,1,11,6,4,2,10,8,8,3,3,7,9,6,4,5,3,12,3,3,4,2,6,3,2,4,3,5,0,1,3,0,1,2,0,1,0,0,3,0,1,0,0,0,0,0,1,399
大安區,龍淵里,3527,10352,4888,5464,58,68,47,62,47,59,31,54,38,56,29,43,28,26,29,45,30,39,32,36,39,39,24,31,29,32,18,32,17,16,11,14,10,18,18,21,17,19,15,23,14,14,13,12,10,12,6,13,10,15,7,8,2,9,7,10,7,1,6,3,3,6,4,1,0,1,2,1,0,0,0,2,1499
大安區,龍門里,1639,4678,2180,2498,29,46,24,32,34,37,17,39,30,32,24,25,9,18,17,31,22,17,18,14,17,17,17,12,15,10,10,11,8,14,5,10,10,9,9,8,8,9,7,10,4,7,9,10,11,6,6,1,2,4,4,8,1,8,2,4,3,4,5,4,3,2,0,2,1,2,0,0,0,0,0,2,846
大安區,大學里,3543,8898,4146,4752,49,73,45,74,60,65,50,63,43,59,30,32,33,39,35,45,40,44,33,37,27,40,24,26,29,29,29,27,20,35,21,22,23,25,11,25,16,28,22,18,18,25,18,22,16,15,12,11,18,7,9,16,11,7,7,6,7,6,8,2,2,5,0,3,3,4,2,1,0,0,0,0,1707
大安區,芳和里,2349,6008,2896,3112,44,37,37,42,45,37,26,38,25,30,20,30,13,19,17,31,15,40,27,21,21,17,18,35,18,27,17,16,11,24,12,15,11,17,13,13,20,16,22,10,14,12,12,12,11,9,13,8,10,6,6,7,5,3,1,3,3,3,3,2,3,1,1,1,1,1,1,0,0,1,0,0,1100
大安區,黎元里,2077,5749,2763,2986,38,41,37,42,35,41,28,26,21,26,11,21,11,23,13,16,13,23,12,23,10,20,17,19,14,21,10,14,8,9,8,15,6,19,12,9,9,12,13,9,7,10,7,5,6,7,7,5,4,4,1,1,3,6,1,4,2,2,0,2,3,3,3,1,2,0,0,0,0,1,1,0,853
大安區,黎孝里,3046,7800,3737,4063,61,82,45,67,62,65,41,51,43,46,33,24,25,28,29,32,31,35,32,25,15,24,13,27,18,17,13,22,15,17,11,18,13,26,16,10,6,20,13,20,9,10,14,14,11,14,8,8,9,8,7,5,7,4,0,4,4,6,4,1,4,1,3,1,0,2,0,0,1,0,1,1,1352
大安區,黎和里,2058,4996,2371,2625,41,51,30,36,32,35,23,28,18,27,9,21,17,16,20,22,17,21,10,16,14,15,13,22,8,16,6,8,1,19,6,12,6,12,4,9,10,4,9,5,8,8,7,2,4,7,8,3,10,0,8,3,14,4,3,2,3,2,2,1,1,0,0,1,1,1,0,4,0,0,0,0,796
大安區,建安里,2142,5183,2270,2913,38,58,39,52,35,56,26,34,23,30,25,24,13,20,21,22,19,30,18,24,12,22,11,23,16,18,13,24,13,23,10,17,12,22,12,15,15,7,9,11,12,7,6,12,5,8,4,9,8,7,7,7,2,8,6,4,4,6,5,3,2,0,4,1,0,1,1,0,1,1,0,0,1053
大安區,建倫里,2440,6553,2923,3630,44,51,39,50,40,54,43,42,49,40,26,33,25,34,21,39,24,39,24,37,31,31,20,32,25,30,24,21,15,19,22,17,15,21,10,24,14,15,8,16,9,13,8,14,14,15,8,15,6,8,10,10,5,9,3,5,3,1,5,6,3,3,2,1,0,2,0,2,1,1,0,1,1347
大安區,敦安里,2506,6750,3056,3694,42,61,31,47,52,56,54,50,37,41,31,39,22,32,25,41,31,34,26,34,18,26,26,24,25,25,14,20,21,17,12,10,17,13,10,20,9,13,10,7,12,5,6,12,10,7,10,7,5,8,4,8,4,8,3,4,4,5,1,5,2,2,2,3,1,0,0,2,0,2,0,1,1266
大安區,正聲里,1948,5111,2398,2713,35,34,29,37,28,50,31,37,21,16,10,21,15,16,22,20,16,28,9,13,13,23,10,17,16,17,12,22,13,19,14,18,12,21,11,13,12,13,9,17,10,10,8,10,5,15,7,4,9,9,6,6,4,5,2,3,6,5,6,4,1,3,1,2,1,1,0,1,0,1,2,1,938
大安區,敦煌里,2371,6519,2985,3534,42,48,31,59,40,63,35,53,41,51,40,27,18,35,36,39,31,24,25,29,31,17,15,22,20,18,10,17,18,26,11,10,17,15,15,12,11,11,17,4,8,11,1,10,9,11,9,10,7,9,7,12,1,7,4,4,2,1,1,1,5,3,0,1,3,2,1,1,0,2,1,2,1230
大安區,華聲里,1752,4506,2096,2410,48,40,27,36,24,35,26,29,25,32,25,23,17,14,19,10,21,14,11,19,8,17,9,10,11,16,12,22,11,15,12,14,8,15,10,11,12,15,7,11,7,8,4,6,8,6,7,10,6,10,8,5,1,5,3,3,1,2,1,1,1,2,1,3,0,0,1,0,1,2,0,1,855
大安區,車層里,2489,6619,3046,3573,39,61,39,63,40,57,55,46,36,38,21,38,26,38,32,40,27,35,29,43,28,45,25,28,27,23,24,21,13,22,22,17,21,23,15,22,14,13,15,22,10,7,11,13,6,6,11,14,8,5,7,13,6,11,3,4,3,4,5,1,3,4,2,4,2,0,1,0,0,1,1,2,1411
大安區,光信里,3050,8241,3815,4426,74,73,64,64,45,60,51,58,37,51,38,34,21,32,28,34,39,37,37,36,24,35,23,25,19,24,12,27,14,16,11,18,19,27,14,18,13,15,7,21,7,15,10,15,5,19,10,9,4,8,14,10,5,5,3,4,1,5,3,3,0,4,2,0,0,1,2,1,1,1,0,2,1464
大安區,學府里,1113,2850,1455,1395,13,17,11,8,11,16,11,17,6,18,12,13,8,13,4,14,10,19,7,16,13,17,9,13,12,16,14,13,10,12,9,13,11,8,15,10,10,14,6,7,19,5,25,6,22,5,22,10,14,5,17,0,9,1,10,5,10,3,4,4,8,3,0,0,0,0,0,0,1,0,2,0,686
中山區,正守里,1403,3269,1563,1706,24,24,31,16,19,26,23,13,12,19,10,14,10,13,4,15,9,12,10,9,11,11,12,14,11,14,14,15,7,9,8,7,7,14,6,8,7,7,5,8,1,7,1,5,4,3,6,4,6,8,4,8,2,3,2,2,2,0,0,1,0,0,2,0,0,1,0,0,0,0,0,1,581
中山區,正義里,2728,5398,2345,3053,30,45,29,46,37,36,19,21,13,30,21,16,15,18,22,22,17,16,16,20,8,15,10,24,6,13,8,18,10,19,11,24,7,11,8,11,2,9,4,11,5,4,4,5,7,6,7,5,3,5,3,4,4,2,1,5,0,2,2,1,1,0,0,1,0,1,0,1,0,0,2,0,799
中山區,正得里,1993,3799,1660,2139,26,34,21,35,24,25,22,27,19,24,14,11,10,13,15,16,13,14,11,21,12,11,5,10,8,19,6,12,7,11,4,12,6,10,5,7,6,6,7,14,8,5,12,4,7,13,4,4,8,4,0,2,3,2,3,4,3,2,2,3,4,0,1,1,1,1,1,2,0,0,0,0,677
中山區,民安里,2134,4740,2239,2501,39,42,29,36,35,44,27,29,28,35,20,17,12,16,22,24,17,15,15,19,15,19,14,16,14,19,19,19,13,9,13,20,15,16,9,16,10,14,10,13,13,15,8,14,11,16,4,11,8,3,6,6,3,3,1,2,1,4,2,2,1,2,1,1,0,1,1,1,0,1,2,1,959
中山區,康樂里,1517,2693,1131,1562,22,34,14,17,14,18,8,17,12,8,10,10,7,10,11,12,7,9,11,9,5,5,8,8,8,10,6,7,7,6,5,8,5,10,4,8,6,8,4,5,0,4,4,2,6,4,5,2,7,2,2,0,2,1,1,5,1,2,0,0,1,2,2,0,0,2,0,0,0,0,0,1,451
中山區,中山里,3564,6603,2837,3766,36,68,39,36,34,48,27,40,29,29,27,18,19,15,15,26,17,30,14,26,15,25,14,23,17,14,9,19,12,16,14,20,8,17,6,15,4,14,9,6,4,18,6,10,7,10,4,11,2,5,3,2,3,4,3,2,0,2,0,0,0,1,0,1,0,1,0,0,1,0,0,0,970
中山區,聚盛里,2357,4241,1852,2389,22,35,23,24,25,35,21,28,18,32,15,15,19,18,9,20,12,15,10,14,11,12,11,15,9,8,7,9,6,6,3,12,8,6,8,6,4,10,8,8,5,7,5,6,3,6,1,5,3,4,1,3,0,1,0,2,1,1,2,0,1,2,0,2,0,0,0,0,0,1,0,0,639
中山區,集英里,3242,7455,3374,4081,50,52,27,46,33,41,21,38,28,34,19,22,19,30,20,18,19,21,20,24,23,22,19,30,20,22,15,28,11,21,12,22,10,17,13,16,8,15,10,15,12,11,9,14,8,19,5,8,4,11,6,6,2,6,8,3,2,3,2,3,3,2,0,3,0,0,0,1,1,0,0,1,1084
中山區,聚葉里,1995,4075,1861,2214,22,45,25,31,38,31,21,19,17,18,15,10,5,18,10,19,12,12,17,21,17,15,18,23,4,12,8,12,6,17,6,18,8,10,4,9,8,6,9,13,6,8,7,6,6,8,3,8,1,4,3,2,6,6,0,0,5,1,0,2,1,1,1,0,1,0,0,0,0,0,0,1,716
中山區,恆安里,2595,5062,2182,2880,18,41,25,30,26,32,17,23,15,25,9,25,6,17,14,22,18,19,13,13,15,19,7,14,9,15,7,16,7,19,9,13,10,10,8,13,2,11,7,11,4,10,12,6,3,4,8,4,3,7,5,1,1,2,2,3,1,1,1,2,1,1,0,0,0,2,0,1,0,0,1,0,716
中山區,晴光里,2848,5433,2433,3000,30,55,38,43,29,37,32,27,27,32,21,17,11,24,12,24,15,20,16,20,12,21,21,20,10,12,12,10,13,11,10,21,11,13,8,16,7,12,8,8,3,11,5,8,3,7,8,6,3,11,6,4,2,3,3,3,4,1,0,0,0,2,2,0,0,0,1,0,0,1,0,0,883
中山區,圓山里,1969,4413,2029,2384,35,35,27,29,24,28,19,26,17,21,13,22,15,15,17,11,8,14,12,15,14,10,11,11,12,9,6,15,8,19,9,10,6,15,5,12,13,8,3,7,8,7,3,10,4,3,4,4,3,5,0,3,4,3,2,2,1,2,1,2,3,2,0,1,0,0,0,0,0,0,0,0,683
中山區,劍潭里,1441,3925,1896,2029,29,32,35,29,34,32,24,20,15,22,9,17,7,15,10,14,8,20,5,16,6,11,9,18,5,15,5,8,7,14,2,10,11,10,9,9,9,7,13,8,9,14,21,5,21,8,8,8,15,8,3,1,10,9,4,4,4,5,3,5,3,0,1,0,0,0,2,1,1,0,0,1,753
中山區,大直里,3666,10019,4769,5250,64,94,67,59,45,84,51,58,52,49,25,42,39,29,37,37,31,36,25,41,18,42,26,43,18,23,23,23,14,21,14,23,21,21,11,26,15,11,21,13,11,14,8,13,13,10,13,6,16,11,8,8,6,7,1,6,3,5,3,3,0,1,4,5,1,3,0,0,1,0,1,0,1573
中山區,成功里,3011,7169,3281,3888,36,34,30,45,25,35,25,27,31,28,22,18,11,21,14,19,16,19,20,19,9,18,6,13,8,12,16,12,6,8,6,13,6,20,4,14,9,9,7,11,12,5,7,7,1,6,6,2,1,4,7,6,7,2,2,1,0,2,1,2,0,0,1,1,0,0,0,0,0,1,1,0,787
中山區,永安里,3839,9960,4644,5316,57,72,48,63,59,48,52,49,33,43,21,21,25,27,17,33,36,39,25,28,19,31,24,25,19,28,11,22,14,19,10,18,17,18,11,14,11,13,12,21,13,9,15,11,5,7,8,5,9,11,5,4,8,6,3,4,1,4,1,3,1,2,0,1,0,2,1,1,0,0,1,3,1297
中山區,大佳里,422,1128,621,507,13,6,6,10,6,3,9,3,5,4,6,3,3,3,3,2,6,3,5,4,5,5,2,5,4,3,6,1,1,2,2,2,2,3,2,3,1,0,4,4,1,1,0,3,1,1,4,0,2,0,0,2,0,3,0,0,1,0,0,1,0,0,0,0,0,0,0,0,0,0,0,0,180
中山區,新喜里,2148,5546,2613,2933,35,39,35,34,23,32,24,24,18,22,14,16,15,19,14,19,12,23,11,22,20,15,12,16,15,13,12,21,16,18,11,12,6,22,6,6,5,8,6,8,3,12,6,4,3,3,3,11,0,8,2,4,2,1,0,2,2,2,1,1,0,1,0,2,1,0,1,0,0,0,0,1,775
中山區,新庄里,2199,5316,2471,2845,32,41,32,29,36,39,23,24,13,26,7,16,7,28,21,28,16,11,19,22,11,22,11,23,10,20,12,12,7,18,8,14,14,10,6,11,11,15,11,6,5,10,4,3,7,2,7,3,3,3,3,6,2,3,2,0,1,2,0,0,1,0,0,1,0,0,0,0,0,0,0,0,790
中山區,新福里,2234,5381,2477,2904,34,45,23,33,29,30,21,25,24,42,20,15,17,29,23,23,20,14,26,23,16,21,11,24,17,24,12,13,6,17,9,10,13,7,8,11,7,5,5,10,3,18,3,11,5,9,1,4,3,6,4,2,3,2,2,3,5,3,0,1,0,1,1,1,0,0,0,0,0,0,1,1,855
中山區,松江里,2638,6867,3177,3690,31,61,35,43,42,59,28,34,32,35,26,29,28,22,26,34,29,26,17,30,19,29,18,26,26,16,12,27,16,27,8,19,18,20,14,13,17,22,15,15,6,8,6,12,5,13,4,5,3,10,3,6,3,4,2,4,3,1,3,2,0,3,0,4,1,1,0,0,1,0,0,2,1159
中山區,新生里,2156,5096,2360,2736,37,45,31,34,35,34,29,20,18,26,16,19,6,22,16,18,11,30,15,29,14,25,6,24,13,21,18,21,9,17,10,20,17,21,11,17,7,15,7,10,7,8,10,7,3,7,3,4,2,3,1,5,4,5,4,4,0,2,2,1,0,2,0,0,0,1,0,1,0,0,0,0,880
中山區,中庄里,2307,5313,2546,2767,40,40,25,45,31,46,32,27,27,32,17,17,16,19,19,32,17,26,18,29,23,19,15,16,21,22,16,22,10,27,12,15,11,19,9,18,6,11,8,13,7,15,10,11,6,8,10,9,1,3,2,4,1,4,3,2,1,1,1,4,0,2,0,0,0,1,0,0,0,0,0,1,975
中山區,行政里,3925,7751,3994,3757,78,81,54,45,45,38,41,49,41,30,31,25,35,24,24,24,25,28,29,33,24,28,24,23,23,25,21,29,17,23,18,24,25,14,16,17,15,15,17,16,13,11,8,9,7,20,13,9,12,9,5,3,7,5,2,2,2,1,3,3,2,1,2,2,1,1,1,0,0,0,5,4,1357
中山區,行仁里,3064,8576,4131,4445,56,67,50,60,38,62,41,55,44,37,26,32,16,20,26,33,33,28,29,31,17,28,23,25,24,25,21,28,19,19,19,23,8,29,9,14,12,13,1,9,10,12,10,13,6,10,5,4,3,3,4,5,5,4,0,1,1,5,3,2,0,1,0,3,0,0,0,1,0,0,1,0,1262
中山區,行孝里,1600,4298,2077,2221,28,36,25,30,21,15,15,24,13,10,8,17,14,10,18,16,20,13,9,19,9,13,5,11,6,12,5,9,5,13,7,8,1,10,11,9,5,7,2,8,4,2,2,6,5,4,2,4,1,3,2,3,0,2,1,1,0,1,1,1,0,0,0,1,1,0,0,1,0,0,1,0,566
中山區,下埤里,2993,7801,3663,4138,57,66,52,57,53,56,43,48,39,49,28,34,20,27,31,32,22,26,29,13,21,23,17,20,18,19,25,16,11,28,6,10,7,16,16,11,7,18,4,11,11,9,7,12,8,8,8,7,5,8,4,6,3,7,2,1,0,2,1,2,0,3,0,2,0,0,0,1,0,0,0,1,1204
中山區,江寧里,2820,7212,3382,3830,47,57,46,47,43,66,29,41,37,52,25,18,23,27,15,29,29,25,17,35,21,29,17,24,24,20,10,17,20,24,10,16,22,18,8,14,13,13,11,12,12,12,13,17,7,12,4,7,5,9,2,6,4,2,0,3,3,5,3,2,1,2,2,1,3,0,0,2,0,0,0,1,1191
中山區,江山里,3112,7838,3767,4071,68,77,48,68,47,54,48,48,51,34,36,34,27,37,31,37,37,27,25,33,32,26,28,24,23,26,19,27,25,16,12,19,15,23,13,17,15,23,20,26,14,22,10,18,7,17,9,8,4,12,5,8,4,7,2,6,3,3,3,4,3,2,3,1,0,1,1,3,0,2,0,0,1478
中山區,中吉里,2349,5891,2856,3035,44,46,32,37,34,43,27,31,28,32,21,13,21,21,23,12,18,30,24,24,21,29,15,19,13,20,16,13,17,17,18,17,10,16,11,21,10,16,12,14,14,6,6,12,3,7,5,7,7,4,2,2,1,7,1,1,0,4,0,3,3,1,0,3,0,2,1,1,0,0,0,0,989
中山區,中原里,2242,5244,2456,2788,30,37,37,37,25,37,35,31,28,33,18,20,15,21,25,19,14,28,17,16,20,18,12,24,11,16,16,27,8,13,9,14,15,11,13,11,8,10,7,13,7,13,6,10,3,5,4,9,1,9,4,6,7,5,2,2,1,4,2,3,1,1,0,0,0,0,0,0,0,0,0,1,905
中山區,興亞里,2438,5400,2507,2893,38,52,35,48,32,45,28,24,29,23,17,20,19,28,23,24,24,20,15,21,21,11,16,16,12,19,10,15,8,19,14,21,12,14,12,16,9,13,8,19,10,14,10,10,8,3,2,13,7,8,12,3,4,1,0,5,2,2,2,2,2,3,0,3,0,0,1,0,0,0,1,1,979
中山區,中央里,1547,3833,1802,2031,31,20,24,29,14,35,15,21,15,19,14,21,10,10,15,13,12,13,5,16,7,15,7,14,16,9,5,14,7,8,8,14,2,10,6,9,5,14,6,5,3,8,8,6,7,4,6,3,3,3,4,2,3,6,1,3,3,3,4,2,0,1,0,3,2,0,0,0,1,0,1,1,624
中山區,朱馥里,2523,6256,2952,3304,40,49,43,35,30,35,20,36,28,38,13,22,15,23,22,20,23,31,15,21,23,25,18,19,8,25,18,18,14,16,6,20,11,14,6,19,14,15,7,9,12,7,4,8,5,8,6,9,5,6,3,3,4,4,8,2,1,2,1,1,2,2,1,0,1,1,0,0,1,0,1,0,972
中山區,龍洲里,2115,5112,2335,2777,36,43,26,32,44,37,27,27,18,33,17,18,8,15,17,17,12,26,7,12,11,21,8,16,12,12,6,14,6,20,3,15,13,18,5,21,4,13,16,15,15,8,6,4,9,12,11,6,8,9,13,5,2,16,6,4,3,5,4,3,5,2,2,3,0,1,0,1,0,2,3,1,890
中山區,朱園里,2207,4707,2176,2531,38,39,27,35,27,26,21,18,20,25,17,16,12,11,18,18,14,19,11,15,13,15,17,14,7,14,11,13,6,15,7,9,8,12,14,9,9,14,6,11,18,11,7,10,3,6,7,13,2,3,4,5,2,7,1,1,1,0,4,4,3,3,1,1,1,0,0,0,0,2,2,1,774
中山區,埤頭里,1574,3542,1702,1840,22,46,23,37,24,19,20,15,17,19,10,12,12,15,9,15,13,18,16,11,14,18,16,21,11,15,9,14,7,17,6,12,14,14,9,9,8,7,10,5,10,7,7,6,5,6,5,2,2,0,3,2,3,6,1,3,3,0,3,8,0,1,2,2,0,0,0,1,0,0,0,0,697
中山區,朱崙里,1324,2904,1335,1569,29,27,20,19,19,22,20,9,9,16,10,11,8,7,15,7,10,11,12,7,10,14,2,6,4,15,5,10,8,9,5,6,6,6,4,7,8,9,7,7,9,3,7,6,4,8,0,6,2,9,3,3,2,1,0,2,3,1,0,1,1,1,0,1,0,1,1,0,0,0,1,0,512
中山區,力行里,2694,6131,2868,3263,48,45,39,56,39,43,42,34,30,41,13,29,17,21,13,21,30,32,24,22,24,19,26,22,22,34,16,19,14,18,15,14,13,21,12,15,9,15,15,22,15,14,13,18,7,11,12,11,1,5,8,10,2,8,7,2,1,3,3,3,1,2,0,0,2,1,0,1,0,0,1,1,1167
中山區,復華里,2117,4814,2206,2608,36,39,37,34,40,31,29,27,13,28,10,25,8,20,14,19,12,20,10,15,17,18,6,20,15,15,10,16,13,10,3,8,6,13,5,14,9,12,8,9,8,10,8,13,8,11,6,14,8,9,5,2,6,5,2,4,2,3,3,1,1,3,0,1,2,1,2,0,1,0,1,0,834
中山區,金泰里,3444,8062,3917,4145,36,36,32,38,25,34,13,24,20,26,15,19,15,14,20,24,13,23,18,22,14,12,17,20,9,17,15,19,14,15,6,11,8,10,4,7,6,14,7,10,2,5,4,4,5,8,3,8,7,3,6,6,3,5,3,2,1,3,2,1,1,0,1,2,0,0,0,0,2,0,1,1,791
中山區,北安里,1042,2833,1352,1481,26,29,22,18,20,15,10,11,5,18,4,10,11,11,5,12,9,9,5,16,5,9,2,8,8,12,5,3,8,4,6,8,3,6,7,4,5,3,4,5,7,3,8,5,4,4,4,2,5,3,3,1,0,0,3,0,1,0,1,2,0,1,1,0,1,0,0,0,0,0,0,1,441
中正區,水源里,1390,3093,1423,1670,20,24,17,25,18,19,14,21,11,26,11,9,11,18,12,16,16,18,11,13,10,18,9,20,10,12,12,6,16,15,8,13,9,6,6,4,5,6,7,6,8,13,6,7,5,4,5,4,5,3,4,5,5,5,1,3,0,4,1,1,1,0,1,0,0,2,2,0,0,0,1,0,624
中正區,富水里,1042,2618,1311,1307,9,15,15,14,12,13,16,15,9,12,7,8,9,12,8,12,8,7,11,3,4,7,5,8,3,5,5,11,7,2,5,9,3,2,4,3,0,2,3,4,6,6,3,5,5,2,3,3,3,5,2,1,4,1,2,2,0,2,1,2,4,1,3,2,0,0,0,0,0,0,0,0,375
中正區,文盛里,1056,2400,1155,1245,12,25,25,17,16,13,10,19,18,11,5,19,9,10,6,13,8,11,9,11,8,19,13,7,13,10,7,12,7,6,7,5,6,7,7,8,7,15,4,5,6,8,7,2,4,6,1,6,3,6,7,1,4,1,1,0,2,0,1,1,2,0,0,0,0,2,0,1,0,0,2,0,514
中正區,林興里,1991,4699,2227,2472,27,33,17,37,18,20,22,29,23,27,11,26,8,15,17,25,16,13,14,16,18,17,10,18,12,15,15,15,13,14,8,9,11,12,5,9,9,10,7,19,8,11,10,8,7,5,5,12,9,3,9,5,3,6,2,6,3,1,3,0,2,1,3,0,1,0,2,0,2,0,3,0,790
中正區,河堤里,2004,4749,2260,2489,44,43,31,49,38,23,25,35,27,28,10,22,23,14,15,21,15,20,12,12,6,20,17,18,10,26,10,12,15,17,15,25,13,13,5,13,9,7,16,22,6,17,5,12,6,11,10,8,11,11,3,3,4,6,2,4,5,8,3,3,2,4,0,1,0,3,0,0,1,0,4,0,949
中正區,頂東里,2827,6297,2928,3369,52,63,47,44,46,52,30,24,36,30,22,24,19,19,15,37,20,34,27,28,23,25,19,33,21,26,24,23,13,28,12,24,18,30,13,14,11,13,16,11,13,11,10,16,12,8,14,4,2,7,6,8,5,5,5,6,1,1,3,0,1,1,0,2,0,1,1,1,1,1,1,2,1215
中正區,網溪里,2544,6030,2816,3214,36,40,39,40,38,46,25,31,24,32,25,27,19,22,20,32,16,25,22,28,18,21,16,24,16,22,6,17,17,28,15,21,15,16,13,11,8,20,13,14,15,13,8,8,6,6,4,8,7,8,6,12,3,7,1,5,5,4,6,5,1,1,1,2,0,0,0,2,1,0,0,1,1064
中正區,板溪里,1525,3497,1631,1866,32,28,23,26,24,30,18,20,22,29,16,18,12,15,15,8,8,6,10,19,12,13,14,14,5,13,9,16,12,9,8,9,6,9,7,10,4,11,5,7,4,7,9,4,2,6,5,5,8,6,1,7,3,2,3,5,2,4,0,1,3,1,0,2,0,1,1,0,0,0,2,1,667
中正區,螢圃里,2381,5552,2660,2892,33,53,24,42,33,39,39,41,33,36,24,32,21,23,18,31,21,36,23,22,21,25,14,28,11,17,16,12,14,22,13,15,3,18,8,12,17,14,12,9,11,10,16,12,10,11,7,9,5,4,7,7,4,6,3,6,4,0,2,5,1,1,1,2,0,1,0,1,0,0,1,2,1074
中正區,螢雪里,1829,4597,2214,2383,20,28,31,43,29,37,18,28,9,25,19,18,13,20,23,16,17,12,19,24,11,23,16,20,11,18,13,20,9,15,9,14,9,15,4,13,9,10,5,13,13,10,8,7,5,10,5,6,4,6,3,6,3,6,2,5,3,1,0,4,3,1,0,3,0,0,0,0,0,0,0,1,821
中正區,永功里,2537,6562,3210,3352,32,48,32,38,33,44,23,25,35,27,16,29,14,20,18,19,15,21,22,29,19,20,19,32,16,28,17,16,15,19,19,14,16,21,12,18,12,12,7,12,11,6,10,13,3,7,3,9,10,7,6,2,8,4,2,3,5,2,2,2,0,6,0,2,2,0,1,0,1,0,0,1,1012
中正區,永昌里,2069,5223,2564,2659,42,38,28,41,33,45,16,41,22,29,22,19,16,20,20,30,14,20,18,22,21,32,23,15,19,23,12,23,12,23,17,12,14,12,14,11,13,13,7,15,5,12,7,5,4,8,5,7,6,4,2,7,8,4,4,3,3,2,1,0,0,1,0,1,1,2,1,0,0,0,0,0,970
中正區,龍興里,1613,4457,2154,2303,13,18,26,18,13,23,21,15,10,14,5,8,12,11,12,16,15,12,10,12,10,11,8,10,13,5,8,10,10,11,6,13,7,7,7,9,5,9,5,6,1,5,1,9,4,3,1,3,5,5,0,3,3,1,2,3,3,3,2,2,0,1,1,2,1,1,0,0,0,1,0,1,521
中正區,忠勤里,3038,6793,3233,3560,41,38,38,48,34,49,27,29,22,36,25,19,21,22,13,36,23,34,21,27,18,37,20,29,18,29,19,31,11,34,18,21,13,24,10,21,16,16,10,12,16,16,14,14,8,6,12,8,16,4,7,7,1,2,11,2,10,6,2,3,1,2,1,2,0,2,1,0,2,0,1,0,1187
中正區,廈安里,1785,4822,2295,2527,25,31,17,25,16,18,15,14,19,13,7,14,7,11,13,10,11,16,6,6,6,10,10,10,10,10,1,3,4,9,6,6,6,11,5,7,11,5,8,4,11,7,4,16,4,4,3,3,3,3,2,3,2,3,1,0,1,1,0,0,0,1,2,0,0,0,0,0,0,0,1,1,512
中正區,愛國里,1331,3496,1603,1893,28,33,19,17,17,13,11,16,15,22,7,10,4,11,7,16,9,12,9,13,13,11,12,8,9,11,9,7,12,11,2,3,3,8,6,11,4,7,6,12,4,6,7,4,7,7,1,10,5,1,4,1,2,4,3,5,0,1,0,1,0,2,1,2,0,0,0,0,0,0,0,0,532
中正區,南門里,1060,2892,1336,1556,17,15,15,18,21,26,13,13,17,19,16,4,7,8,8,9,11,10,10,10,9,12,5,16,9,10,11,9,8,7,7,10,5,4,4,8,3,6,4,6,4,6,3,8,2,6,0,6,6,2,3,3,3,3,3,3,2,0,4,3,3,0,2,1,0,0,1,0,0,0,0,0,497
中正區,龍光里,1384,3878,1894,1984,17,29,14,23,25,20,11,22,15,15,16,11,9,11,10,7,9,13,9,16,15,17,14,8,12,13,6,8,5,9,10,6,10,6,8,7,4,10,8,5,4,2,5,6,2,5,7,6,2,0,2,1,3,2,2,1,3,2,2,1,3,2,0,1,3,0,0,0,0,0,1,1,552
中正區,南福里,4462,11336,5525,5811,69,63,46,57,53,69,34,40,52,49,23,29,22,34,35,19,21,33,16,16,32,20,31,39,15,29,17,25,16,20,17,30,21,16,16,25,14,22,13,21,12,15,13,9,8,12,12,15,9,5,7,10,9,8,1,7,6,8,4,6,4,4,2,4,1,0,1,0,0,0,0,1,1412
中正區,龍福里,3470,7948,3968,3980,35,45,54,47,64,41,42,30,35,38,20,24,31,20,17,21,23,20,22,25,19,28,19,16,20,18,15,10,14,19,20,13,23,14,14,11,13,17,16,16,26,11,15,4,19,6,19,9,27,7,16,6,27,7,21,6,14,4,10,3,4,5,5,3,4,2,4,0,3,2,9,5,1292
中正區,新營里,3572,10109,4866,5243,50,53,35,44,40,54,36,35,35,26,25,20,21,19,12,25,16,23,24,18,29,26,20,24,14,22,9,21,16,21,16,14,19,22,14,21,8,9,11,12,8,10,9,18,8,12,9,13,12,11,5,14,6,10,8,4,7,6,2,5,2,0,2,1,1,1,3,1,0,0,2,2,1151
中正區,建國里,666,1752,792,960,7,12,4,7,8,13,9,7,7,5,2,2,2,5,4,5,3,2,1,7,3,6,3,2,1,2,5,5,3,3,3,2,1,3,1,1,1,1,2,0,2,0,3,3,5,2,4,3,1,1,2,1,0,0,0,2,1,0,1,2,3,2,0,0,0,0,0,0,1,1,0,0,200
中正區,光復里,1837,4076,1917,2159,17,38,18,29,17,24,20,25,18,17,15,11,12,10,11,11,16,19,10,15,13,9,7,8,11,7,6,13,16,10,8,5,7,8,6,7,8,3,5,9,9,7,4,2,2,7,5,5,3,9,1,3,5,3,2,2,2,3,3,2,0,1,4,0,0,0,0,0,0,0,1,1,605
中正區,黎明里,1651,3576,1741,1835,24,21,23,21,17,12,15,9,14,15,10,19,8,14,11,6,9,6,14,16,11,8,12,13,10,6,13,9,4,6,5,7,7,7,8,6,4,9,5,4,8,7,8,3,8,5,2,2,3,2,4,3,4,0,0,1,2,1,2,1,1,0,1,1,1,2,0,0,0,0,0,1,511
中正區,梅花里,1427,3278,1564,1714,28,25,23,36,16,31,23,23,20,18,16,8,12,17,25,10,15,6,12,13,8,15,11,9,10,12,5,20,7,8,8,13,10,4,10,6,5,14,7,16,8,8,4,10,8,3,6,6,2,6,2,6,3,1,4,3,1,0,5,2,0,3,1,0,1,0,1,2,0,0,1,0,672
中正區,幸福里,1978,4849,2332,2517,31,28,25,34,27,27,19,32,19,22,14,18,12,19,8,23,13,17,13,14,15,22,16,12,8,13,11,21,8,12,10,10,9,13,6,11,12,12,9,12,7,9,6,8,6,4,8,9,6,5,1,6,0,2,2,4,2,3,3,5,2,1,2,0,0,1,0,0,1,1,2,0,763
中正區,幸市里,1966,4670,2206,2464,26,44,37,46,33,38,31,28,32,32,15,23,22,19,20,26,29,19,19,19,19,21,13,17,14,16,16,19,14,23,11,12,10,16,7,13,7,13,12,15,10,8,6,11,6,12,7,8,4,4,7,2,6,7,4,3,1,2,2,2,2,6,1,2,0,0,2,0,1,0,2,1,975
中正區,東門里,1747,4376,2081,2295,32,35,30,26,26,30,25,23,24,14,14,16,23,12,18,12,9,11,10,14,11,12,14,13,8,21,5,11,6,11,5,7,6,7,11,9,5,10,4,10,9,7,3,9,4,5,4,5,3,4,4,3,1,6,3,5,3,3,3,1,3,1,1,3,1,1,2,1,0,0,1,0,689
中正區,文北里,2290,5805,2736,3069,34,45,45,44,33,54,33,50,36,31,22,27,18,30,24,25,24,27,18,17,21,30,25,15,23,28,18,15,10,19,15,14,23,17,12,14,14,13,11,14,5,14,11,15,12,15,3,8,8,2,3,7,7,8,4,4,2,2,3,3,4,2,4,4,0,0,0,2,2,0,1,3,1146
中正區,文祥里,3106,8440,4002,4438,43,54,56,49,45,44,41,42,27,35,23,28,22,22,30,20,21,24,14,19,13,25,19,21,13,18,16,26,15,21,16,18,18,16,13,14,15,16,15,20,11,13,9,10,8,15,7,9,9,8,7,5,5,7,5,5,3,5,5,4,1,4,3,3,0,2,0,3,1,1,0,2,1177
中正區,三愛里,3484,8920,4117,4803,60,73,50,60,57,65,32,58,50,50,40,40,23,41,35,42,30,34,32,39,25,37,27,29,36,34,23,36,20,30,28,33,24,23,15,32,20,20,19,16,7,23,17,16,18,14,13,17,10,15,9,8,7,10,7,11,3,5,5,2,4,3,3,1,4,2,0,2,0,1,0,2,1677
大同區,玉泉里,1284,3184,1575,1609,26,35,20,26,24,26,20,16,10,12,16,11,15,12,10,10,9,16,18,12,11,7,5,16,12,8,8,4,7,11,0,7,10,7,11,8,3,6,1,10,5,5,2,2,1,4,3,4,3,2,4,3,3,3,2,4,1,4,1,1,2,0,0,3,2,0,0,0,0,0,0,1,561
大同區,建明里,1515,3513,1713,1800,22,28,26,29,22,24,20,21,19,12,10,19,11,9,10,15,14,9,13,12,14,13,10,13,7,9,13,16,13,7,8,9,12,11,10,8,4,9,7,5,10,3,2,6,3,6,5,4,4,4,3,3,0,2,2,2,0,0,2,1,0,5,0,1,0,1,1,0,0,0,0,1,614
大同區,建功里,2026,4854,2337,2517,41,39,32,31,36,25,25,20,23,22,11,12,17,16,19,30,17,15,19,26,27,20,7,17,12,15,11,17,19,14,10,9,8,12,8,10,7,11,6,12,7,10,8,6,5,3,1,2,4,5,1,2,1,5,2,6,0,1,2,1,1,0,0,1,0,3,0,1,0,0,0,0,806
大同區,建泰里,1631,3994,1936,2058,23,22,18,22,29,28,24,14,22,16,11,11,12,16,8,12,11,18,10,11,11,17,10,9,13,15,8,12,4,12,9,7,6,8,5,15,5,7,11,7,7,7,2,7,4,7,1,4,2,2,2,5,2,3,1,1,1,2,0,1,1,3,1,0,2,0,0,0,0,0,0,0,597
大同區,永樂里,2239,5624,2792,2832,35,40,35,36,38,44,26,18,33,26,20,16,15,23,29,23,20,17,17,16,21,18,24,22,17,24,18,23,20,22,14,16,14,7,10,17,11,12,11,12,4,6,8,8,2,11,6,5,2,5,2,3,1,1,1,2,2,3,2,3,2,1,2,1,1,0,0,0,0,0,0,0,944
大同區,朝陽里,1998,4573,2177,2396,32,21,33,32,29,35,24,21,25,19,14,20,14,17,8,12,20,19,17,14,7,17,11,20,15,19,8,14,8,14,12,12,6,12,8,6,9,13,7,5,6,9,2,9,4,8,4,9,2,7,0,2,1,3,2,1,0,5,3,2,0,1,0,0,1,1,0,0,0,0,0,2,733
大同區,星明里,2610,6455,3077,3378,29,52,38,46,29,27,26,28,20,32,14,8,9,14,22,24,18,23,20,17,16,15,20,19,22,14,9,13,11,15,11,16,6,11,10,8,6,9,6,11,3,11,3,5,5,4,4,1,1,8,2,5,3,3,2,2,0,3,4,1,0,1,0,0,1,0,0,0,0,0,0,0,816
大同區,光能里,2005,5442,2636,2806,35,33,34,28,20,33,23,24,21,22,14,7,23,17,18,22,17,14,19,27,18,21,13,23,14,15,14,14,13,23,10,14,13,13,3,14,11,13,5,13,9,8,5,5,5,5,2,9,2,4,5,7,4,5,5,4,2,1,2,3,0,0,1,1,0,1,1,0,0,1,0,1,826
大同區,大有里,1923,5206,2535,2671,28,46,33,29,40,40,17,24,15,30,22,20,16,22,18,19,23,19,18,15,15,19,12,15,9,16,13,19,13,22,11,9,5,13,12,13,10,6,6,16,6,7,10,11,8,5,5,2,2,5,2,5,0,6,0,4,1,2,1,3,3,3,2,1,0,3,0,1,0,0,0,0,846
大同區,延平里,1835,4333,2090,2243,27,36,29,26,24,29,19,24,14,22,24,14,17,20,16,19,14,14,17,18,10,13,14,16,6,15,11,9,15,7,7,15,7,8,6,11,7,6,7,11,4,8,2,3,5,4,4,3,9,4,1,4,4,4,1,4,0,4,1,0,0,1,0,0,1,0,0,0,0,0,0,0,695
大同區,雙連里,3802,10251,4986,5265,51,63,46,48,45,54,46,38,42,30,31,27,25,23,34,40,42,29,20,32,33,34,25,25,30,25,21,28,21,24,12,32,17,33,16,27,11,21,14,18,11,13,7,15,12,10,5,12,5,7,7,10,3,9,2,7,4,4,2,2,2,1,2,1,1,0,0,0,0,0,0,3,1390
大同區,南芳里,1631,4251,1996,2255,36,32,20,23,20,24,19,26,26,25,15,11,15,13,16,17,13,18,14,15,7,11,14,18,14,17,12,14,12,14,14,8,7,8,10,9,7,6,2,7,8,7,7,5,1,7,1,2,5,4,2,3,3,7,1,3,2,2,1,1,2,0,1,1,0,0,0,0,0,0,1,0,686
大同區,民權里,2637,7040,3369,3671,37,50,42,37,34,25,24,23,21,26,23,20,13,19,19,23,12,22,18,20,13,12,17,22,15,22,11,20,11,20,10,19,13,16,9,17,8,9,9,10,3,5,6,12,6,6,5,9,1,2,2,5,2,5,1,3,0,0,2,2,2,3,1,2,0,4,0,0,0,1,0,1,882
大同區,景星里,1162,2908,1459,1449,23,16,21,19,20,16,16,22,10,14,10,8,10,19,13,13,15,8,12,22,11,9,13,13,10,10,6,13,9,17,14,8,6,1,11,9,6,8,4,4,1,6,2,3,2,0,1,3,1,5,1,3,0,1,1,1,0,1,1,1,0,0,0,0,0,1,0,0,0,0,0,1,525
大同區,隆和里,1210,3269,1600,1669,17,22,17,15,23,15,26,17,15,14,12,8,13,13,15,13,10,15,13,20,10,13,13,11,7,16,10,8,10,7,12,6,8,11,6,6,10,8,5,4,10,6,2,4,2,7,3,5,1,3,3,3,2,3,1,2,0,1,1,3,0,1,0,0,0,0,0,0,0,0,0,0,557
大同區,蓬萊里,2055,5141,2494,2647,38,38,29,27,29,23,24,26,22,25,16,23,17,20,16,27,11,14,17,15,11,24,10,24,14,23,17,17,12,18,15,16,14,10,6,11,11,13,7,11,5,8,5,9,4,4,3,6,2,5,1,5,3,4,1,1,3,3,0,2,2,0,0,0,1,1,0,0,0,0,0,0,819
大同區,國順里,1145,3070,1610,1460,24,21,26,19,21,14,12,15,11,15,9,11,13,8,8,16,10,20,11,13,9,10,15,14,5,13,8,13,7,4,1,15,9,8,5,10,1,9,5,4,4,5,3,2,3,5,1,0,0,5,2,3,0,3,1,1,0,2,0,0,0,1,0,0,1,1,0,0,0,0,0,0,505
大同區,國慶里,1833,4567,2164,2403,31,41,25,22,20,28,9,21,20,17,9,13,11,11,13,16,9,20,13,14,7,18,19,10,18,14,9,20,4,4,18,8,8,14,5,16,7,9,3,10,7,5,4,10,2,9,5,9,4,0,2,5,2,3,2,5,0,0,1,1,2,1,0,1,1,0,0,0,0,0,0,0,665
大同區,揚雅里,2209,4378,2357,2021,39,41,31,27,38,29,31,18,27,14,19,7,13,22,15,12,14,17,13,12,9,13,8,17,12,15,15,11,16,20,12,12,12,8,12,11,11,8,11,9,10,9,7,6,6,6,6,4,5,3,4,6,3,3,5,2,0,0,5,0,5,1,2,0,1,0,1,1,3,1,14,5,805
大同區,斯文里,2311,5593,2779,2814,43,51,20,41,24,36,13,21,17,25,14,14,23,13,19,23,24,23,16,25,13,25,13,26,11,25,15,22,13,25,17,14,8,14,18,12,10,11,6,10,4,10,7,10,10,14,5,5,1,3,3,4,1,1,1,2,1,2,3,0,1,3,0,1,0,0,3,1,1,0,0,1,891
大同區,鄰江里,2593,6629,3340,3289,45,39,29,54,31,32,29,33,28,33,18,16,19,28,22,23,24,25,15,30,29,30,28,28,26,31,20,32,26,18,18,19,19,22,17,14,21,17,8,22,7,13,9,10,8,11,6,9,0,7,5,7,1,5,2,2,0,3,3,1,0,1,0,1,0,1,0,1,0,0,1,0,1132
大同區,至聖里,3340,8390,3988,4402,51,59,35,64,43,42,48,37,22,30,29,32,27,35,25,33,26,33,28,22,27,43,26,31,21,40,22,50,19,27,15,35,16,26,10,21,13,25,12,21,16,16,6,10,10,11,9,13,5,16,4,10,7,7,0,3,4,6,4,4,0,2,1,2,0,1,0,0,0,0,1,1,1390
大同區,老師里,2310,6193,3080,3113,41,47,34,34,38,33,23,31,12,28,17,27,18,18,16,24,26,27,22,22,19,25,22,28,10,24,18,30,12,11,21,20,8,21,13,21,3,13,12,17,7,10,3,12,12,14,8,9,1,6,1,3,2,2,3,3,1,0,0,1,1,0,0,0,0,0,0,1,0,0,0,0,986
大同區,重慶里,2559,6985,3339,3646,57,48,42,45,30,44,26,39,21,31,14,17,8,24,17,23,18,25,12,17,20,26,22,24,17,27,24,28,17,18,16,17,7,15,11,15,10,13,8,8,5,10,8,10,3,6,7,4,5,4,6,9,2,4,1,4,2,4,1,3,1,3,1,1,0,0,0,2,0,1,1,1,1010
大同區,保安里,1693,4324,2114,2210,36,29,23,31,23,21,30,25,10,32,15,16,13,15,18,24,9,15,17,18,19,16,14,19,13,17,16,18,11,21,12,16,11,12,11,7,17,15,5,11,3,16,6,7,3,7,4,6,3,4,1,5,0,3,2,2,4,4,1,2,1,1,3,1,0,2,0,0,0,2,0,0,794
萬華區,福星里,2714,5780,2770,3010,46,50,32,41,24,36,33,29,25,30,18,18,20,21,19,15,22,11,26,22,11,27,12,21,18,20,14,14,16,13,10,13,16,15,15,11,11,15,13,12,24,10,18,5,12,8,12,9,16,6,8,6,8,4,7,2,10,1,4,3,1,5,0,1,1,2,0,0,1,1,2,1,1023
萬華區,萬壽里,1899,3584,1712,1872,30,32,25,30,34,23,13,26,25,19,12,16,12,12,17,14,18,18,10,18,14,14,9,11,15,12,11,10,11,10,3,8,11,6,5,5,5,4,9,9,7,5,3,4,3,4,5,4,4,7,8,6,4,2,4,8,1,3,2,0,0,1,1,1,1,0,0,0,0,0,0,1,675
萬華區,西門里,2032,3945,1823,2122,36,31,32,22,26,24,16,28,22,25,10,19,11,12,16,14,11,13,16,11,5,15,7,4,7,8,6,13,12,11,15,14,12,8,5,16,9,11,7,7,5,3,3,9,10,4,7,7,9,7,4,4,4,2,3,5,1,1,3,0,2,1,3,0,1,0,2,1,0,0,1,0,689
萬華區,新起里,3018,6725,3167,3558,45,59,47,61,51,43,36,47,32,34,18,25,25,29,29,21,23,29,23,23,24,30,23,20,24,23,16,22,16,18,16,26,15,16,21,22,9,11,13,17,12,9,11,10,10,12,4,11,7,8,6,12,4,6,2,12,5,3,1,1,0,2,0,0,1,0,0,1,1,0,0,1,1234
萬華區,菜園里,2707,6324,3181,3143,43,53,40,42,34,41,32,19,24,36,22,18,33,32,26,32,27,24,25,29,25,25,27,17,19,18,25,23,15,17,13,19,18,17,10,11,15,11,15,7,8,11,8,5,6,6,3,12,4,7,2,5,3,6,2,3,1,1,3,0,2,2,2,1,0,0,0,0,0,0,0,0,1082
萬華區,青山里,2622,5912,2929,2983,45,56,45,40,33,50,35,29,22,34,26,18,12,15,32,23,23,23,24,29,26,26,19,24,29,14,16,23,17,13,14,20,16,14,18,10,12,13,11,13,6,14,7,11,6,9,6,9,5,5,4,5,2,3,1,2,3,3,2,1,2,0,0,1,0,0,1,0,0,0,1,0,1071
萬華區,富民里,2250,5216,2546,2670,48,43,27,37,37,38,27,31,26,34,16,18,22,20,23,19,29,24,22,19,28,24,23,22,13,24,17,14,22,22,22,17,11,13,11,24,10,9,9,12,8,9,5,7,6,5,5,12,7,10,4,3,2,7,4,2,1,2,3,4,0,0,0,1,0,0,0,0,0,0,1,0,1015
萬華區,福音里,1570,3811,1853,1958,36,29,21,22,23,23,15,21,16,13,15,15,14,10,9,19,12,17,13,15,14,10,10,13,7,18,10,10,6,11,8,14,9,11,5,11,9,15,8,7,6,8,10,6,7,8,4,5,2,4,1,6,2,2,1,5,1,2,0,0,1,2,0,1,0,0,0,0,0,0,1,0,649
萬華區,仁德里,2150,4950,2378,2572,48,37,36,31,27,30,29,25,20,20,17,22,15,17,20,22,17,17,22,20,19,14,10,10,14,22,12,19,24,13,8,15,12,12,10,14,6,11,6,21,10,19,9,15,8,6,6,14,7,9,3,8,6,7,5,4,2,2,1,4,1,1,1,1,1,1,0,0,0,0,2,0,917
萬華區,富福里,3189,6373,3557,2816,74,43,46,33,52,37,55,29,44,37,16,13,29,17,32,19,16,17,28,13,15,25,23,18,16,20,15,19,20,11,12,12,21,19,12,8,12,11,14,9,15,11,7,8,10,9,7,13,12,8,8,3,5,4,8,5,7,2,1,1,5,4,6,1,4,0,4,0,3,1,8,4,1146
萬華區,頂碩里,3010,7679,3843,3836,55,61,36,43,52,39,37,39,30,39,26,24,26,31,31,26,31,24,21,30,28,22,19,33,13,28,18,13,19,28,21,21,10,22,18,21,14,20,7,23,19,7,11,12,4,8,5,4,3,6,5,7,0,5,2,4,2,3,4,2,1,2,0,0,1,1,0,0,0,0,0,0,1217
萬華區,雙園里,1928,5026,2488,2538,31,41,29,28,18,36,20,24,16,11,6,19,16,22,17,11,18,16,15,10,13,18,15,21,21,19,10,13,12,12,11,13,7,6,14,17,15,10,5,6,8,5,9,7,3,6,6,6,6,6,4,3,2,0,4,2,1,0,2,3,2,2,0,0,0,0,0,0,2,0,0,1,752
萬華區,新忠里,1564,3645,1763,1882,18,27,22,27,16,23,14,30,11,21,5,17,7,19,6,24,5,23,6,26,6,29,7,36,8,25,6,20,9,11,4,11,2,19,15,12,21,8,18,11,22,15,28,10,20,11,27,11,16,7,10,8,10,6,5,7,5,4,5,2,2,2,1,1,1,0,0,1,2,1,3,0,868
萬華區,新和里,3485,8882,4247,4635,69,77,53,63,58,66,34,59,37,42,35,30,18,30,23,32,13,40,11,28,18,41,11,35,21,38,10,30,12,26,17,26,13,24,9,17,18,18,20,17,15,20,21,22,29,27,23,26,16,18,16,20,9,18,11,10,9,4,15,6,4,4,8,5,4,1,3,2,1,1,3,3,1613
萬華區,糖廍里,2235,5741,2857,2884,37,41,23,38,35,38,30,30,27,34,19,21,15,21,24,28,20,20,27,20,32,31,20,32,25,23,18,18,19,15,17,19,15,23,9,10,10,10,4,12,9,8,7,8,3,12,10,3,3,5,2,5,2,4,1,3,2,0,1,1,1,2,0,1,1,2,0,1,0,1,1,0,1009
萬華區,和平里,2799,7156,3552,3604,62,48,40,43,37,52,27,33,26,23,19,33,26,37,28,25,29,44,28,25,20,24,22,37,20,35,22,15,24,26,19,23,10,32,22,26,9,22,17,18,8,12,10,11,6,7,9,12,3,3,2,3,1,4,1,0,0,1,4,1,0,4,1,1,0,0,0,0,1,0,1,0,1234
萬華區,綠堤里,1767,4601,2277,2324,27,37,22,29,31,35,24,26,20,23,11,19,14,19,11,18,13,19,22,11,17,29,16,20,11,26,13,14,14,20,15,11,9,15,9,7,10,14,13,8,12,7,10,7,6,8,3,3,2,1,6,2,4,3,3,2,0,1,2,0,1,4,3,2,1,0,0,0,0,0,0,0,815
萬華區,華江里,3278,8978,4414,4564,67,75,35,53,44,51,42,35,34,44,26,32,22,32,26,41,24,31,31,27,26,36,35,39,20,37,17,29,16,23,18,18,21,17,19,21,15,21,10,25,8,14,9,16,8,8,6,10,5,7,4,5,5,4,2,3,3,3,1,1,2,3,0,3,1,0,0,1,0,0,2,0,1369
萬華區,柳鄉里,2125,5572,2809,2763,37,28,33,40,24,31,29,31,22,23,16,17,28,22,16,15,21,24,19,40,18,20,20,22,24,22,17,19,12,19,18,16,15,16,15,20,10,14,6,13,6,10,9,7,4,5,6,5,3,5,6,6,5,6,0,3,1,1,2,5,0,1,0,2,0,1,0,0,0,0,1,1,953
萬華區,日善里,1433,3901,1938,1963,26,31,20,30,18,22,18,12,15,12,6,11,12,16,12,15,16,9,11,16,8,15,12,16,12,11,7,12,14,8,6,11,7,10,7,11,10,6,4,5,5,4,3,4,1,5,2,2,3,3,1,1,5,1,1,3,2,0,0,0,0,0,1,1,0,0,0,0,0,0,2,0,570
萬華區,新安里,2641,6440,3177,3263,35,60,43,41,43,36,29,24,14,29,23,18,18,34,9,34,22,39,19,33,17,20,16,20,7,33,11,24,16,29,12,16,10,23,14,15,12,12,18,15,15,10,16,15,12,9,9,5,14,7,7,6,12,8,5,1,6,5,5,2,6,0,1,1,2,2,4,1,1,0,1,0,1131
萬華區,忠德里,1710,4605,2306,2299,32,28,18,20,21,27,18,34,22,26,19,10,8,22,20,11,22,22,17,17,20,15,11,17,9,23,5,17,15,23,9,17,11,11,12,6,9,6,7,10,7,6,7,13,5,5,2,5,4,2,1,2,5,2,2,2,1,3,0,5,0,0,0,1,0,0,0,0,0,0,0,0,747
萬華區,孝德里,1283,3520,1746,1774,20,28,26,28,14,28,15,22,9,18,12,13,9,10,18,10,9,13,17,7,9,12,9,17,11,8,5,10,9,15,4,12,12,10,10,7,6,5,1,2,8,6,4,10,6,4,0,3,3,1,2,3,0,1,0,2,2,1,1,4,2,0,0,1,0,1,0,0,0,0,0,0,565
萬華區,和德里,2774,7604,3788,3816,38,52,29,34,39,47,36,35,23,34,28,27,16,23,22,27,22,23,20,22,19,31,21,32,17,27,18,32,17,24,14,19,18,17,11,15,6,14,9,16,10,10,6,7,8,8,9,10,8,6,1,6,4,4,4,6,3,5,1,2,1,1,1,0,0,1,2,0,0,0,0,2,1100
萬華區,錦德里,2159,5798,2825,2973,30,39,26,30,32,49,23,29,19,22,12,14,16,21,22,27,22,21,17,27,18,33,13,24,25,27,18,19,16,22,7,15,6,17,18,13,10,17,10,15,10,11,8,8,12,5,7,5,6,5,4,2,3,4,1,3,1,2,0,2,0,1,1,0,1,1,1,0,0,0,1,0,946
萬華區,全德里,1727,4674,2326,2348,23,29,32,26,27,31,19,18,24,18,8,16,11,15,13,19,16,18,13,18,10,18,12,22,17,15,7,22,5,6,8,14,9,5,4,13,9,11,5,10,10,13,4,4,8,3,7,6,5,5,2,2,2,2,1,3,0,1,0,1,3,0,0,0,0,0,0,1,3,0,1,0,703
萬華區,保德里,1292,3539,1758,1781,23,22,19,18,14,21,18,22,14,12,9,8,6,15,17,14,8,16,13,21,10,17,8,16,7,14,14,5,11,13,4,11,6,8,7,13,4,10,9,7,6,7,5,4,5,2,4,4,1,3,2,2,2,1,0,2,1,1,0,1,1,2,0,1,0,0,0,0,1,0,0,0,562
萬華區,銘德里,1852,4900,2355,2545,31,34,16,26,29,34,18,26,19,29,13,22,13,19,20,27,15,23,20,23,14,31,20,26,19,15,9,16,8,17,10,9,10,9,9,10,1,14,2,12,5,8,7,6,5,2,8,4,0,1,4,5,3,4,3,1,2,2,0,1,0,0,0,0,0,0,0,0,0,0,0,0,789
萬華區,榮德里,1387,3772,1882,1890,23,20,20,24,21,25,29,23,16,22,14,14,17,13,11,24,20,19,15,29,12,16,14,15,16,13,6,15,13,11,9,13,5,10,5,10,5,12,8,8,7,6,7,5,3,4,7,3,4,2,5,2,1,3,1,2,2,3,2,3,2,0,0,0,1,0,0,0,0,0,4,0,694
萬華區,壽德里,1995,5501,2701,2800,35,39,28,31,34,26,17,35,23,20,12,18,10,14,10,23,12,25,19,9,15,16,11,24,18,21,14,18,10,15,6,13,15,12,8,11,5,8,8,12,4,13,7,10,6,7,4,8,5,2,3,4,2,4,1,4,4,1,1,0,0,2,2,2,0,0,0,0,0,0,0,0,796
萬華區,興德里,1794,5164,2561,2603,37,34,18,35,30,26,22,27,18,22,16,22,13,15,13,23,19,21,25,27,14,20,15,22,13,13,7,13,18,19,5,14,9,16,7,14,13,6,6,9,7,8,8,3,4,7,3,5,1,5,5,3,0,3,2,2,1,0,1,2,0,1,0,0,0,0,0,1,0,0,0,1,789
萬華區,華中里,2416,6550,3179,3371,47,46,33,48,27,44,12,35,21,38,19,20,16,37,22,28,24,22,24,36,23,38,20,31,21,27,16,20,19,20,16,25,15,23,16,14,17,27,11,13,14,10,6,15,7,8,8,10,9,6,5,7,5,5,1,0,1,0,2,0,2,1,0,1,0,1,0,1,1,1,1,0,1139
萬華區,日祥里,2434,5740,2815,2925,30,47,34,43,25,39,22,28,21,39,14,23,24,33,21,31,18,31,13,35,23,30,8,25,11,25,13,28,12,16,18,25,7,16,9,13,11,11,12,11,12,10,29,12,26,17,27,10,12,13,4,6,9,8,9,2,9,4,3,3,3,1,1,2,0,1,2,0,1,0,0,1,1132
萬華區,忠貞里,2317,5085,2473,2612,25,37,36,42,24,42,16,39,20,30,10,30,17,26,24,42,14,26,14,28,13,28,9,28,10,18,13,33,14,17,16,15,17,12,23,10,29,13,15,10,29,13,44,13,29,10,31,7,24,8,19,5,22,3,14,5,10,4,8,3,3,1,2,2,0,0,0,1,0,0,2,1,1198
萬華區,凌霄里,1661,3866,1841,2025,20,19,14,22,10,18,10,33,9,18,7,15,7,8,13,20,9,15,5,19,10,20,6,27,7,14,6,10,12,13,9,18,11,16,10,15,7,13,18,6,11,11,10,4,10,3,10,9,8,8,5,5,7,8,8,0,5,1,2,2,2,0,1,2,0,0,3,1,0,1,3,0,679
萬華區,騰雲里,1319,3182,1558,1624,18,30,16,33,22,15,15,20,12,20,7,16,8,16,8,11,2,10,12,19,7,14,9,17,8,8,5,13,6,12,7,12,6,10,9,4,5,7,7,9,8,4,7,2,4,4,5,1,5,1,2,1,2,2,3,1,2,1,1,0,1,1,2,3,0,0,0,0,0,0,0,0,548
文山區,景行里,3177,7765,3653,4112,40,48,39,38,25,26,19,18,23,32,12,29,19,23,19,20,21,23,22,20,15,24,9,24,13,17,17,20,19,16,11,23,12,16,17,12,6,16,4,10,12,9,9,13,6,11,5,3,2,6,6,9,1,2,4,6,0,3,1,3,3,1,1,2,1,0,1,2,0,0,2,2,943
文山區,景東里,2910,7695,3585,4110,34,50,34,38,36,35,33,47,16,26,20,21,16,19,26,19,21,26,12,24,9,15,22,24,10,12,10,12,15,22,7,15,9,17,9,10,11,9,8,11,6,9,13,11,12,6,4,12,7,4,7,4,6,4,3,4,2,2,2,1,2,2,0,2,0,0,1,0,0,0,0,1,937
文山區,景美里,2067,5546,2635,2911,40,48,37,35,20,40,29,21,30,30,13,24,23,23,16,20,12,16,19,18,11,19,20,21,11,23,18,19,8,16,6,9,7,10,11,10,6,13,11,10,9,10,10,13,5,8,4,5,5,8,6,9,5,0,3,4,6,3,1,2,0,1,3,0,1,1,2,0,0,0,1,0,898
文山區,景慶里,2544,7004,3350,3654,53,41,35,47,35,48,30,29,25,28,14,28,13,28,27,18,18,28,23,28,17,26,10,23,15,26,9,13,10,18,10,14,10,13,7,11,13,19,10,22,14,12,12,11,8,9,8,7,4,7,4,9,6,2,4,1,4,5,4,4,1,3,0,2,1,2,0,0,0,1,1,1,1039
文山區,景仁里,1877,5061,2418,2643,30,41,34,39,17,29,19,27,22,26,16,13,10,23,16,11,11,14,10,10,10,16,8,15,10,13,10,17,6,12,8,10,10,17,4,9,4,11,14,7,9,7,8,3,6,6,5,7,6,4,4,5,4,0,4,5,3,2,2,1,2,1,0,1,1,2,0,0,2,0,1,2,732
文山區,景華里,2262,6172,2890,3282,27,34,43,42,33,37,31,24,20,27,15,22,23,26,13,38,22,22,18,20,13,27,10,17,11,17,18,20,8,23,20,12,6,16,9,14,4,18,8,7,5,12,8,9,8,5,16,4,9,6,4,10,7,8,2,3,2,2,0,1,0,3,0,4,1,0,2,0,0,0,3,1,950
文山區,萬有里,2203,5895,2832,3063,39,36,30,35,38,29,17,24,27,28,23,15,20,16,22,17,17,16,12,27,8,19,7,26,11,16,7,15,17,9,7,19,9,7,8,9,5,13,6,5,3,10,5,9,11,7,6,5,4,4,1,7,4,2,3,4,0,1,1,6,2,2,1,1,1,0,0,0,1,0,1,2,815
文山區,萬祥里,1869,4778,2264,2514,32,41,20,35,32,28,20,19,15,31,9,22,16,21,9,22,14,23,15,16,15,11,11,15,11,17,14,9,7,20,10,11,10,14,2,8,6,15,10,5,7,8,8,13,5,7,4,9,2,7,6,3,4,4,6,2,3,2,2,2,2,0,2,2,1,0,0,1,1,0,0,1,775
文山區,萬隆里,2896,7697,3617,4080,46,44,48,42,38,43,23,38,22,47,20,21,22,28,14,29,17,31,13,24,20,24,12,29,21,26,8,22,19,18,6,30,11,15,8,15,5,15,10,12,4,5,9,13,14,12,10,10,6,6,9,8,9,5,3,4,5,4,3,1,0,2,2,4,1,2,0,0,0,0,1,0,1088
文山區,萬年里,2261,5592,2688,2904,34,39,30,27,35,43,29,39,30,23,14,21,23,17,15,18,20,33,17,21,20,25,13,19,16,19,13,22,11,17,10,14,8,17,7,16,4,12,8,18,12,8,3,15,10,12,10,10,8,10,7,4,6,6,2,5,3,6,3,4,0,0,1,2,1,0,1,0,1,0,1,0,968
文山區,萬和里,1435,3439,1614,1825,25,16,15,26,15,18,11,22,10,18,3,9,7,23,5,35,5,18,6,27,4,29,8,23,7,26,3,20,5,12,7,15,7,9,1,13,13,13,14,6,13,10,15,6,16,7,7,15,11,10,7,5,6,3,9,4,9,2,6,2,4,3,2,0,1,2,0,0,0,1,2,0,727
文山區,萬盛里,2046,4914,2357,2557,41,33,36,36,27,32,25,24,22,37,15,20,11,21,16,19,20,18,15,20,12,19,12,16,10,18,6,15,13,19,3,12,7,15,10,12,13,6,12,15,8,11,13,8,6,8,11,11,7,5,3,6,5,4,6,9,5,4,2,3,1,2,1,7,1,1,0,1,0,1,1,2,886
文山區,興豐里,2050,5141,2465,2676,34,36,21,20,25,37,26,19,17,28,17,11,14,17,12,18,15,12,13,18,14,24,7,20,11,10,10,15,4,19,10,7,10,12,11,8,7,5,11,8,6,4,8,4,11,4,6,5,5,7,7,5,2,3,4,2,5,1,4,2,2,4,1,2,0,3,1,1,0,1,1,0,744
文山區,興光里,1487,3595,1678,1917,19,26,14,20,17,23,13,18,16,14,8,9,9,13,12,12,5,16,3,9,8,14,5,14,6,14,6,7,5,8,3,9,5,8,4,8,5,6,7,4,5,6,9,2,4,0,1,2,3,4,3,3,6,2,2,0,2,1,3,3,3,2,1,0,1,2,0,0,0,1,0,1,494
文山區,興家里,2827,7835,3837,3998,47,58,40,45,42,26,27,43,24,26,21,27,15,17,16,21,20,16,9,20,11,22,22,18,10,14,10,14,7,14,3,18,5,15,6,8,14,9,8,9,9,9,6,8,9,7,12,3,4,6,13,9,5,7,4,7,2,2,3,1,1,2,0,0,1,1,2,0,0,1,1,3,935
文山區,興得里,2402,6266,3010,3256,34,35,32,42,34,40,25,31,24,28,19,23,14,20,16,27,15,20,15,15,13,18,11,22,15,11,13,15,7,11,9,14,4,14,9,11,3,8,6,5,17,10,14,7,6,7,7,10,6,9,10,2,12,2,6,3,3,2,1,0,1,1,2,1,1,1,2,0,0,0,0,0,871
文山區,興業里,2107,5587,2683,2904,39,39,31,46,31,51,24,37,26,28,20,22,16,22,17,28,19,20,19,27,14,17,16,16,13,16,8,23,9,21,5,18,10,19,8,13,5,14,15,4,15,9,10,15,11,6,8,5,9,9,9,8,0,4,4,4,3,3,8,2,2,0,1,0,1,1,0,1,0,0,2,2,978
文山區,興安里,2659,6908,3279,3629,46,48,32,48,27,37,27,38,20,29,21,29,25,24,17,40,21,22,17,32,17,19,15,27,15,17,15,26,9,24,13,24,12,14,12,16,9,10,9,15,7,9,10,9,11,11,6,10,10,10,3,9,9,6,5,8,1,1,2,2,4,2,0,1,0,0,0,0,1,0,1,1,1067
文山區,興福里,2195,6330,3064,3266,35,44,39,27,32,26,23,22,15,23,19,16,15,16,9,22,15,17,24,17,14,21,11,18,15,24,7,17,12,11,8,16,3,10,8,13,9,4,7,6,7,8,5,6,14,11,2,3,4,6,4,4,2,1,3,4,2,0,0,2,0,3,2,0,0,0,0,0,0,0,1,0,784
文山區,興旺里,3417,8722,4206,4516,42,49,48,43,30,43,24,32,30,35,19,20,14,24,14,36,26,31,13,31,14,25,11,15,11,17,12,11,10,13,10,20,5,17,3,12,11,10,7,6,12,7,8,12,14,14,9,12,11,5,8,7,5,3,2,4,1,4,2,2,1,2,0,3,1,0,1,0,0,0,0,2,996
文山區,興泰里,1693,4110,1964,2146,19,29,19,20,15,29,17,23,13,17,12,16,14,12,6,17,14,24,13,12,12,20,10,16,8,15,2,11,7,13,7,3,4,2,6,5,8,8,5,5,8,9,7,5,8,6,3,4,5,2,7,6,6,4,5,1,5,2,0,3,1,1,0,0,0,0,0,0,0,1,1,1,609
文山區,興昌里,2793,7023,3334,3689,31,41,47,45,29,43,36,29,23,36,19,27,16,15,21,34,18,26,14,22,11,25,12,11,18,20,10,15,10,18,7,16,10,20,6,12,11,15,13,14,10,6,12,9,16,5,8,9,5,6,2,6,2,6,7,4,2,5,5,3,2,1,1,1,0,0,0,0,0,0,1,0,980
文山區,試院里,2796,7240,3455,3785,37,47,37,45,36,42,25,34,20,37,18,18,17,31,19,26,12,25,21,24,12,21,15,23,8,15,19,19,9,14,4,15,11,15,6,10,18,13,13,13,12,10,10,8,8,11,10,4,8,5,3,5,11,8,1,3,6,1,2,7,4,2,1,2,3,0,1,0,1,0,0,0,991
文山區,華興里,3554,9364,4508,4856,48,50,43,59,38,57,44,62,43,33,16,26,18,32,25,34,19,40,23,36,23,26,19,30,18,33,25,31,16,26,12,28,16,17,14,11,11,13,10,12,10,9,18,13,6,17,13,11,8,6,9,7,7,10,5,4,3,3,2,0,3,1,4,1,2,0,0,0,1,3,1,1,1315
文山區,明義里,1716,4683,2265,2418,14,18,11,28,17,15,15,13,17,14,0,12,11,18,9,10,7,9,7,16,9,10,8,15,6,17,7,12,11,4,4,11,4,12,6,7,7,4,6,5,7,6,8,4,6,5,4,8,5,2,4,2,3,3,1,3,2,3,2,3,5,0,1,1,0,0,0,1,0,0,0,1,516
文山區,明興里,2791,7192,3440,3752,42,45,27,37,33,35,21,28,27,28,16,19,10,25,7,25,14,21,16,18,16,19,10,24,20,26,8,21,3,12,6,14,11,16,8,9,8,11,8,8,9,7,18,5,12,12,13,5,4,6,4,3,7,5,7,4,4,2,2,1,1,0,2,2,0,0,1,0,1,0,1,0,890
文山區,木柵里,3543,9234,4370,4864,44,64,38,46,45,63,45,59,28,40,27,48,20,31,20,48,33,41,19,31,24,39,21,40,16,29,16,29,12,26,19,19,18,21,11,18,3,22,17,28,26,13,17,14,19,9,17,11,23,10,12,4,17,6,8,7,4,3,5,4,4,2,1,3,2,1,1,2,1,0,0,1,1465
文山區,木新里,4383,10540,5312,5228,72,67,67,69,56,48,36,49,30,30,30,26,34,35,25,38,30,45,20,32,31,27,25,31,17,29,19,30,15,18,16,22,15,25,21,25,19,8,15,14,16,15,18,9,13,10,8,14,11,11,13,10,7,13,8,4,3,4,6,2,3,1,3,3,2,1,1,0,1,2,4,2,1479
文山區,順興里,2887,8104,3939,4165,49,48,26,43,43,41,27,34,27,26,17,30,18,21,21,19,17,28,21,26,14,13,19,18,14,16,11,15,7,23,14,14,11,10,4,11,8,11,9,9,6,9,10,13,6,11,9,9,11,4,5,7,5,4,5,2,3,4,1,1,2,0,2,1,1,0,0,0,0,0,1,0,965
文山區,樟林里,3222,8904,4345,4559,46,72,40,52,45,75,33,44,30,49,32,29,28,28,30,36,23,40,34,31,28,32,21,27,19,24,26,35,16,20,15,21,17,16,14,16,9,20,20,13,13,11,11,9,20,10,10,11,7,6,9,4,11,7,6,5,5,3,3,4,4,3,0,1,0,1,1,2,0,0,0,2,1385
文山區,樟新里,2163,5934,2845,3089,29,32,21,31,28,38,19,21,11,30,14,19,14,13,15,17,15,17,11,12,13,17,12,18,2,22,8,8,8,11,7,17,5,9,9,7,9,6,3,7,6,2,11,4,6,4,5,3,4,3,1,5,5,5,1,4,0,1,3,0,1,0,3,0,0,0,0,0,0,0,1,0,683
文山區,樟腳里,2116,6042,2941,3101,36,32,26,34,25,29,22,18,12,20,12,14,19,13,4,16,16,16,14,20,6,20,12,16,9,12,9,11,10,20,5,16,8,8,6,14,9,8,11,3,8,6,12,9,7,4,6,6,3,5,7,2,4,6,2,4,1,1,0,1,2,0,0,1,0,2,1,1,0,1,0,0,713
文山區,萬芳里,3168,8361,3950,4411,53,59,33,40,37,33,30,38,20,33,11,18,22,25,18,20,22,26,17,26,21,19,16,26,8,15,15,16,11,7,7,23,9,12,12,11,8,11,11,15,18,10,11,9,9,11,15,9,3,8,5,4,8,6,6,6,2,2,2,5,2,1,0,0,4,0,1,0,0,1,1,0,1013
文山區,博嘉里,2228,5940,2866,3074,34,46,25,28,29,32,30,23,24,30,16,23,12,13,12,27,12,17,20,14,19,25,15,13,14,22,7,11,11,16,7,17,4,13,10,16,12,5,10,13,7,5,12,8,6,9,7,6,5,7,3,6,8,2,2,2,1,4,1,3,1,3,4,0,2,0,1,1,0,0,0,2,845
文山區,萬興里,3259,8941,4347,4594,48,48,24,37,41,42,18,41,27,35,22,28,16,19,21,32,17,23,17,26,19,24,15,28,18,23,21,27,17,23,5,18,11,21,9,17,14,19,18,12,16,16,15,11,11,6,7,3,5,10,3,3,3,6,5,4,3,2,8,2,1,0,2,4,3,1,2,0,1,0,1,0,1095
文山區,指南里,1693,3973,2065,1908,24,21,16,13,15,16,13,13,13,11,9,9,13,9,12,9,5,11,15,16,12,8,8,10,18,15,8,7,5,10,7,11,7,9,3,15,9,8,4,4,14,3,10,8,5,5,6,3,1,3,4,2,0,1,1,3,2,2,1,3,0,1,0,0,0,0,0,0,0,1,0,0,520
文山區,老泉里,368,991,515,476,5,4,4,5,8,2,1,6,4,6,4,0,4,3,2,3,3,3,4,3,1,2,6,2,1,3,2,0,1,3,0,2,4,4,3,3,2,2,0,1,0,4,5,1,3,0,0,2,0,2,0,1,0,0,0,0,0,0,0,0,0,0,0,0,0,0,0,0,0,0,0,0,134
文山區,忠順里,1724,4195,1998,2197,25,32,21,21,22,18,17,21,14,23,12,11,12,20,11,25,15,14,8,16,12,17,6,21,8,7,2,12,6,11,6,15,3,10,7,14,4,3,6,11,7,8,12,9,7,7,9,7,7,4,4,9,7,7,6,4,2,7,4,6,2,1,1,3,3,1,0,0,0,2,1,1,687
文山區,萬美里,2891,7653,3688,3965,56,51,46,39,34,42,31,43,23,28,20,19,23,32,18,28,23,23,19,21,21,24,12,29,15,18,11,20,10,11,9,19,17,12,6,18,15,9,7,12,8,10,8,9,11,15,11,6,7,7,10,8,2,4,2,6,1,1,2,4,3,1,2,1,2,0,1,0,0,0,1,0,1057
文山區,政大里,2944,8065,3909,4156,24,30,25,25,24,30,20,25,15,16,14,18,13,18,11,20,13,16,12,24,12,18,9,11,13,17,10,6,8,11,6,13,15,5,6,8,10,4,9,5,5,6,6,4,7,7,3,3,5,8,5,1,3,3,2,3,2,1,1,4,0,2,0,1,1,0,0,2,2,1,1,2,680
文山區,樟文里,2309,6503,3175,3328,28,54,39,35,30,31,28,37,26,37,16,29,18,15,17,16,19,16,21,24,19,21,9,20,10,15,14,11,7,8,9,10,7,12,4,7,7,8,15,8,8,4,14,7,11,5,8,3,5,8,7,3,4,2,3,5,2,0,4,0,1,0,0,1,1,0,0,0,0,1,0,1,865
文山區,興邦里,2109,5027,2377,2650,26,38,22,34,21,34,20,25,18,27,18,19,10,22,14,17,7,23,19,28,10,11,8,23,15,17,9,11,9,11,6,8,6,8,10,9,4,11,8,7,9,11,14,4,9,6,7,8,6,5,3,6,3,2,2,5,3,5,1,2,1,0,4,0,1,2,2,0,1,1,1,1,768
文山區,樟樹里,1861,5253,2487,2766,23,44,23,33,29,35,26,23,30,20,16,14,9,17,13,21,14,15,9,14,5,14,13,15,8,11,6,7,9,10,5,7,6,5,8,9,5,10,11,10,5,5,5,10,2,6,1,2,6,4,2,3,4,2,3,3,3,2,2,0,0,3,0,1,0,0,1,1,0,1,0,0,679
南港區,南港里,2725,6603,3399,3204,37,48,33,45,30,41,35,23,23,24,20,12,24,16,17,17,20,27,16,31,18,24,14,17,15,24,21,9,12,18,9,18,12,16,5,14,6,9,11,12,8,1,3,11,5,3,7,2,3,7,3,2,2,4,1,2,1,4,1,2,2,2,1,0,1,1,1,0,0,0,1,1,905
南港區,中南里,1505,3971,1990,1981,22,25,23,24,18,17,11,12,9,19,8,7,16,12,16,11,7,17,8,18,6,14,8,16,9,10,10,12,9,16,8,7,7,12,3,12,1,3,3,6,2,5,4,6,6,4,4,1,3,1,2,5,0,2,1,2,0,2,1,0,1,0,0,2,0,0,1,1,0,0,0,0,528
南港區,新富里,1582,4299,2148,2151,17,21,19,23,33,23,10,16,15,13,9,8,12,13,13,14,13,8,13,13,9,18,16,24,7,15,15,11,6,12,11,10,7,12,6,13,7,8,4,12,6,7,4,9,3,2,5,7,4,4,1,4,1,1,1,0,0,1,0,1,0,1,1,1,0,0,1,0,0,0,0,0,594
南港區,三重里,3353,7389,3577,3812,29,41,26,38,29,39,21,30,20,18,24,12,8,16,20,11,6,17,12,17,13,23,12,11,16,16,7,13,11,13,6,14,5,9,7,7,5,8,7,9,8,10,3,7,6,4,1,6,3,4,2,3,4,4,0,4,1,1,0,1,0,3,1,0,1,2,0,0,0,0,0,0,725
南港區,東新里,2778,7698,3765,3933,48,53,35,51,40,39,20,32,24,31,24,22,12,19,22,25,26,20,21,26,26,26,27,27,11,20,14,26,11,11,15,14,6,13,10,12,3,10,8,8,6,9,9,7,11,13,8,5,3,3,2,3,2,3,3,5,1,1,3,2,0,1,2,1,1,0,0,0,0,0,0,0,992
南港區,新光里,1498,3926,1865,2061,21,34,20,39,25,35,16,18,15,13,21,10,10,22,11,11,9,13,10,10,6,11,1,12,8,15,4,13,5,14,8,12,6,8,3,9,9,9,9,11,3,5,4,5,5,2,5,5,3,5,3,3,6,2,3,4,0,4,1,2,1,1,1,0,0,1,0,0,1,0,0,1,612
南港區,東明里,1882,4912,2407,2505,21,34,28,25,17,28,26,32,18,21,13,11,14,12,17,15,17,18,12,13,13,17,7,22,11,12,9,10,8,11,5,14,7,10,11,10,8,4,4,6,3,8,6,8,4,6,6,3,5,4,3,1,2,3,4,2,3,2,1,1,0,1,0,0,0,0,0,0,0,1,0,0,668
南港區,西新里,1888,5137,2533,2604,31,25,22,26,23,30,12,25,18,22,10,9,13,12,21,26,15,15,12,23,10,18,12,13,14,13,13,11,12,13,7,14,7,10,5,12,9,5,2,9,6,3,4,6,2,3,5,2,3,3,0,1,3,2,2,0,0,0,0,0,0,0,0,0,2,1,1,0,0,0,0,0,648
南港區,玉成里,2026,5162,2512,2650,27,31,25,34,29,32,14,23,18,18,6,10,16,19,11,22,19,20,22,21,12,21,18,17,10,15,11,13,7,10,8,12,9,9,6,9,10,13,3,12,4,13,8,5,7,2,2,4,6,2,2,2,0,3,1,1,0,0,0,2,1,0,0,2,0,0,0,0,1,0,0,1,711
南港區,合成里,2820,7245,3490,3755,55,48,49,40,41,40,38,29,34,35,20,19,25,37,30,33,20,33,26,16,17,33,25,26,8,29,11,26,18,16,15,19,7,8,7,19,11,8,11,16,11,6,11,10,13,8,8,6,9,6,6,8,1,2,4,2,1,2,0,3,0,3,2,3,0,1,0,0,0,0,0,1,1125
南港區,成福里,2928,7943,3824,4119,44,53,41,52,43,52,38,44,25,32,21,27,19,32,16,25,17,25,24,22,16,23,13,24,20,25,15,10,16,22,10,5,7,15,9,11,6,8,11,13,18,9,11,13,13,9,11,10,14,7,5,4,4,3,7,3,6,2,3,2,0,0,2,3,1,1,0,1,0,0,0,0,1093
南港區,萬福里,1723,4455,2127,2328,31,39,23,43,28,26,19,26,8,22,11,17,17,17,14,21,10,19,17,22,14,10,10,17,15,16,9,11,3,14,2,14,2,7,10,14,7,8,7,8,14,6,7,4,6,6,4,5,4,4,4,7,4,5,4,7,5,5,0,2,1,0,1,0,0,0,0,1,1,0,0,1,736
南港區,鴻福里,1754,4841,2299,2542,33,38,23,31,20,23,18,34,23,31,15,19,15,15,18,20,9,15,12,17,16,16,14,23,6,15,9,9,13,9,8,5,8,6,10,11,8,10,8,10,5,3,4,6,3,3,6,6,5,3,4,6,0,3,0,3,2,2,1,0,1,0,0,0,0,0,0,0,0,0,0,1,710
南港區,百福里,2133,5706,2785,2921,34,52,33,31,24,37,22,34,24,26,9,22,22,14,20,26,19,16,21,12,20,10,14,14,11,13,10,20,13,12,1,7,8,13,0,8,8,6,6,10,6,7,3,6,4,5,8,4,6,8,0,2,3,1,0,2,1,0,0,1,0,0,1,1,0,0,0,0,0,0,0,0,771
南港區,聯成里,2000,5366,2610,2756,40,38,22,40,41,36,31,24,16,31,17,16,23,21,18,22,17,22,13,18,10,37,11,17,9,12,12,13,5,15,20,14,11,11,7,16,5,7,7,4,5,9,4,7,6,10,7,2,6,2,9,3,6,1,2,3,1,4,2,3,1,1,0,1,1,0,1,1,1,1,0,0,849
南港區,舊莊里,3536,9742,4793,4949,56,64,24,49,39,45,26,49,31,37,19,21,24,30,28,36,31,23,35,33,20,30,21,47,10,23,12,21,19,21,11,20,10,19,15,18,8,15,17,11,13,13,9,11,6,11,13,8,9,5,7,2,4,5,1,3,1,4,2,1,1,1,1,2,0,2,0,1,0,0,1,0,1205
南港區,中研里,3540,9824,4803,5021,58,65,52,59,48,55,46,37,33,40,23,30,27,21,20,27,27,34,13,39,20,36,18,33,27,23,20,37,12,24,13,26,13,17,7,19,7,10,9,23,9,14,15,11,10,9,11,10,4,7,10,5,5,6,4,4,4,1,3,2,2,2,0,0,3,0,0,1,0,1,1,1,1303
南港區,九如里,2504,6785,3370,3415,35,48,28,56,28,35,22,33,25,31,24,19,9,23,13,20,20,29,14,20,14,20,14,23,18,18,9,18,12,15,7,12,11,14,9,8,7,15,9,12,14,14,13,13,19,9,12,7,12,6,8,9,12,4,3,3,3,2,1,5,1,2,3,5,3,0,2,0,0,1,0,0,983
南港區,仁福里,2276,5856,2885,2971,40,39,21,36,26,30,13,23,25,22,12,17,17,19,11,25,15,21,12,18,14,18,6,10,7,20,8,20,10,9,11,7,3,14,7,3,5,10,4,5,6,5,9,9,8,8,7,4,3,6,6,4,5,4,4,3,7,1,2,1,4,1,3,0,0,2,1,0,1,0,0,0,747
南港區,重陽里,2358,5663,2716,2947,24,33,14,28,13,20,16,24,9,13,9,12,15,14,11,17,10,18,13,10,7,13,8,10,9,6,6,7,7,5,4,2,5,4,3,3,3,4,5,5,4,1,2,6,5,1,0,6,2,1,3,0,1,1,1,5,1,2,1,0,0,1,2,1,0,0,0,0,1,0,1,0,488
內湖區,西湖里,2845,7599,3659,3940,64,58,48,44,38,51,29,32,26,30,16,18,18,23,23,20,16,22,15,24,12,21,11,17,11,14,9,18,9,18,10,11,6,22,13,15,11,6,7,12,11,13,8,14,7,8,8,10,4,4,6,4,3,4,1,3,1,1,1,7,1,2,0,0,0,0,0,0,0,0,0,0,989
內湖區,西康里,3780,9691,4599,5092,53,67,46,56,39,57,42,46,29,25,19,33,21,23,14,41,17,35,19,33,17,19,13,26,16,29,14,27,13,16,10,17,10,11,10,12,11,12,19,16,16,9,18,12,6,6,8,13,5,6,11,8,6,2,2,6,2,2,3,2,4,1,1,0,0,1,0,0,0,0,2,0,1185
內湖區,西安里,2581,6863,3267,3596,57,52,47,58,32,33,29,26,20,32,11,14,15,15,13,21,8,15,8,18,16,17,5,15,9,14,5,18,6,12,5,8,6,15,7,8,10,16,4,8,10,9,14,14,5,6,8,10,3,3,6,1,3,3,4,1,3,3,1,3,1,2,0,1,2,0,0,1,0,0,0,2,847
內湖區,港墘里,2371,6475,3050,3425,38,38,28,39,27,39,17,25,20,21,13,13,21,18,16,18,12,11,15,15,9,11,10,11,9,17,11,12,5,12,2,9,6,15,3,5,6,10,8,8,6,8,4,8,7,7,6,4,4,3,1,6,3,5,2,4,0,1,3,2,0,0,0,1,0,0,1,1,0,0,0,0,710
內湖區,港都里,2138,5995,2853,3142,19,45,32,28,23,29,17,21,10,20,7,16,10,7,13,11,9,24,13,17,12,14,10,16,10,9,7,8,12,12,9,11,5,12,7,6,5,9,5,7,6,7,9,9,3,4,3,3,3,5,2,4,1,3,1,0,3,3,1,1,0,2,0,0,0,1,0,0,0,0,0,0,631
內湖區,港富里,3568,10123,4846,5277,67,59,46,61,50,52,31,40,27,34,27,26,18,23,23,33,15,26,18,30,17,26,20,26,16,28,12,25,16,31,12,17,10,20,9,16,14,20,16,16,9,16,12,14,11,17,11,12,4,6,7,5,5,4,6,3,0,1,2,2,0,1,0,1,0,0,0,1,0,2,1,2,1228
內湖區,港華里,3292,9678,4610,5068,58,74,47,54,49,48,34,33,19,23,22,20,15,20,29,18,19,19,15,21,12,13,13,14,10,16,11,18,11,19,9,15,4,5,8,8,6,10,13,11,2,13,8,11,13,6,2,6,5,6,5,4,5,5,2,4,0,1,1,5,1,5,0,0,1,0,2,0,0,0,0,0,976
內湖區,內湖里,2514,6023,2761,3262,28,40,28,30,21,31,26,28,17,24,12,15,11,16,18,12,9,11,12,18,11,21,12,16,9,14,11,15,8,13,10,11,3,19,4,17,9,14,11,5,8,9,7,9,4,8,4,4,2,9,4,7,2,7,5,5,3,4,1,0,3,0,0,5,1,0,1,1,0,1,0,1,755
內湖區,湖濱里,3236,8581,4053,4528,53,64,42,60,35,35,38,47,26,36,17,23,23,25,14,35,23,28,9,19,15,30,22,27,19,31,9,21,10,13,10,20,12,20,16,10,11,18,18,13,10,8,10,7,14,15,9,6,8,10,11,2,5,3,14,3,2,4,5,5,2,2,1,1,2,0,0,0,0,3,0,1,1160
內湖區,紫星里,3021,8354,4019,4335,53,54,46,52,45,58,33,24,22,32,24,18,21,23,14,34,28,20,22,21,10,23,12,14,11,20,11,17,7,16,15,14,9,17,8,12,6,13,5,11,2,10,11,10,8,6,7,5,8,3,6,6,5,4,4,3,3,2,2,4,0,3,2,1,0,1,0,1,0,0,0,0,1012
內湖區,大湖里,2186,5772,2727,3045,34,33,23,30,22,23,16,22,21,25,15,11,16,11,15,9,10,9,9,9,17,11,6,17,10,13,4,11,12,8,8,8,2,12,2,4,9,13,6,8,6,5,5,7,3,9,8,4,1,2,3,6,3,0,2,1,1,2,0,2,0,1,1,0,0,0,0,0,0,0,0,1,617
內湖區,金龍里,2055,5566,2762,2804,39,46,35,21,22,34,15,26,25,21,18,7,12,15,13,19,22,24,15,12,14,18,8,20,15,20,8,11,6,12,11,9,4,7,6,12,5,10,4,5,11,3,6,8,4,2,4,6,2,2,4,2,4,1,3,1,2,2,0,0,0,1,1,1,0,0,0,2,0,0,0,1,719
內湖區,金瑞里,2612,7055,3323,3732,50,52,35,37,38,46,25,25,24,18,11,19,11,15,14,24,14,18,13,19,17,18,10,11,9,16,7,13,8,12,2,14,9,11,8,15,9,8,6,10,6,7,10,9,9,3,5,6,9,2,3,5,2,3,6,2,1,1,1,2,2,2,1,0,1,0,0,0,0,0,1,0,820
內湖區,碧山里,2645,7303,3550,3753,28,46,39,25,27,36,27,24,15,30,18,12,18,17,14,27,9,17,12,24,5,13,16,15,5,16,11,13,10,12,8,16,10,15,7,13,7,12,5,12,12,9,10,9,7,5,9,11,3,5,5,9,7,7,3,2,3,1,0,2,0,2,1,1,2,1,0,1,0,0,2,0,815
內湖區,紫雲里,2292,6201,2999,3202,30,41,24,28,25,34,26,30,16,25,15,23,8,22,11,25,9,24,7,16,16,19,7,22,6,29,5,17,10,14,6,12,3,12,11,6,11,3,9,10,16,8,7,8,20,11,16,10,7,5,10,5,8,6,5,6,4,6,4,0,2,2,1,1,0,1,0,1,1,0,0,1,839
內湖區,清白里,3670,8771,4037,4734,43,58,36,47,46,37,32,19,27,22,22,21,9,19,18,12,6,20,13,21,12,27,12,14,8,13,7,15,11,13,10,21,7,17,11,14,14,12,9,14,9,13,7,6,8,5,7,7,4,4,4,3,6,6,7,4,0,6,3,3,1,5,1,1,0,0,0,0,0,0,0,0,909
內湖區,葫洲里,2723,7880,3745,4135,22,26,21,27,30,34,19,17,15,22,14,7,7,6,9,15,7,12,12,16,10,25,12,16,12,11,9,14,7,15,8,9,7,9,8,11,5,7,4,9,5,7,5,3,6,5,2,3,3,4,3,2,1,3,3,3,2,3,0,0,0,0,0,2,1,0,0,0,0,0,2,0,614
內湖區,紫陽里,3162,8444,4069,4375,52,62,52,37,42,36,34,42,23,19,15,17,18,19,17,32,14,17,12,15,12,24,18,17,10,16,9,15,10,25,10,10,9,9,6,9,5,6,9,12,6,8,5,8,9,8,10,8,4,7,6,8,2,2,4,5,1,5,1,1,1,1,1,1,0,0,0,1,0,0,0,1,930
內湖區,瑞陽里,3154,8129,3866,4263,41,48,26,49,33,49,42,38,23,38,16,26,16,36,9,44,16,33,20,36,20,35,10,23,8,34,7,32,12,17,10,17,9,23,14,20,9,16,19,12,27,16,26,9,29,8,28,11,29,9,7,3,7,2,12,1,5,3,7,1,1,1,1,2,4,1,2,0,0,1,0,0,1239
內湖區,瑞光里,1762,4802,2243,2559,32,34,31,30,26,23,9,17,26,17,11,16,5,14,6,16,9,14,6,12,6,12,8,11,8,16,2,17,11,15,7,12,4,10,4,8,7,8,6,2,9,7,9,8,5,3,8,1,6,4,6,4,2,4,2,1,4,3,2,2,1,2,1,0,0,1,0,1,0,0,1,1,626
內湖區,五分里,4100,11892,5706,6186,37,54,36,49,36,26,27,37,29,28,23,22,18,20,26,26,18,16,20,25,20,15,14,19,19,22,16,15,17,17,10,14,7,16,9,13,5,12,9,4,8,9,7,9,3,7,3,4,3,8,3,1,2,4,1,3,1,0,2,0,1,2,0,0,0,0,0,0,0,1,0,0,928
內湖區,東湖里,2994,8466,4059,4407,31,45,24,25,33,28,26,28,8,19,14,15,17,13,9,15,14,13,7,16,7,16,8,16,13,16,10,11,7,16,8,13,4,8,2,10,5,11,4,3,10,7,5,5,2,5,5,8,4,2,4,4,0,2,1,1,2,0,0,1,1,1,0,0,1,0,0,0,0,1,0,0,660
內湖區,樂康里,3182,9236,4422,4814,44,35,33,45,27,24,21,18,16,18,9,16,10,17,13,20,10,19,15,16,16,19,7,12,9,11,10,18,4,12,7,8,9,11,6,12,1,5,5,7,5,7,4,5,4,6,4,4,2,4,4,4,3,2,4,2,1,3,3,0,1,3,0,0,0,1,0,0,0,0,1,0,692
內湖區,內溝里,1836,5060,2496,2564,27,22,17,31,29,24,21,7,11,7,7,8,10,6,6,14,12,12,11,5,5,9,7,12,10,16,4,13,4,8,9,10,5,7,8,11,3,8,3,2,1,7,5,4,3,3,5,3,3,3,2,7,1,2,3,4,1,3,2,0,0,0,0,0,0,1,0,0,1,1,0,0,506
內湖區,週美里,3455,8070,3889,4181,46,39,33,43,36,52,36,35,19,33,20,26,21,24,25,17,18,27,13,21,13,14,14,30,20,23,14,20,21,22,14,27,10,21,10,13,12,10,9,13,8,7,7,3,3,9,3,4,6,5,3,5,1,3,1,5,2,2,1,4,1,3,0,1,0,0,0,0,0,0,0,0,1001
內湖區,行善里,2819,6996,3468,3528,46,44,25,36,31,37,22,25,18,24,14,14,9,23,21,17,13,18,10,28,13,30,13,18,15,13,11,16,12,13,6,14,8,12,8,13,9,10,11,17,10,12,14,7,7,5,5,7,3,5,5,7,3,4,4,5,1,2,1,1,1,0,1,2,0,0,0,0,0,0,0,0,849
內湖區,石潭里,1910,3941,1853,2088,10,18,16,18,14,23,16,20,10,15,5,15,8,14,12,12,9,14,10,10,11,8,3,11,11,11,6,8,6,8,5,7,4,9,3,3,7,7,2,1,2,5,3,4,5,4,2,4,1,3,0,7,0,3,2,1,2,2,1,2,2,1,1,0,0,0,0,0,0,0,1,0,458
內湖區,湖興里,3994,8871,4441,4430,69,43,49,47,55,43,33,26,28,37,22,17,15,26,31,27,29,16,21,21,13,17,14,20,4,10,13,19,12,15,7,17,8,14,10,10,7,17,12,11,6,13,11,11,7,8,9,5,8,11,5,7,7,5,3,2,1,2,2,2,2,0,0,1,0,0,0,0,0,0,0,2,1035
內湖區,湖元里,2104,5743,2775,2968,37,37,29,51,25,19,27,19,25,16,19,9,8,11,13,16,11,13,15,11,5,19,7,12,6,10,10,9,8,8,4,10,2,8,4,8,8,9,5,9,7,8,3,6,4,8,4,9,5,4,4,2,1,5,2,1,0,2,0,1,3,0,0,0,1,2,0,2,0,0,0,0,656
內湖區,安湖里,2748,8464,4044,4420,41,28,21,27,32,38,20,23,19,16,10,18,9,16,9,15,15,14,13,12,14,23,11,11,9,15,7,11,8,16,10,12,8,11,7,9,5,9,5,6,8,5,5,8,1,2,1,6,3,4,2,2,2,4,3,2,1,1,3,2,1,0,1,0,0,0,0,0,0,0,0,0,670
內湖區,秀湖里,2452,6527,3142,3385,39,43,41,46,32,33,29,38,24,30,19,16,12,18,21,17,16,19,20,16,9,21,13,22,17,14,16,25,10,11,9,12,8,16,11,11,9,6,5,17,8,7,6,7,3,9,5,8,2,7,4,4,4,7,6,2,4,0,1,3,1,3,0,0,0,0,0,0,1,0,0,0,893
內湖區,安泰里,2104,5806,2791,3015,33,36,22,31,22,26,21,13,18,15,16,5,10,11,11,12,12,12,8,6,7,12,6,10,6,10,6,9,8,7,3,7,6,6,2,7,5,8,7,5,3,5,2,6,4,1,7,2,5,1,1,2,2,1,5,2,2,1,1,0,0,0,1,1,0,0,0,0,1,0,0,0,533
內湖區,金湖里,3902,10481,4877,5604,36,52,31,45,29,31,21,24,20,27,12,20,16,23,28,19,12,26,10,22,20,20,13,28,11,24,7,10,12,22,6,22,10,22,7,14,11,10,4,24,10,9,9,6,5,12,10,9,5,6,2,2,4,3,2,2,2,3,3,1,1,4,0,1,2,0,0,1,0,0,1,1,917
內湖區,康寧里,3196,9733,4656,5077,34,48,36,34,31,35,19,30,19,31,23,21,14,16,23,18,21,14,13,16,15,15,13,15,12,19,14,13,12,12,6,17,13,14,7,12,12,6,10,14,8,8,8,6,7,7,6,10,5,6,3,4,4,6,5,3,3,1,0,3,4,2,1,1,2,0,0,1,1,1,0,2,865
內湖區,明湖里,1964,5948,2815,3133,20,30,20,11,13,18,13,10,8,14,7,7,5,9,6,12,7,10,4,8,8,7,4,6,7,7,8,13,10,7,4,10,1,7,8,6,5,4,2,6,1,1,3,5,6,3,2,3,1,3,1,1,2,3,2,0,1,3,1,1,0,0,0,1,0,0,1,0,0,0,0,0,407
內湖區,蘆洲里,505,1402,760,642,5,3,6,1,7,7,5,8,7,5,4,1,4,3,1,2,6,5,7,5,3,2,4,0,0,4,2,1,3,2,0,0,1,1,3,4,1,0,0,2,2,0,0,1,1,1,0,0,0,0,1,0,1,0,0,0,0,1,0,0,0,0,0,0,0,0,0,0,0,0,0,0,133
內湖區,麗山里,2297,6352,3057,3295,35,39,31,35,25,29,22,18,18,19,16,13,15,14,19,12,8,10,11,14,8,18,9,16,9,11,4,10,13,13,10,8,7,13,3,8,4,12,4,9,3,11,7,5,3,11,5,6,5,2,4,3,2,3,3,1,2,2,0,0,1,1,0,0,0,0,0,0,0,0,1,0,673
內湖區,寶湖里,3760,8967,4308,4659,49,48,35,48,32,44,27,36,23,26,20,15,21,20,20,25,15,17,14,20,14,12,16,16,11,12,6,12,5,14,9,11,5,10,5,9,1,15,6,2,5,4,7,5,8,4,11,7,3,2,5,5,1,2,3,7,2,0,1,5,4,3,0,0,0,0,0,0,0,1,1,2,844
內湖區,南湖里,2235,6193,2893,3300,10,13,18,13,11,14,12,21,18,12,13,9,11,12,7,9,12,10,7,14,5,13,6,10,9,11,2,12,5,8,2,8,3,8,6,9,1,4,1,4,3,6,3,4,2,6,6,1,5,1,6,4,0,3,3,1,1,1,1,0,0,0,0,0,0,0,0,1,0,0,0,1,432
士林區,仁勇里,1555,4233,2052,2181,26,27,20,25,19,29,19,22,14,24,14,7,16,14,14,25,18,17,16,19,19,19,18,15,11,17,9,16,11,16,9,13,9,8,8,15,7,12,11,6,4,9,4,8,4,1,6,7,2,1,6,3,3,0,1,2,0,0,0,3,0,1,0,1,0,0,1,0,0,0,1,1,703
士林區,義信里,1351,3390,1640,1750,20,21,12,23,21,14,3,15,8,17,16,16,7,19,10,12,12,13,10,13,8,9,11,11,12,9,11,9,5,11,3,11,6,13,5,7,10,6,1,11,8,3,7,9,2,4,3,1,2,2,0,2,0,3,3,1,2,0,1,1,0,2,0,0,0,0,0,0,0,0,0,1,508
士林區,福林里,1245,3185,1524,1661,16,25,17,23,14,17,18,16,12,19,8,13,6,15,15,15,14,13,6,15,8,20,9,10,8,21,11,13,9,13,10,17,7,8,10,10,3,4,11,11,6,9,4,5,3,6,3,7,6,6,4,4,0,8,4,3,1,2,4,2,2,1,2,0,0,0,0,0,0,0,0,2,604
士林區,福德里,2912,6137,3254,2883,54,51,52,32,38,46,29,44,29,27,20,19,30,19,28,25,16,29,17,19,22,14,21,22,20,21,18,16,14,14,16,15,16,17,11,13,14,11,10,10,8,12,5,7,15,6,11,9,10,5,10,4,14,4,4,3,9,3,1,1,8,6,6,3,4,0,3,3,2,1,5,3,1124
士林區,福志里,3033,7932,3746,4186,65,54,54,67,49,52,43,45,33,60,22,27,25,33,29,39,26,45,22,34,21,30,29,30,20,25,14,24,24,34,14,29,10,18,10,19,18,21,10,19,13,17,14,13,16,15,12,17,6,7,11,7,3,10,7,6,6,4,5,6,2,2,3,2,3,2,2,0,1,1,3,1,1460
士林區,舊佳里,2442,6382,3024,3358,42,62,41,49,44,43,27,41,36,41,17,26,24,27,26,28,25,22,25,38,19,21,15,29,19,31,17,23,19,19,8,22,10,23,21,14,9,16,11,15,9,12,9,11,13,12,1,12,7,9,0,7,8,5,1,4,2,2,4,3,2,0,0,1,0,1,0,2,1,1,2,4,1190
士林區,福佳里,2994,8264,3978,4286,40,56,38,55,44,61,31,42,43,44,24,23,25,41,33,35,31,33,22,43,38,33,29,38,28,25,14,26,19,40,16,22,13,26,19,16,15,17,9,10,9,10,15,16,12,13,6,6,7,5,4,7,5,3,5,3,2,5,3,1,2,2,0,2,1,0,3,1,0,0,0,0,1365
士林區,後港里,3090,8644,4258,4386,62,55,47,51,47,55,43,28,30,36,20,24,19,24,32,37,27,35,31,25,22,22,30,27,20,27,18,19,17,13,10,20,14,18,4,19,7,14,14,18,6,8,11,12,9,13,3,10,3,13,4,7,3,6,2,3,1,1,3,5,1,3,0,0,1,2,1,0,0,0,1,1,1214
士林區,福中里,2624,7462,3579,3883,44,59,42,41,28,48,31,28,24,21,22,28,14,24,26,20,20,27,15,24,25,12,18,28,20,15,13,22,12,10,10,14,8,10,8,8,8,12,11,11,7,3,7,5,7,5,3,5,0,4,3,2,0,6,0,3,1,0,1,2,1,2,0,0,0,0,0,0,0,0,0,0,928
士林區,前港里,1760,4894,2334,2560,30,21,20,29,24,25,15,22,25,18,18,12,12,11,15,14,10,7,12,15,10,18,5,10,8,18,11,10,12,11,6,10,9,9,4,7,5,7,3,12,8,6,4,5,3,6,1,3,0,3,1,1,1,3,1,1,1,0,1,3,0,1,0,3,0,0,0,0,0,0,1,0,597
士林區,百齡里,2551,7621,3742,3879,42,58,44,50,42,49,38,46,36,31,19,28,25,22,23,20,22,18,23,26,18,18,15,17,15,17,17,15,11,15,7,20,5,9,13,10,5,14,7,13,7,8,9,7,4,6,2,5,5,9,5,6,0,0,4,4,1,4,0,0,0,2,1,2,0,1,0,0,0,0,0,0,1015
士林區,承德里,2390,5938,2793,3145,46,35,32,40,38,45,23,29,27,23,13,23,17,19,17,24,12,18,14,19,16,28,14,33,16,15,18,15,15,15,11,14,9,14,5,10,9,7,5,16,6,15,14,13,12,12,10,8,5,3,8,5,3,1,2,2,1,1,1,3,2,0,1,0,2,1,0,0,0,0,0,0,930
士林區,福華里,2597,6772,3244,3528,37,49,33,53,31,43,24,32,22,27,11,18,16,20,16,21,19,23,17,30,24,18,14,30,18,29,16,21,9,27,13,18,13,19,7,18,8,12,8,11,15,14,8,11,8,7,5,7,6,9,6,6,1,5,3,3,2,1,2,1,0,3,2,1,0,1,0,1,0,0,1,0,1004
士林區,明勝里,1962,5218,2524,2694,40,51,38,45,33,24,23,33,17,33,15,22,15,17,12,17,23,19,19,20,14,17,10,21,7,21,9,22,9,17,12,12,10,9,15,21,9,10,8,11,6,11,10,13,5,7,3,11,3,8,3,5,3,0,3,5,2,3,0,0,2,1,0,2,0,1,0,1,1,0,0,0,889
士林區,福順里,2108,5606,2789,2817,35,37,31,42,32,34,26,20,20,27,14,15,16,15,15,19,22,17,20,26,23,18,30,20,10,18,14,22,14,14,11,8,10,20,15,10,12,10,9,11,9,10,6,7,5,8,2,6,7,4,1,4,1,3,1,2,0,5,0,1,1,0,0,1,0,0,0,1,0,0,0,0,867
士林區,富光里,2147,6236,3053,3183,42,49,34,42,29,40,26,32,18,27,13,17,18,21,19,26,24,21,18,22,17,16,15,22,24,27,20,16,6,15,7,9,6,11,11,15,13,8,4,14,5,11,5,7,4,8,3,9,3,3,0,5,4,4,1,2,0,3,0,2,0,3,1,0,0,2,0,0,0,0,0,3,902
士林區,葫蘆里,2849,8194,3945,4249,36,58,33,39,30,42,22,23,23,43,18,28,27,21,27,42,22,38,23,34,27,44,32,25,18,23,11,32,15,29,19,22,14,15,11,17,9,16,12,12,12,11,12,7,5,11,4,7,9,8,6,5,5,1,2,2,2,4,0,0,0,0,2,2,0,0,0,0,0,0,2,0,1151
士林區,葫東里,1588,4353,2117,2236,30,29,27,28,28,25,14,24,11,14,13,12,12,11,12,17,9,15,13,20,14,15,15,19,7,8,9,8,10,11,7,14,11,7,3,10,7,8,5,8,4,6,9,8,4,2,0,3,2,0,2,2,1,3,3,1,0,1,0,1,0,1,2,1,0,0,0,0,0,1,0,2,619
士林區,社子里,2442,6872,3356,3516,67,48,35,39,42,24,24,35,21,30,18,23,18,24,15,21,23,24,14,23,15,19,23,23,20,28,18,25,16,23,15,16,12,10,9,8,6,9,9,12,3,8,7,5,4,11,5,6,5,6,1,3,4,3,3,3,1,1,1,3,0,0,1,0,1,1,2,0,0,0,0,2,974
士林區,社新里,3464,9672,4823,4849,64,67,55,63,42,58,41,45,34,46,18,34,34,26,32,32,32,38,28,35,28,34,17,29,20,26,13,22,17,29,18,21,11,19,9,17,11,14,11,15,5,9,6,10,7,14,2,6,6,9,4,3,1,8,1,1,1,4,2,3,0,2,1,0,1,2,0,0,0,1,0,0,1314
士林區,社園里,2630,7776,3900,3876,51,52,36,38,43,35,43,28,21,42,18,20,17,20,32,28,20,32,21,24,19,26,32,19,19,22,14,21,8,16,8,16,13,22,15,20,7,10,9,13,7,8,8,7,4,5,1,4,3,4,2,8,2,1,0,2,4,1,0,0,0,0,0,1,0,0,0,1,0,0,0,1,1024
士林區,永倫里,2754,7696,3821,3875,50,64,44,54,37,42,28,42,34,42,17,24,25,25,23,26,15,26,28,22,25,30,23,26,13,32,16,13,19,12,10,20,14,15,9,14,7,10,14,8,6,18,8,9,5,8,2,8,3,5,4,6,2,5,4,3,3,3,1,4,0,1,0,0,1,0,0,0,0,1,0,0,1108
士林區,福安里,1850,5086,2701,2385,36,26,21,26,26,24,17,15,14,20,16,11,12,17,14,16,19,25,18,14,13,12,19,18,10,23,9,12,13,13,17,12,11,10,8,2,9,14,5,14,4,8,5,3,10,3,4,4,3,1,4,1,1,2,2,3,2,1,1,3,0,0,0,0,0,0,0,1,0,0,0,0,697
士林區,富洲里,2394,6096,3222,2874,36,34,35,35,27,28,21,23,22,25,21,14,20,23,19,17,24,20,22,22,19,21,15,15,14,24,15,16,10,12,9,11,14,9,4,8,7,6,9,13,7,7,5,6,4,12,2,3,2,6,3,1,3,6,4,4,0,1,0,5,1,0,0,0,0,0,0,0,0,0,1,0,822
士林區,岩山里,1280,3594,1720,1874,25,29,19,26,20,19,17,20,16,16,6,14,5,15,8,22,3,13,14,15,4,8,9,6,8,9,4,12,7,9,8,4,2,6,3,8,8,6,6,10,4,3,10,6,6,7,3,1,4,4,4,6,2,3,5,4,3,1,1,0,1,1,0,0,0,0,1,1,0,0,1,0,541
士林區,名山里,2696,7585,3489,4096,44,56,37,60,32,47,31,36,31,39,26,23,23,26,25,27,23,44,21,28,22,32,21,26,18,20,18,24,7,23,7,17,8,34,13,18,11,17,7,9,13,12,9,7,8,9,11,15,8,9,7,4,5,8,4,5,0,3,2,4,2,3,4,1,0,1,1,0,1,0,0,1,1188
士林區,德行里,1902,4603,2146,2457,27,50,22,37,23,40,26,32,23,26,17,16,16,21,12,22,14,18,16,16,15,15,12,20,18,15,7,16,10,14,9,12,5,8,5,7,4,10,5,11,12,5,4,4,4,6,4,5,2,2,4,1,5,3,0,4,0,3,2,1,2,1,0,1,0,1,0,1,0,0,0,2,771
士林區,德華里,2226,5833,2722,3111,42,47,31,51,42,43,32,38,30,21,16,22,20,25,21,16,13,28,16,21,16,22,20,30,13,24,15,18,10,19,15,11,9,10,8,13,4,13,10,16,6,13,4,5,4,7,8,10,6,5,1,3,3,5,1,6,1,3,3,3,1,2,0,0,0,1,0,0,0,1,0,0,973
士林區,聖山里,1955,5367,2552,2815,40,30,27,38,33,39,25,29,21,35,17,22,18,20,11,23,20,28,11,20,10,26,13,14,13,13,6,16,5,11,4,5,10,7,7,9,6,8,8,12,12,7,11,5,8,5,7,7,10,8,6,5,6,4,3,5,5,1,3,2,4,1,1,1,1,1,0,4,1,1,1,2,848
士林區,忠誠里,2186,5904,2850,3054,35,45,21,48,31,44,41,36,20,36,20,35,16,26,22,21,12,25,12,29,18,34,20,20,13,26,16,23,11,18,10,12,8,13,22,12,13,13,25,11,26,6,15,2,8,11,5,6,6,4,5,6,8,4,7,1,3,4,1,2,4,4,2,0,3,1,0,0,0,0,0,0,1057
士林區,芝山里,2809,8004,3830,4174,70,58,44,45,37,47,39,37,33,40,17,29,25,22,13,21,21,17,15,15,12,19,10,18,22,19,10,22,12,17,12,18,11,12,9,13,9,11,12,13,7,10,7,19,2,7,2,14,7,10,10,9,4,1,0,4,4,1,3,0,0,0,2,1,1,0,0,0,0,1,0,2,1054
士林區,東山里,1815,5429,2647,2782,35,38,36,36,20,33,13,20,17,26,18,12,8,22,8,30,10,18,13,24,7,17,7,19,11,15,1,15,12,17,10,12,10,15,18,11,12,13,20,10,15,4,18,5,14,4,15,2,10,2,4,4,4,1,4,1,2,3,2,1,0,1,1,1,1,0,0,0,1,0,1,0,810
士林區,三玉里,2174,6170,2890,3280,39,53,40,48,37,35,35,37,27,25,17,18,17,15,10,15,21,18,23,15,19,19,15,21,12,12,7,25,7,11,6,11,9,10,9,13,5,16,13,18,7,10,7,15,10,13,6,5,3,5,4,3,1,7,4,3,1,2,1,1,3,2,1,1,1,1,0,0,0,1,1,1,923
士林區,蘭雅里,3323,9135,4289,4846,66,79,59,62,54,61,46,46,50,39,35,27,35,33,34,30,24,34,16,29,27,32,16,30,18,22,13,26,8,24,13,20,13,20,13,14,16,13,11,19,8,14,18,21,6,11,8,12,8,6,2,9,9,6,1,3,4,6,3,2,3,0,2,0,1,1,1,0,0,0,1,3,1396
士林區,蘭興里,2465,6867,3254,3613,44,44,36,47,33,43,44,32,28,38,17,23,15,30,18,19,19,22,22,23,13,20,22,18,12,24,15,22,18,14,9,12,8,17,9,10,9,12,4,19,7,12,7,10,7,7,4,4,3,3,9,3,2,4,6,3,2,2,2,2,1,0,1,0,0,0,0,1,1,0,0,0,987
士林區,天福里,2327,6607,3061,3546,52,53,48,50,24,57,19,31,35,34,11,26,12,16,20,26,21,17,17,12,16,25,23,14,14,18,7,17,7,18,8,9,6,16,7,15,6,9,2,9,7,8,8,8,5,15,2,10,4,5,0,5,7,6,4,7,0,3,2,3,1,0,2,2,0,2,0,0,0,0,0,0,943
士林區,天祿里,1981,5508,2562,2946,41,58,34,38,32,42,27,30,29,33,20,23,18,27,17,21,19,23,16,17,17,15,9,15,11,18,8,12,9,13,8,7,10,6,6,11,7,12,2,7,8,12,6,15,8,12,5,5,5,8,3,2,4,3,1,2,0,2,2,3,1,0,0,1,1,0,0,1,0,0,1,1,880
士林區,天壽里,1963,5335,2495,2840,40,51,25,43,45,37,38,20,22,23,23,12,17,18,18,18,22,16,13,15,10,15,16,12,8,15,9,13,9,11,7,9,7,16,7,15,1,13,8,10,7,6,3,12,5,17,6,9,6,11,4,3,2,3,1,3,1,0,2,2,1,0,3,3,0,0,0,1,0,0,0,0,838
士林區,天和里,2769,8062,3830,4232,66,57,61,48,53,48,36,30,25,23,25,22,19,18,23,17,19,20,23,31,13,20,21,22,13,19,11,19,11,16,8,16,8,26,12,19,9,17,11,13,12,19,7,13,12,17,5,7,9,9,8,9,7,9,1,0,3,3,2,0,6,1,1,2,0,3,0,1,1,2,0,0,1137
士林區,天山里,2713,7360,3446,3914,60,59,50,56,41,47,31,39,38,34,17,21,21,19,18,30,17,20,14,23,24,18,17,20,18,23,22,19,16,21,7,20,14,26,10,18,11,17,19,15,10,14,14,15,11,19,11,6,9,5,8,9,7,7,6,3,5,6,3,3,1,3,2,5,0,0,3,1,1,0,1,1,1199
士林區,天玉里,3497,9391,4324,5067,73,70,54,48,53,52,45,61,39,40,26,34,22,36,26,41,20,40,29,29,20,35,13,27,13,18,23,29,16,18,16,27,16,20,11,12,16,19,15,15,18,16,8,16,10,18,7,12,5,9,8,8,8,9,5,9,0,7,4,6,1,5,5,3,0,0,0,2,1,0,0,2,1419
士林區,天母里,2583,7094,3355,3739,54,53,40,48,39,43,44,37,21,35,24,22,13,26,31,20,15,30,20,34,22,20,13,26,21,19,13,24,13,19,11,17,10,21,8,15,13,19,4,8,11,19,14,10,4,9,9,12,9,7,2,10,2,6,5,4,1,5,5,4,3,4,1,1,0,2,1,0,3,0,1,2,1131
士林區,永福里,462,1301,650,651,6,13,6,12,12,12,9,4,8,8,4,5,6,4,5,5,8,11,7,4,4,5,10,7,5,1,7,7,3,9,3,6,3,2,2,4,3,3,4,3,1,6,1,2,1,2,5,3,2,5,1,1,3,3,3,3,0,1,0,4,0,1,2,1,1,1,0,0,1,0,2,0,296
士林區,公館里,537,1442,750,692,9,7,12,4,7,12,11,4,5,8,2,7,1,6,6,3,12,9,4,6,5,1,6,5,4,8,3,5,8,4,3,3,3,9,1,7,2,7,2,4,3,0,2,0,3,2,2,2,4,2,1,2,0,2,0,2,2,2,1,0,0,1,0,0,0,0,0,0,0,0,2,0,260
士林區,新安里,769,2039,1023,1016,16,16,14,14,15,15,10,15,9,10,5,11,9,12,11,10,11,9,11,9,7,8,7,9,8,11,8,5,6,5,10,10,7,8,7,5,5,10,10,3,5,4,5,8,3,4,3,3,4,5,4,5,2,4,1,2,0,2,1,2,1,1,0,0,1,0,0,0,0,0,1,1,453
士林區,陽明里,1405,3125,1500,1625,29,20,19,35,15,25,22,18,16,18,12,12,12,14,10,19,9,18,12,18,15,16,10,19,12,18,11,13,12,10,8,16,13,16,9,8,5,9,7,8,8,8,5,8,8,9,4,9,10,9,6,4,6,3,3,6,0,2,4,1,3,3,0,4,0,0,1,2,1,0,1,0,716
士林區,菁山里,582,1696,923,773,12,10,14,9,11,11,11,6,7,5,4,7,7,3,4,7,7,10,5,9,7,6,4,7,5,3,6,6,3,7,5,4,4,5,5,5,3,4,5,2,2,1,4,1,0,1,6,3,1,1,0,0,0,0,0,1,1,2,0,3,0,2,0,0,0,0,0,0,0,0,0,0,284
士林區,平等里,533,1554,791,763,6,6,12,11,11,9,10,10,7,6,4,10,6,3,8,1,9,6,6,7,8,7,7,7,7,5,7,2,5,4,3,4,5,7,3,4,4,1,1,3,4,2,3,1,2,1,0,3,2,4,2,1,2,1,1,1,0,3,1,0,0,0,0,0,0,0,0,0,0,0,0,0,276
士林區,溪山里,555,1529,793,736,17,7,7,13,12,9,12,5,3,8,2,8,8,7,6,9,1,8,4,8,13,13,9,5,9,6,4,8,5,5,5,2,1,9,3,2,2,3,3,5,1,1,2,4,3,1,3,2,1,1,0,1,0,0,1,2,0,2,0,0,1,0,0,1,0,0,0,0,0,1,1,0,295
士林區,翠山里,1190,2753,1307,1446,21,28,12,15,23,21,19,13,9,22,8,19,9,16,5,21,14,19,8,20,13,20,7,10,9,8,9,11,9,14,3,10,5,6,10,11,6,7,7,4,8,7,6,5,6,8,14,6,2,6,5,6,13,5,9,2,3,3,7,0,2,1,2,0,2,1,1,1,0,1,3,1,637
士林區,臨溪里,1200,3055,1506,1549,26,18,14,19,15,26,21,16,14,24,5,11,5,15,12,11,7,14,9,16,15,17,14,17,14,13,13,11,12,8,6,12,14,12,3,11,5,8,7,10,9,5,9,2,5,5,7,6,7,3,4,3,3,1,4,5,3,2,3,0,1,1,1,2,1,0,0,0,0,0,1,0,613
北投區,建民里,1720,4448,2139,2309,31,30,27,32,32,32,32,24,19,16,18,21,14,14,20,16,24,21,7,14,13,15,12,16,10,18,11,13,9,11,8,9,14,10,10,12,5,13,9,14,4,11,6,9,5,9,2,5,6,7,3,5,3,2,3,10,2,0,1,3,0,1,2,1,0,1,1,1,1,1,2,1,784
北投區,文林里,1670,4369,2107,2262,24,34,27,32,23,30,20,33,28,20,21,20,16,22,22,24,13,13,12,12,10,21,11,25,8,13,8,16,9,19,5,6,8,12,8,9,6,8,10,5,8,8,7,6,5,7,3,5,2,4,1,5,3,0,1,2,1,1,2,1,0,4,3,0,0,1,0,0,0,1,0,0,744
北投區,石牌里,2096,5610,2663,2947,39,57,37,46,22,36,19,29,34,28,16,22,22,18,21,30,14,23,19,13,17,8,13,17,12,10,13,19,18,21,9,15,7,16,5,3,9,10,5,7,10,10,5,3,6,4,4,7,0,4,1,7,1,6,2,1,1,1,0,1,0,2,0,1,1,1,0,0,0,0,1,0,859
北投區,福興里,2701,7595,3571,4024,45,45,29,31,37,45,32,33,16,33,17,18,16,16,18,19,21,25,20,23,26,20,20,34,8,24,6,20,7,13,7,16,4,19,16,7,11,13,13,10,6,9,11,6,6,4,2,3,13,5,4,3,3,8,4,2,3,3,1,2,2,1,0,2,0,0,1,1,0,0,0,0,938
北投區,榮光里,2810,8155,3882,4273,50,57,48,49,29,51,34,42,22,25,20,31,32,27,19,35,20,24,19,19,20,23,18,25,11,23,15,24,12,17,10,21,10,23,10,11,11,19,11,11,12,9,8,7,8,5,3,8,5,6,3,4,3,4,2,2,1,1,3,5,2,1,1,1,3,0,0,0,0,1,2,2,1090
北投區,榮華里,2967,7824,3728,4096,60,60,41,53,43,72,42,54,44,50,22,35,21,22,29,31,25,25,32,31,22,29,17,14,18,21,18,28,16,13,15,13,7,14,10,13,10,10,11,16,7,18,10,8,10,13,9,14,5,7,9,7,2,4,2,10,0,1,1,1,1,2,2,0,1,0,0,2,0,0,1,1,1255
北投區,裕民里,3095,8091,3851,4240,59,67,46,63,41,43,33,43,26,36,24,20,33,40,24,22,15,20,35,33,18,26,17,20,22,20,18,16,16,17,8,16,12,18,10,15,12,21,9,11,12,9,9,5,7,10,8,0,5,8,10,5,4,8,2,7,1,6,3,6,0,4,2,2,0,2,1,3,0,1,1,2,1188
北投區,振華里,2911,8105,3854,4251,57,64,54,69,49,54,39,58,40,50,25,25,35,35,31,37,26,34,26,36,21,28,18,37,20,25,15,23,9,21,15,17,6,15,12,18,10,19,14,9,15,13,5,15,9,8,2,10,9,12,6,7,7,5,4,7,8,6,1,3,1,1,1,2,2,3,1,1,2,0,0,0,1362
北投區,永和里,3711,9767,4656,5111,71,69,50,48,40,44,38,41,28,39,24,33,33,37,21,42,22,26,29,31,21,38,21,33,27,23,22,31,12,16,17,21,11,25,12,15,17,13,15,27,14,19,7,12,11,8,8,19,4,11,6,9,9,6,5,7,3,0,3,3,3,2,1,2,0,1,1,3,1,0,1,3,1365
北投區,永欣里,3428,8269,3877,4392,42,68,47,33,43,60,30,42,35,34,27,31,24,29,20,37,13,30,17,25,15,29,15,32,16,16,15,28,15,14,16,21,11,18,12,24,9,20,15,12,13,9,14,10,12,11,9,14,8,9,8,8,5,7,8,5,3,3,4,4,2,6,2,1,1,0,2,0,2,2,2,1,1225
北投區,永明里,1885,5276,2469,2807,33,34,24,41,29,28,28,23,13,22,13,20,20,15,14,16,11,27,15,23,11,19,4,13,8,10,5,9,4,14,5,7,4,7,3,7,5,5,7,4,11,10,5,5,8,4,8,6,4,2,7,2,3,2,2,4,1,3,0,3,2,3,1,0,0,1,0,1,0,0,1,1,700
北投區,東華里,1613,4682,2204,2478,32,38,27,34,26,28,16,20,19,22,12,18,14,9,15,18,13,23,11,18,12,12,3,10,11,13,5,9,9,8,6,6,3,12,2,9,4,7,6,4,6,8,8,9,10,5,5,4,9,2,5,3,4,3,2,0,2,2,1,2,3,3,1,2,0,2,0,0,0,0,4,1,670
北投區,吉利里,2581,7624,3662,3962,47,59,34,35,29,42,20,38,35,42,17,24,20,26,20,21,19,18,18,29,17,19,16,19,14,22,10,14,11,16,9,10,6,14,2,17,7,14,13,13,9,11,6,6,11,8,3,7,7,7,7,5,6,2,2,2,4,1,0,2,1,2,0,1,0,2,0,2,0,0,0,0,970
北投區,吉慶里,1977,5741,2732,3009,31,33,27,36,17,29,24,28,17,23,13,13,12,13,12,28,14,15,13,23,15,18,13,14,16,18,10,16,7,18,9,14,7,6,4,7,10,11,2,6,7,8,4,10,4,10,9,4,6,8,7,9,3,1,2,4,3,5,3,0,1,0,1,0,3,1,0,2,0,0,0,1,758
北投區,尊賢里,1783,5159,2441,2718,26,32,34,32,18,34,23,25,18,27,20,23,14,22,22,17,13,20,18,17,17,18,12,19,13,13,6,15,9,18,2,10,10,8,5,8,9,13,5,6,4,5,7,4,5,6,0,2,1,0,0,2,2,2,1,3,2,1,1,2,1,1,0,2,0,2,1,0,0,0,0,0,728
北投區,立賢里,2061,5940,2821,3119,43,42,26,45,28,39,28,30,15,29,14,11,8,13,24,13,15,16,16,15,16,22,15,15,8,20,8,9,5,12,6,9,9,8,5,6,5,8,3,10,4,4,4,5,8,7,3,5,6,8,4,7,1,4,2,2,0,1,0,0,0,1,0,0,0,0,0,1,0,0,0,0,746
北投區,立農里,3421,9716,4694,5022,58,71,58,59,45,45,28,43,31,42,21,25,20,27,26,27,26,28,19,26,13,21,14,19,15,21,13,11,11,19,9,16,10,22,12,12,13,15,4,12,9,11,4,10,7,7,5,5,6,3,2,8,7,7,3,1,5,3,3,0,2,2,2,0,1,1,0,2,0,0,0,0,1123
北投區,八仙里,2173,5806,2844,2962,48,37,40,38,30,22,21,24,17,24,12,20,14,25,19,19,15,23,13,15,18,18,13,12,10,15,7,17,13,9,9,9,3,18,9,8,2,11,8,10,7,4,8,3,6,7,4,3,2,6,3,5,5,6,3,3,2,0,0,3,1,2,0,2,1,1,0,0,0,2,0,0,784
北投區,洲美里,847,2205,1119,1086,13,14,11,7,12,9,9,12,6,6,8,5,10,8,8,12,7,10,4,9,12,8,6,2,2,4,4,7,7,7,1,4,6,1,5,4,1,3,3,6,3,2,7,2,0,5,2,3,2,0,1,2,0,4,2,2,0,0,0,0,2,0,0,1,0,0,0,0,0,0,0,0,313
北投區,奇岩里,3755,10211,5006,5205,66,70,57,69,60,67,50,60,35,35,29,36,25,29,28,39,24,38,36,31,34,25,26,35,25,39,17,26,18,23,12,18,12,29,15,15,8,13,17,10,11,17,9,13,6,9,7,12,6,14,1,5,2,4,6,7,4,5,3,6,1,2,2,1,1,0,2,1,0,0,1,0,1459
北投區,清江里,4233,9878,5014,4864,55,67,52,59,42,56,41,63,40,36,38,21,33,26,35,35,29,34,25,36,32,34,21,39,25,31,20,33,20,26,15,27,19,26,19,15,15,22,23,14,17,10,11,11,10,6,8,19,5,9,6,8,5,5,3,3,5,2,0,2,0,2,3,1,1,1,0,2,2,0,2,1,1459
北投區,中央里,3408,9064,4346,4718,42,66,36,47,37,57,33,37,30,30,27,26,17,31,38,27,16,33,29,23,27,23,16,41,20,29,12,30,13,15,18,25,13,20,13,15,15,18,12,9,8,13,10,16,8,15,4,8,5,8,1,4,2,4,1,6,2,1,0,5,3,1,0,0,0,0,1,0,0,1,1,0,1194
北投區,長安里,2644,6427,2994,3433,36,53,37,33,28,29,25,37,22,27,17,28,13,13,18,28,18,24,15,17,14,21,11,23,18,22,6,27,20,17,9,13,14,14,7,11,8,17,6,7,13,12,6,12,8,5,12,6,3,3,4,3,5,6,3,6,2,4,1,3,0,2,1,1,0,1,0,0,0,0,0,0,925
北投區,大同里,2375,6221,3076,3145,36,35,45,42,29,37,28,18,13,18,20,19,8,28,18,26,18,15,17,23,16,24,18,17,16,19,10,6,12,12,7,11,12,17,8,13,10,13,8,11,8,12,6,13,9,9,6,5,4,4,3,9,3,3,2,1,1,0,2,1,3,0,0,1,1,0,0,0,0,0,0,2,861
北投區,溫泉里,2789,6973,3276,3697,38,49,32,46,39,44,28,42,30,33,18,31,25,25,18,28,17,36,18,22,15,23,18,24,11,24,12,23,18,15,25,18,8,13,15,17,9,11,9,12,11,9,8,11,11,6,7,13,5,13,5,6,5,9,1,2,3,4,1,3,1,1,2,0,1,1,0,0,0,1,0,2,1081
北投區,林泉里,1478,3330,1608,1722,28,31,19,30,19,20,16,14,16,14,12,14,12,6,12,14,10,14,16,18,9,10,8,7,4,9,10,5,2,7,4,11,1,8,5,7,6,7,4,9,5,5,6,4,7,4,4,0,4,3,0,0,2,0,0,7,2,0,2,1,0,0,0,0,0,1,0,1,0,1,0,0,527
北投區,中心里,3052,6695,3098,3597,39,51,27,47,26,33,20,33,32,27,25,26,20,16,24,26,18,30,18,24,19,21,19,31,12,25,9,20,8,21,7,16,14,9,6,25,9,14,6,11,12,9,10,14,10,11,5,7,2,7,5,1,1,9,5,4,5,1,0,2,1,0,1,2,0,1,0,0,2,0,3,1,995
北投區,中庸里,1760,4547,2204,2343,21,33,23,36,25,25,20,24,20,31,16,9,17,18,16,13,15,13,14,25,9,14,18,19,9,23,13,9,7,8,6,15,13,12,8,13,8,6,8,5,11,6,9,3,5,4,4,5,3,3,7,2,1,5,0,4,3,0,2,1,1,1,0,2,1,0,0,1,0,1,0,0,722
北投區,開明里,2586,6825,3257,3568,43,55,34,44,32,49,29,43,28,39,23,16,18,26,19,26,17,29,26,43,23,21,17,19,16,23,7,15,11,16,12,15,10,12,7,20,15,12,11,10,6,12,11,6,12,12,7,10,7,9,7,5,4,4,4,3,1,1,1,2,1,0,1,1,0,2,0,0,0,1,0,1,1062
北投區,中和里,1975,5261,2533,2728,27,42,27,34,24,33,21,30,25,25,10,19,19,26,10,18,15,33,17,20,14,23,19,28,14,17,10,22,12,26,13,9,6,12,10,9,13,7,9,9,12,12,9,9,8,11,10,6,7,6,9,5,6,3,6,2,1,0,1,2,1,2,1,1,0,0,1,0,0,0,0,0,888
北投區,智仁里,2334,6699,3209,3490,35,50,28,31,32,46,21,30,29,31,14,22,16,30,20,21,13,22,19,32,14,22,11,28,14,19,11,17,10,16,10,12,5,11,7,10,7,11,6,12,8,11,8,11,5,8,13,9,6,3,8,9,0,1,1,6,2,1,1,2,0,1,1,0,1,0,0,0,1,0,0,1,913
北投區,秀山里,1240,3451,1697,1754,27,19,23,21,18,19,14,19,14,17,9,22,14,14,11,16,16,21,13,17,12,13,10,17,9,13,9,15,7,13,9,9,7,6,1,5,6,7,9,8,7,2,14,6,11,6,1,6,1,7,4,3,3,0,4,2,2,0,1,2,2,2,2,0,0,0,0,2,0,0,0,0,619
北投區,文化里,1673,4542,2188,2354,20,29,16,19,21,23,15,17,14,24,10,7,8,13,10,25,6,15,9,18,2,23,8,8,5,15,4,19,4,7,5,6,6,6,5,3,8,8,9,11,16,8,8,9,10,4,4,9,16,10,5,2,2,7,3,5,1,4,3,3,1,1,2,0,0,1,0,0,0,3,1,0,619
北投區,豐年里,1702,4906,2395,2511,18,25,26,31,23,31,15,22,14,19,18,13,5,16,12,22,16,16,16,20,15,18,9,19,10,12,10,13,7,11,11,16,9,7,7,9,3,12,5,11,3,5,6,2,5,4,6,3,4,2,2,5,2,2,1,2,0,1,1,2,0,0,0,0,0,0,0,0,0,0,0,0,650
北投區,稻香里,2176,5570,2791,2779,20,36,38,36,27,32,27,24,13,27,17,15,9,12,17,19,12,23,11,23,15,22,21,20,11,16,11,14,5,12,8,13,11,18,5,14,14,10,14,8,9,9,14,10,7,8,15,6,11,8,6,5,9,5,1,2,4,5,1,2,2,0,0,0,1,0,0,0,1,1,0,0,842
北投區,桃源里,2322,6301,3097,3204,41,47,25,36,28,28,19,20,24,18,12,10,18,21,16,12,12,17,15,17,16,16,17,19,11,17,7,20,8,14,9,14,9,19,8,10,4,10,9,7,12,4,2,8,8,6,2,3,2,8,1,3,2,4,1,1,2,0,2,2,1,0,1,0,0,0,0,1,1,0,2,0,759
北投區,一德里,2805,7780,3844,3936,39,41,41,31,32,21,28,35,14,25,26,18,18,24,23,24,23,15,15,20,24,23,16,22,16,14,16,19,10,16,4,18,10,12,10,19,6,12,10,8,10,10,7,8,9,10,8,7,2,12,6,5,3,4,0,2,0,2,2,1,1,0,0,1,0,0,1,0,0,0,1,0,910
北投區,關渡里,4191,11836,5838,5998,83,75,65,71,56,55,40,58,42,39,44,31,23,38,34,39,34,37,29,25,27,36,33,33,37,30,30,34,31,28,19,23,22,22,34,16,29,13,19,23,19,20,15,24,17,14,19,11,7,7,13,9,11,12,8,3,9,4,8,2,1,3,4,3,2,1,1,3,0,2,4,1,1714
北投區,泉源里,848,2429,1277,1152,16,20,13,20,10,11,14,10,9,17,5,9,10,6,8,9,8,9,5,16,7,9,9,9,11,10,10,5,8,6,6,5,4,8,11,6,5,2,4,8,3,4,3,2,5,4,1,5,5,3,2,1,2,2,2,1,1,2,2,1,0,1,0,0,0,1,0,0,1,0,0,0,422
北投區,湖山里,703,1791,931,860,11,15,14,11,14,11,11,12,11,7,6,5,11,9,11,8,7,13,8,8,9,2,9,6,7,9,9,10,5,1,6,12,3,4,5,8,5,9,4,5,2,6,6,3,1,5,4,6,1,5,3,0,1,2,1,2,1,0,4,5,2,1,0,1,0,0,0,0,0,0,0,0,393
北投區,大屯里,433,1257,664,593,11,8,7,5,10,5,5,8,4,7,3,4,4,5,8,7,8,2,6,6,5,5,3,4,10,4,8,3,4,4,2,4,0,4,2,3,1,2,3,1,3,1,3,3,0,3,2,3,1,1,1,3,1,1,1,0,0,1,0,1,0,0,1,0,0,0,0,0,0,0,0,0,225
北投區,湖田里,386,1020,557,463,6,10,11,3,5,3,5,1,5,4,2,2,1,1,6,3,5,7,2,5,4,4,7,4,4,6,3,5,2,4,4,4,1,3,2,2,1,0,2,1,3,0,1,4,1,0,1,5,3,1,2,1,0,2,0,1,1,0,0,0,0,1,0,0,0,0,0,0,1,0,0,0,178
,,,,,,,,,,,,,,,,,,,,,,,,,,,,,,,,,,,,,,,,,,,,,,,,,,,,,,,,,,,,,,,,,,,,,,,,,,,,,,0
,,,,,,,,,,,,,,,,,,,,,,,,,,,,,,,,,,,,,,,,,,,,,,,,,,,,,,,,,,,,,,,,,,,,,,,,,,,,,,0