縣市代碼,縣市名稱,學校代碼,學校名稱,班級數,一年級,二年級,三年級,四年級,五年級,六年級,學生數,男學生,女學生,一年級男,一年級女,二年級男,二年級女,三年級男,三年級女,四年級男,四年級女,五年級男,五年級女,六年級男,六年級女,畢業生,男畢業生,女畢業生,男專任教師,女專任教師,女職員
01,新北市,011601,私立育才國小,24,4,4,4,4,4,4,910,479,431,84,98,86,81,83,58,83,61,75,76,68,57,161,95,66,5,32,3
01,新北市,011602,私立聖心國小,18,3,3,3,3,3,3,724,313,411,56,64,57,63,56,63,53,69,49,73,42,79,122,53,69,5,23,5
01,新北市,011603,私立及人國小,42,7,8,7,8,7,5,"1,943","1,080",863,203,170,171,150,176,144,206,139,190,148,134,112,277,129,148,10,82,4
01,新北市,011604,私立竹林國小,36,6,6,7,6,6,5,"1,494",811,683,129,132,131,118,159,130,153,118,126,100,113,85,186,101,85,10,45,8
01,新北市,011605,私立康橋國(中)小,21,4,4,4,3,3,3,"1,092",587,505,109,99,110,98,111,97,88,68,77,79,92,64,194,115,79,3,29,18
01,新北市,011606,私立信賢種籽親子實小,6,1,1,1,1,1,1,91,47,44,8,8,8,8,9,7,7,9,9,6,6,6,11,9,2,3,6,2
01,新北市,014601,縣立板橋國小,96,17,13,15,16,17,18,"3,112","1,621","1,491",265,222,237,212,250,217,273,247,292,286,304,307,583,321,262,39,118,5
01,新北市,014602,縣立國光國小,42,7,6,6,7,8,8,"1,322",696,626,108,94,111,82,90,102,124,103,130,130,133,115,280,138,142,22,52,5
01,新北市,014603,縣立新埔國小,95,16,14,15,17,16,17,"3,085","1,532","1,553",247,242,221,224,236,251,278,287,269,272,281,277,543,262,281,45,106,3
01,新北市,014604,縣立埔墘國小,102,17,15,16,17,19,18,"3,313","1,689","1,624",265,240,247,242,278,249,310,267,291,306,298,320,647,320,327,38,127,3
01,新北市,014605,縣立莒光國小,109,19,18,17,19,19,17,"3,631","1,924","1,707",331,317,308,314,288,276,345,282,354,251,298,267,573,306,267,37,132,3
01,新北市,014606,縣立後埔國小,101,18,15,16,18,17,17,"3,513","1,794","1,719",312,273,276,257,291,264,295,343,298,299,322,283,530,260,270,44,119,5
01,新北市,014607,縣立海山國小,99,19,14,16,16,18,16,"3,359","1,744","1,615",332,263,252,229,253,264,287,282,323,312,297,265,583,307,276,43,103,4
01,新北市,014608,縣立江翠國小,71,13,10,12,12,12,12,"2,298","1,224","1,074",227,170,184,139,195,198,202,188,231,171,185,208,429,224,205,35,78,5
01,新北市,014610,縣立文聖國小,50,9,7,8,8,9,9,"1,578",818,760,132,113,114,128,124,133,138,130,160,124,150,132,306,172,134,27,50,4
01,新北市,014611,縣立沙崙國小,53,10,9,8,9,9,8,"1,691",906,785,155,130,140,134,134,136,158,151,152,126,167,108,272,145,127,24,59,3
01,新北市,014612,縣立文德國小,100,20,15,15,17,17,16,"3,284","1,712","1,572",280,285,253,266,260,230,302,277,321,274,296,240,573,278,295,44,109,4
01,新北市,014613,縣立樹林國小,73,13,11,11,12,13,13,"2,353","1,215","1,138",201,201,194,182,172,159,210,173,216,230,222,193,410,218,192,36,82,2
01,新北市,014614,縣立文林國小,79,13,12,12,14,13,15,"2,561","1,305","1,256",211,179,183,219,205,189,253,218,215,219,238,232,476,253,223,43,78,4
01,新北市,014615,縣立大同國小,73,13,12,11,12,12,13,"2,315","1,182","1,133",198,182,167,173,197,170,207,188,219,196,194,224,423,217,206,35,78,2
01,新北市,014616,縣立武林國小,45,8,7,7,9,7,7,"1,418",742,676,119,116,109,101,122,115,140,124,127,107,125,113,255,132,123,29,40,1
01,新北市,014617,縣立山佳國小,21,4,3,4,3,4,3,629,295,334,47,62,43,52,58,51,53,52,54,62,40,55,119,64,55,13,20,1
01,新北市,014618,縣立育德國小,16,3,2,2,3,3,3,422,223,199,33,26,32,26,38,24,41,44,44,40,35,39,79,46,33,12,13,2
01,新北市,014619,縣立柑園國小,25,5,4,4,4,4,4,816,416,400,69,82,71,59,69,68,73,62,67,65,67,64,152,78,74,12,25,2
01,新北市,014620,縣立鶯歌國小,59,11,10,9,10,10,9,"2,020","1,067",953,193,163,185,158,152,162,182,171,180,150,175,149,323,166,157,27,64,5
01,新北市,014621,縣立二橋國小,27,5,4,4,5,4,5,852,452,400,75,73,72,62,71,69,75,75,70,69,89,52,143,69,74,18,22,2
01,新北市,014622,縣立中湖國小,14,2,3,2,2,2,3,343,167,176,19,28,26,34,26,28,29,27,36,26,31,33,65,39,26,11,17,2
01,新北市,014623,縣立鳳鳴國小,47,8,6,7,8,10,8,"1,416",757,659,110,101,105,100,123,91,124,116,162,118,133,133,280,143,137,36,38,4
01,新北市,014624,縣立三峽國小,78,14,14,13,12,13,12,"2,533","1,306","1,227",207,220,218,180,237,196,226,201,197,223,221,207,452,228,224,47,77,4
01,新北市,014625,縣立大埔國小,17,3,2,3,3,3,3,490,241,249,50,29,24,39,38,35,38,45,47,50,44,51,102,54,48,12,14,2
01,新北市,014626,縣立民義國小,10,2,1,1,2,2,2,213,108,105,18,15,13,12,18,11,21,22,15,31,23,14,37,23,14,7,10,2
01,新北市,014627,縣立成福國小,13,2,2,2,2,3,2,324,170,154,33,20,19,19,28,29,22,25,35,33,33,28,58,29,29,7,14,2
01,新北市,014628,縣立大成國小,7,1,1,1,2,1,1,161,82,79,10,15,9,7,16,11,17,16,15,17,15,13,31,17,14,9,5,1
01,新北市,014629,縣立建安國小,7,2,1,1,1,1,1,155,82,73,19,16,14,12,7,15,16,10,11,14,15,6,20,15,5,5,14,0
01,新北市,014630,縣立插角國小,12,2,2,2,2,2,2,155,94,61,15,9,13,9,13,10,19,11,16,12,18,10,18,10,8,6,15,2
01,新北市,014631,縣立有木國小,6,1,1,1,1,1,1,78,47,31,5,3,7,9,14,6,6,5,5,4,10,4,17,13,4,6,5,2
01,新北市,014632,縣立五寮國小,6,1,1,1,1,1,1,67,35,32,6,6,3,5,7,7,6,3,5,6,8,5,11,8,3,5,6,2
01,新北市,014633,縣立中和國小,139,26,21,22,22,25,23,"4,614","2,335","2,279",385,382,366,360,376,383,389,366,414,418,405,370,763,391,372,46,172,4
01,新北市,014634,縣立復興國小,72,13,11,11,12,13,12,"2,300","1,175","1,125",189,194,177,169,192,173,218,186,203,213,196,190,418,221,197,25,86,4
01,新北市,014635,縣立興南國小,155,26,22,26,24,28,29,"2,545","1,283","1,262",213,193,190,187,210,218,204,206,240,234,226,224,435,217,218,26,98,6
01,新北市,014636,縣立秀山國小,81,14,12,12,15,13,15,"2,588","1,300","1,288",210,201,207,197,193,197,239,230,203,229,248,234,470,231,239,35,99,4
01,新北市,014637,縣立積穗國小,97,16,14,15,19,17,16,"3,256","1,673","1,583",269,230,257,240,260,258,316,301,280,300,291,254,622,329,293,28,119,4
01,新北市,014638,縣立自強國小,83,13,11,12,15,15,17,"2,536","1,278","1,258",180,178,176,181,209,189,220,204,221,245,272,261,488,255,233,34,100,3
01,新北市,014639,縣立錦和國小,83,14,12,12,15,15,15,"2,745","1,434","1,311",210,214,210,184,218,192,263,253,294,239,239,229,492,247,245,33,101,4
01,新北市,014640,縣立景新國小,45,8,7,7,8,7,8,"1,400",713,687,124,107,117,100,99,103,124,135,131,112,118,130,291,146,145,11,60,4
01,新北市,014641,縣立永和國小,118,20,18,19,20,20,21,"3,904","2,015","1,889",321,297,299,304,303,300,358,320,377,321,357,347,725,396,329,28,147,4
01,新北市,014642,縣立秀朗國小,129,24,19,20,21,23,22,"4,416","2,306","2,110",358,338,327,309,379,334,381,365,438,387,423,377,790,437,353,50,177,4
01,新北市,014643,縣立頂溪國小,39,6,6,6,7,7,7,"1,161",600,561,95,81,78,83,97,82,113,99,123,115,94,101,249,129,120,12,49,5
01,新北市,014644,縣立網溪國小,86,15,11,13,14,17,16,"2,841","1,502","1,339",231,203,190,191,234,200,273,213,304,268,270,264,576,306,270,34,97,1
01,新北市,014645,縣立永平國小,130,23,20,21,22,22,22,"4,283","2,212","2,071",340,326,330,341,381,331,367,378,408,326,386,369,736,382,354,50,151,5
01,新北市,014646,縣立土城國小,126,21,19,20,22,22,22,"3,965","2,068","1,897",316,283,320,280,347,310,357,321,382,346,346,357,727,387,340,54,141,4
01,新北市,014647,縣立清水國小,133,22,19,21,23,23,25,"4,419","2,255","2,164",346,333,317,322,362,321,398,372,385,400,447,416,836,421,415,59,149,3
01,新北市,014648,縣立頂埔國小,43,8,6,7,7,8,7,"1,369",727,642,113,119,101,104,125,100,116,114,138,103,134,102,252,134,118,27,40,2
01,新北市,014649,縣立廣福國小,130,22,20,20,22,24,22,"4,245","2,226","2,019",335,310,376,297,347,328,388,335,436,369,344,380,778,410,368,49,150,4
01,新北市,014650,縣立汐止國小,48,10,7,8,8,7,8,"1,469",762,707,134,111,117,123,117,118,127,123,127,118,140,114,266,139,127,20,59,4
01,新北市,014651,縣立長安國小,19,3,3,3,3,3,4,535,263,272,43,34,48,37,37,50,43,44,39,52,53,55,118,58,60,11,21,2
01,新北市,014652,縣立保長國小,12,2,2,2,2,2,2,256,148,108,27,17,27,19,27,16,20,22,27,15,20,19,39,15,24,6,14,1
01,新北市,014653,縣立崇德國小,62,12,9,11,10,10,10,"1,995","1,018",977,182,165,151,152,175,191,161,151,162,158,187,160,308,167,141,31,65,3
01,新北市,014654,縣立北港國小,18,3,3,3,3,3,3,437,240,197,37,25,34,39,42,29,50,29,39,36,38,39,112,61,51,7,21,2
01,新北市,014655,縣立北峰國小,35,6,5,6,6,6,6,"1,070",573,497,95,76,80,78,94,98,88,74,106,91,110,80,217,103,114,23,32,2
01,新北市,014656,縣立東山國小,6,1,1,1,1,1,1,83,42,41,7,8,6,6,6,6,9,7,7,10,7,4,18,10,8,6,4,1
01,新北市,014657,縣立白雲國小,14,2,2,2,2,3,3,367,193,174,29,26,37,25,23,32,24,23,42,36,38,32,67,32,35,9,13,2
01,新北市,014658,縣立萬里國小,22,4,3,4,4,4,3,624,315,309,51,63,48,41,64,47,56,51,51,58,45,49,113,54,59,21,21,4
01,新北市,014659,縣立野柳國小,6,1,1,1,1,1,1,160,84,76,9,9,14,11,19,10,11,16,17,17,14,13,33,13,20,6,6,2
01,新北市,014660,縣立大鵬國小,6,1,1,1,1,1,1,116,61,55,13,7,10,7,8,10,6,10,12,8,12,13,19,10,9,5,6,1
01,新北市,014661,縣立大坪國小,4,1,0,1,1,0,1,16,9,7,1,1,1,1,3,0,3,1,0,0,1,4,6,4,2,4,3,2
01,新北市,014662,縣立崁腳國小,6,1,1,1,1,1,1,42,25,17,4,3,4,2,2,2,8,5,2,2,5,3,5,4,1,6,4,2
01,新北市,014663,縣立金山國小,31,5,5,5,6,5,5,894,476,418,88,52,77,66,65,73,87,79,76,68,83,80,147,67,80,25,25,1
01,新北市,014664,縣立中角國小,6,1,1,1,1,1,1,79,45,34,10,4,10,5,8,4,4,3,9,8,4,10,11,9,2,7,4,2
01,新北市,014665,縣立三和國小,6,1,1,1,1,1,1,76,42,34,3,3,6,4,7,7,6,6,12,7,8,7,19,12,7,6,5,1
01,新北市,014666,縣立新店國小,36,7,5,6,6,6,6,"1,088",565,523,103,79,78,76,88,82,107,101,91,99,98,86,213,113,100,13,53,2
01,新北市,014667,縣立直潭國小,10,1,1,2,2,2,2,214,112,102,16,13,14,8,17,21,20,16,24,19,21,25,35,19,16,5,12,1
01,新北市,014668,縣立青潭國小,28,5,4,4,5,5,5,840,443,397,70,62,53,59,76,67,80,71,79,64,85,74,175,83,92,15,29,2
01,新北市,014669,縣立雙峰國小,12,2,2,2,2,2,2,274,144,130,19,17,21,23,21,21,31,20,31,26,21,23,38,20,18,7,12,1
01,新北市,014670,縣立大豐國小,98,17,15,16,16,17,17,"3,218","1,656","1,562",259,246,257,245,274,264,267,252,298,277,301,278,573,280,293,38,112,5
01,新北市,014671,縣立中正國小,85,14,13,14,15,15,14,"2,705","1,373","1,332",220,206,224,190,226,233,239,224,246,252,218,227,525,277,248,31,100,5
01,新北市,014672,縣立安坑國小,108,19,16,16,18,19,20,"3,496","1,781","1,715",266,260,269,258,275,265,313,291,336,303,322,338,645,346,299,43,119,4
01,新北市,014673,縣立雙城國小,48,9,7,7,7,9,9,"1,557",794,763,125,131,115,112,132,104,123,119,148,145,151,152,278,152,126,20,53,3
01,新北市,014674,縣立屈尺國小,17,3,3,2,3,3,3,264,134,130,28,22,18,14,18,17,29,21,19,31,22,25,54,34,20,12,15,2
01,新北市,014675,縣立龜山國小,6,1,1,1,1,1,1,135,78,57,11,15,7,10,14,8,20,9,15,8,11,7,25,9,16,4,7,2
01,新北市,014676,縣立深坑國小,55,10,8,8,9,10,10,"1,774",916,858,152,145,131,137,139,126,154,150,165,151,175,149,301,161,140,17,69,4
01,新北市,014677,縣立石碇國小,6,1,1,1,1,1,1,85,43,42,4,9,7,6,6,7,10,9,9,4,7,7,13,7,6,6,5,2
01,新北市,014678,縣立和平國小,6,1,1,1,1,1,1,89,49,40,10,3,8,4,8,5,5,10,9,11,9,7,25,12,13,3,7,2
01,新北市,014679,縣立永定國小,6,1,1,1,1,1,1,117,56,61,11,12,13,9,12,11,7,10,4,12,9,7,23,17,6,3,8,1
01,新北市,014680,縣立雲海國小,6,1,1,1,1,1,1,38,31,7,6,1,5,1,3,0,3,3,6,2,8,0,9,3,6,5,6,1
01,新北市,014682,縣立坪林國小,15,3,3,3,2,3,1,232,117,115,25,20,20,22,17,21,18,20,20,17,17,15,41,19,22,11,14,2
01,新北市,014684,縣立烏來國(中)小,6,1,1,1,1,1,1,119,66,53,13,3,11,9,11,7,12,11,7,9,12,14,21,12,9,4,6,4
01,新北市,014685,縣立福山國小,6,1,1,1,1,1,1,32,14,18,6,4,1,2,0,3,2,3,1,3,4,3,3,3,0,7,4,2
01,新北市,014686,縣立瑞芳國小,52,9,8,8,9,9,9,"1,685",856,829,142,125,131,129,126,142,141,154,153,139,163,140,336,168,168,35,49,6
01,新北市,014687,縣立義方國小,7,1,1,1,1,1,2,130,68,62,3,8,15,5,12,14,7,10,15,8,16,17,26,15,11,6,9,2
01,新北市,014688,縣立瑞柑國小,6,1,1,1,1,1,1,126,76,50,15,5,10,9,14,6,15,11,14,8,8,11,19,8,11,4,6,2
01,新北市,014689,縣立瑞濱國小,11,2,2,2,1,2,2,238,117,121,28,23,20,22,18,16,15,13,18,26,18,21,47,21,26,11,7,2
01,新北市,014690,縣立九份國小,6,1,1,1,1,1,1,62,32,30,5,6,7,4,7,4,5,8,6,2,2,6,11,5,6,6,5,2
01,新北市,014691,縣立瓜山國小,6,1,1,1,1,1,1,53,26,27,2,3,2,4,4,5,5,6,4,2,9,7,13,9,4,6,5,3
01,新北市,014692,縣立濂洞國小,4,1,1,0,0,1,1,31,17,14,3,5,3,1,2,0,3,0,2,5,4,3,7,1,6,5,4,2
01,新北市,014693,縣立猴硐國小,6,1,1,1,1,1,1,48,27,21,8,2,2,4,4,2,4,7,1,3,8,3,8,2,6,3,7,2
01,新北市,014694,縣立瑞亭國小,6,1,1,1,1,1,1,69,38,31,7,5,6,4,6,4,7,9,5,6,7,3,12,5,7,7,4,2
01,新北市,014695,縣立吉慶國小,16,2,2,3,3,3,3,461,238,223,31,29,32,29,41,36,40,43,48,38,46,48,84,45,39,15,11,2
01,新北市,014696,縣立鼻頭國小,6,1,1,1,1,1,1,48,31,17,3,4,4,2,5,4,10,3,4,2,5,2,9,4,5,5,5,2
01,新北市,014697,縣立雙溪國小,13,2,2,2,3,2,2,252,126,126,16,22,21,16,21,25,29,20,19,25,20,18,55,28,27,8,14,2
01,新北市,014698,縣立柑林國小,6,1,1,1,1,1,1,29,16,13,3,2,1,1,3,2,3,3,2,2,4,3,10,7,3,8,5,2
01,新北市,014699,縣立上林國小,5,1,1,1,0,1,1,20,10,10,1,1,3,1,2,2,0,0,3,2,1,4,5,3,2,4,5,1
01,新北市,014700,縣立牡丹國小,6,1,1,1,1,1,1,43,19,24,1,5,3,5,5,2,0,3,7,5,3,4,9,5,4,7,4,2
01,新北市,014702,縣立貢寮國小,6,1,1,1,1,1,1,94,51,43,7,12,8,6,13,5,8,8,7,8,8,4,14,8,6,6,8,2
01,新北市,014703,縣立福隆國小,6,1,1,1,1,1,1,74,42,32,6,4,4,6,6,6,11,9,8,4,7,3,11,8,3,2,7,2
01,新北市,014704,縣立澳底國小,12,2,2,2,2,2,2,298,150,148,23,32,25,21,26,21,16,24,31,30,29,20,46,23,23,11,9,2
01,新北市,014706,縣立和美國小,6,1,1,1,1,1,1,51,30,21,2,4,5,4,10,3,5,2,1,4,7,4,10,5,5,7,3,2
01,新北市,014707,縣立吉林國小,3,1,0,1,0,0,1,10,7,3,0,1,1,0,2,0,1,2,2,0,1,0,2,1,1,3,4,2
01,新北市,014708,縣立福連國小,6,1,1,1,1,1,1,43,18,25,3,1,3,5,1,5,3,3,3,4,5,7,14,6,8,7,4,2
01,新北市,014709,縣立平溪國小,6,1,1,1,1,1,1,81,45,36,12,4,8,4,6,4,6,6,7,7,6,11,16,8,8,8,4,3
01,新北市,014710,縣立菁桐國小,6,1,1,1,1,1,1,28,15,13,0,1,2,6,2,0,3,4,3,0,5,2,5,2,3,6,4,1
01,新北市,014711,縣立十分國小,6,1,1,1,1,1,1,55,26,29,7,7,3,7,3,3,5,2,2,5,6,5,9,2,7,5,5,2
01,新北市,014712,縣立淡水國小,46,7,6,7,9,8,9,"1,350",682,668,107,90,101,93,106,87,119,122,119,137,130,139,289,153,136,24,53,3
01,新北市,014713,縣立育英國小,8,1,2,1,1,2,1,208,112,96,16,13,23,18,18,15,19,13,19,21,17,16,40,23,17,3,10,1
01,新北市,014714,縣立文化國小,34,7,6,6,5,5,5,"1,081",551,530,109,94,100,87,97,105,90,82,83,84,72,78,157,80,77,12,43,3
01,新北市,014715,縣立天生國小,29,5,5,4,5,5,5,860,418,442,58,85,67,69,61,64,85,71,79,82,68,71,155,85,70,9,39,2
01,新北市,014716,縣立水源國小,12,2,2,2,2,2,2,237,124,113,16,23,19,13,18,17,23,21,21,20,27,19,56,27,29,4,15,2
01,新北市,014717,縣立興仁國小,12,2,2,2,2,2,2,251,130,121,14,16,20,21,24,16,22,26,26,17,24,25,57,32,25,11,8,2
01,新北市,014718,縣立忠山國小,6,1,1,1,1,1,1,68,32,36,5,8,2,6,4,7,9,3,6,4,6,8,12,7,5,2,9,2
01,新北市,014719,縣立屯山國小,11,2,1,2,2,2,2,207,102,105,18,17,14,11,18,20,16,20,20,18,16,19,38,17,21,6,11,2
01,新北市,014720,縣立中泰國小,6,1,1,1,1,1,1,89,47,42,11,10,4,7,7,9,9,12,8,4,8,0,16,13,3,2,7,2
01,新北市,014721,縣立坪頂國小,6,1,1,1,1,1,1,77,48,29,13,6,7,7,6,4,6,5,10,6,6,1,13,10,3,5,5,2
01,新北市,014722,縣立竹圍國小,39,8,6,7,6,6,6,"1,147",624,523,124,88,89,85,94,105,107,86,108,72,102,87,161,94,67,10,54,3
01,新北市,014723,縣立石門國小,11,2,1,2,2,3,1,203,119,84,24,16,17,5,21,14,20,21,22,14,15,14,33,22,11,8,11,2
01,新北市,014724,縣立乾華國小,6,1,1,1,1,1,1,41,23,18,8,3,5,4,2,2,2,2,1,3,5,4,8,4,4,9,2,2
01,新北市,014725,縣立老梅國小,11,2,1,2,2,2,2,210,100,110,17,21,12,14,18,16,20,20,13,21,20,18,42,23,19,10,8,2
01,新北市,014726,縣立三芝國小,57,10,8,9,10,9,11,"1,808",948,860,145,136,136,113,164,143,166,166,153,155,184,147,379,192,187,32,57,3
01,新北市,014727,縣立橫山國小,6,1,1,1,1,1,1,91,53,38,8,8,7,4,6,2,9,8,11,6,12,10,26,19,7,6,5,2
01,新北市,014728,縣立興華國小,6,1,1,1,1,1,1,86,41,45,7,6,9,9,3,8,8,5,3,9,11,8,18,10,8,8,3,2
01,新北市,014729,縣立新莊國小,90,15,14,13,15,17,16,"3,011","1,613","1,398",239,220,235,234,242,220,287,220,309,267,301,237,540,275,265,34,101,6
01,新北市,014730,縣立中港國小,88,15,13,14,14,16,16,"2,839","1,512","1,327",220,203,234,193,249,222,259,221,273,221,277,267,497,286,211,47,90,3
01,新北市,014731,縣立思賢國小,70,13,10,11,12,12,12,"2,209","1,138","1,071",218,161,178,149,186,170,195,201,175,194,186,196,361,169,192,29,75,3
01,新北市,014732,縣立頭前國小,28,5,4,4,5,5,5,884,427,457,65,74,57,67,55,72,93,76,79,85,78,83,155,85,70,16,29,2
01,新北市,014733,縣立國泰國小,22,3,3,3,4,4,5,553,311,242,38,27,38,28,39,33,67,47,57,46,72,61,119,60,59,7,31,2
01,新北市,014734,縣立豐年國小,47,8,7,8,8,8,8,"1,417",718,699,124,96,109,111,103,116,118,127,125,127,139,122,302,146,156,20,54,4
01,新北市,014735,縣立丹鳳國小,65,12,9,11,11,11,11,"2,101","1,140",961,182,161,164,131,193,167,203,175,205,165,193,162,369,180,189,29,76,4
01,新北市,014736,縣立光華國小,143,25,23,22,25,25,23,"4,878","2,542","2,336",410,380,417,374,381,363,460,408,446,421,428,390,807,425,382,63,163,3
01,新北市,014737,縣立民安國小,103,17,14,16,18,18,20,"3,294","1,678","1,616",259,229,224,222,278,228,297,290,307,300,313,347,664,325,339,51,106,3
01,新北市,014738,縣立昌隆國小,71,14,10,11,12,11,13,"2,328","1,191","1,137",203,185,174,171,197,187,219,172,182,190,216,232,420,219,201,32,77,3
01,新北市,014739,縣立泰山國小,66,11,11,10,12,11,11,"2,139","1,121","1,018",176,144,192,157,185,154,197,199,186,179,185,185,356,187,169,42,64,4
01,新北市,014740,縣立明志國小,66,10,10,11,11,12,12,"2,033","1,052",981,158,134,149,161,160,161,196,172,198,186,191,167,386,186,200,38,66,3
01,新北市,014741,縣立成州國小,58,11,7,9,10,10,11,"1,926",935,991,150,173,124,123,153,167,166,167,164,177,178,184,307,161,146,42,47,2
01,新北市,014742,縣立更寮國小,17,3,2,3,3,3,3,469,243,226,37,27,26,35,42,34,50,44,42,43,46,43,105,56,49,7,22,2
01,新北市,014743,縣立五股國小,79,12,11,13,14,14,15,"2,555","1,360","1,195",180,169,211,181,220,193,239,194,256,221,254,237,424,220,204,49,73,3
01,新北市,014744,縣立蘆洲國小,96,16,14,14,16,18,18,"3,167","1,603","1,564",244,235,244,218,226,230,287,268,296,303,306,310,632,332,300,53,93,3
01,新北市,014745,縣立鷺江國小,115,22,17,17,19,20,20,"3,700","1,888","1,812",304,290,288,264,306,266,321,319,322,353,347,320,673,368,305,53,130,3
01,新北市,014746,縣立八里國小,45,7,7,9,8,7,7,"1,345",706,639,123,88,100,107,125,126,115,106,127,104,116,108,267,136,131,37,34,2
01,新北市,014747,縣立長坑國小,6,1,1,1,1,1,1,113,56,57,11,10,7,10,14,6,6,7,9,12,9,12,17,11,6,3,7,2
01,新北市,014748,縣立米倉國小,12,2,2,2,2,2,2,252,133,119,26,21,19,10,14,24,26,23,25,17,23,24,60,31,29,8,10,2
01,新北市,014749,縣立林口國小,67,12,10,10,11,12,12,"2,221","1,147","1,074",195,161,171,177,187,172,197,194,180,182,217,188,424,219,205,30,73,2
01,新北市,014750,縣立南勢國小,6,1,1,1,1,1,1,135,57,78,7,18,6,15,11,13,9,12,13,5,11,15,23,14,9,4,6,4
01,新北市,014751,縣立嘉寶國小,6,1,1,1,1,1,1,45,17,28,2,6,4,2,1,7,2,5,4,4,4,4,8,4,4,7,3,1
01,新北市,014752,縣立瑞平國小,6,1,1,1,1,1,1,73,39,34,4,6,9,3,5,8,8,3,10,8,3,6,9,3,6,5,6,2
01,新北市,014753,縣立興福國小,6,1,1,1,1,1,1,115,71,44,9,10,14,1,11,5,12,9,8,9,17,10,19,6,13,3,7,2
01,新北市,014754,縣立三重國小,60,11,9,10,10,11,9,"1,947",990,957,168,159,160,150,162,160,165,152,189,175,146,161,306,166,140,28,70,4
01,新北市,014755,縣立永福國小,81,14,11,11,14,15,16,"2,639","1,331","1,308",206,171,187,195,193,188,238,232,231,266,276,256,518,255,263,41,80,2
01,新北市,014756,縣立光榮國小,41,6,6,6,8,7,8,"1,270",628,642,97,90,103,105,83,83,113,126,109,108,123,130,262,140,122,26,40,0
01,新北市,014757,縣立厚德國小,86,14,13,16,14,15,14,"2,713","1,446","1,267",220,196,213,207,246,221,236,219,274,217,257,207,457,231,226,42,94,2
01,新北市,014758,縣立碧華國小,101,18,15,16,17,17,18,"3,173","1,652","1,521",275,254,256,228,252,233,286,264,276,287,307,255,566,299,267,44,121,0
01,新北市,014759,縣立三光國小,31,6,5,5,5,5,5,889,473,416,98,66,80,73,79,69,67,73,68,66,81,69,130,62,68,17,31,2
01,新北市,014760,縣立光興國小,44,7,6,7,8,8,8,"1,366",701,665,99,99,103,93,117,90,134,126,123,119,125,138,260,141,119,26,54,3
01,新北市,014761,縣立正義國小,54,10,8,9,8,10,9,"1,681",865,816,161,134,126,133,162,133,125,127,145,145,146,144,254,148,106,14,70,3
01,新北市,014762,縣立修德國小,69,14,10,10,12,10,13,"2,139","1,053","1,086",174,199,171,163,159,158,203,184,153,177,193,205,412,222,190,24,84,4
01,新北市,014763,縣立二重國小,61,11,10,10,9,9,12,"1,954","1,036",918,163,153,176,151,183,154,166,139,160,155,188,166,378,199,179,36,58,1
01,新北市,014764,縣立興穀國小,19,3,3,3,3,3,4,532,283,249,35,44,34,37,34,38,61,42,52,39,67,49,105,45,60,14,14,2
01,新北市,014765,縣立興化國小,23,4,4,3,4,4,4,682,368,314,54,46,64,46,54,44,61,54,64,55,71,69,138,67,71,17,19,2
01,新北市,014766,縣立中山國小,43,7,7,7,7,8,7,"1,261",636,625,97,104,99,92,105,103,123,91,110,103,102,132,241,118,123,19,49,2
01,新北市,014767,縣立三多國小,50,8,8,8,8,9,9,"1,580",829,751,129,112,133,117,137,116,139,128,151,132,140,146,320,163,157,36,42,4
01,新北市,014768,縣立實踐國小,47,8,7,7,8,9,8,"1,442",761,681,101,105,101,113,132,95,156,112,133,121,138,135,284,148,136,17,55,4
01,新北市,014769,縣立大觀國小,52,10,7,8,8,9,10,"1,612",812,800,129,127,108,118,143,128,122,145,144,135,166,147,281,146,135,24,56,4
01,新北市,014770,縣立溪洲國小,73,14,11,11,12,12,13,"2,501","1,316","1,185",240,191,230,194,187,189,215,201,194,214,250,196,435,228,207,31,81,3
01,新北市,014771,縣立信義國小,57,10,8,9,10,10,10,"1,802",944,858,154,141,135,127,149,128,170,142,190,154,146,166,337,176,161,28,61,1
01,新北市,014772,縣立重慶國小,62,11,9,11,11,10,10,"1,988","1,009",979,152,173,152,140,183,157,172,190,163,162,187,157,337,154,183,22,74,3
01,新北市,014773,縣立樂利國小,77,13,11,13,13,13,14,"2,437","1,273","1,164",208,158,185,156,197,183,223,216,216,230,244,221,479,257,222,33,89,4
01,新北市,014774,縣立安和國小,95,18,14,14,16,16,17,"3,151","1,644","1,507",267,256,254,227,228,248,278,265,303,242,314,269,558,304,254,40,102,4
01,新北市,014775,縣立彭福國小,44,7,7,6,8,9,7,"1,370",693,677,92,110,117,93,100,105,130,109,139,141,115,119,280,155,125,25,58,4
01,新北市,014776,縣立育林國小,25,4,4,4,4,5,4,742,412,330,61,42,65,46,72,56,63,60,76,67,75,59,157,73,84,17,22,2
01,新北市,014777,縣立建國國小,46,8,7,7,7,8,9,"1,409",755,654,105,104,120,96,117,90,122,111,128,131,163,122,269,134,135,24,47,5
01,新北市,014778,縣立安溪國小,58,9,8,8,11,11,11,"1,934","1,018",916,159,117,149,134,144,143,189,177,181,176,196,169,367,196,171,25,65,5
01,新北市,014779,縣立樟樹國小,51,8,8,8,9,9,9,"1,590",846,744,121,95,143,111,144,115,133,151,151,153,154,119,317,163,154,25,54,3
01,新北市,014780,縣立金美國小,22,3,3,4,4,4,4,625,310,315,44,43,41,41,56,60,53,55,61,51,55,65,116,53,63,17,17,2
01,新北市,014781,縣立新和國小,68,13,10,11,11,12,11,"2,191","1,098","1,093",181,197,163,165,186,171,185,183,206,188,177,189,364,182,182,26,76,5
01,新北市,014782,縣立鄧公國小,74,14,11,12,12,12,13,"2,378","1,239","1,139",195,199,181,177,208,191,220,191,221,183,214,198,432,230,202,29,90,4
01,新北市,014783,縣立新興國小,62,11,10,10,10,11,10,"1,995","1,055",940,164,148,182,148,160,161,169,170,196,164,184,149,337,183,154,27,70,3
01,新北市,014784,縣立重陽國小,73,14,11,12,11,12,13,"2,392","1,290","1,102",229,190,207,160,215,182,195,182,223,198,221,190,460,249,211,34,78,4
01,新北市,014785,縣立五華國小,63,11,10,10,11,10,11,"2,021","1,034",987,166,157,148,172,170,169,174,162,189,160,187,167,364,194,170,26,71,4
01,新北市,014786,縣立成功國小,122,20,19,18,20,22,23,"3,978","2,099","1,879",302,268,309,300,291,309,396,308,398,341,403,353,786,369,417,82,104,2
01,新北市,014787,縣立仁愛國小,103,18,15,16,18,18,18,"3,372","1,787","1,585",285,228,260,231,295,244,324,279,304,304,319,299,645,338,307,46,115,3
01,新北市,014788,縣立榮富國小,111,20,16,18,20,19,18,"3,773","1,911","1,862",335,297,285,275,296,315,329,347,334,329,332,299,699,370,329,48,124,6
01,新北市,014789,縣立裕民國小,90,15,13,13,16,17,16,"2,966","1,569","1,397",233,212,220,211,255,197,282,239,270,292,309,246,591,308,283,49,92,3
01,新北市,014790,縣立新泰國小,56,11,8,9,9,10,9,"1,768",874,894,155,148,125,126,149,152,155,139,148,169,142,160,280,144,136,18,69,4
01,新北市,014791,縣立中信國小,22,5,3,3,3,4,4,641,334,307,60,66,37,48,51,49,44,44,60,49,82,51,100,51,49,14,20,2
01,新北市,014792,縣立德音國小,66,12,10,10,12,11,11,"2,135","1,065","1,070",183,169,171,173,153,163,208,201,172,173,178,191,336,182,154,40,62,4
01,新北市,014793,縣立麗園國小,59,11,9,8,11,10,10,"1,884",991,893,168,134,154,142,141,119,180,179,172,158,176,161,318,167,151,33,57,2
01,新北市,014794,縣立北新國小,100,18,16,16,17,17,16,"3,291","1,671","1,620",279,260,278,266,262,279,293,260,293,292,266,263,528,270,258,40,114,4
01,新北市,014795,縣立同榮國小,28,5,4,4,5,5,5,803,425,378,62,54,60,61,60,66,80,70,87,63,76,64,140,80,60,15,32,1
01,新北市,014796,縣立光復國小,55,9,8,10,9,10,9,"1,751",943,808,128,127,147,105,172,153,151,143,173,153,172,127,321,163,158,20,65,4
01,新北市,014797,縣立秀峰國小,93,16,12,13,17,18,17,"3,114","1,597","1,517",250,211,216,193,229,223,294,291,319,307,289,292,532,287,245,32,114,4
01,新北市,014798,縣立金龍國小,69,12,12,10,12,11,12,"2,136","1,079","1,057",190,157,166,199,171,165,212,181,157,184,183,171,364,179,185,28,87,4
01,新北市,014799,縣立介壽國小,61,10,9,10,10,11,11,"1,961","1,020",941,151,155,148,158,166,150,170,149,186,159,199,170,360,173,187,34,58,4
01,新北市,014801,縣立昌平國小,38,7,5,6,7,8,5,"1,114",568,546,81,100,78,81,86,93,124,87,120,105,79,80,137,74,63,19,39,2
01,新北市,014802,縣立麗林國小,66,10,10,11,11,12,12,"2,254","1,130","1,124",163,172,172,164,214,167,184,205,201,206,196,210,346,182,164,34,66,0
01,新北市,014803,縣立集美國小,100,15,15,15,20,18,17,"3,445","1,798","1,647",284,245,267,261,283,246,356,318,324,291,284,286,553,274,279,42,113,5
01,新北市,014804,縣立永吉國小,20,4,4,3,3,3,3,556,284,272,45,53,56,45,43,36,43,53,55,43,42,42,116,64,52,11,20,2
01,新北市,014805,縣立大崁國小,29,5,4,4,4,6,6,791,384,407,67,61,57,63,58,71,56,75,68,67,78,70,109,57,52,17,28,2
01,新北市,014806,縣立中園國小,32,6,5,5,6,5,5,983,515,468,90,80,81,75,101,64,93,78,81,90,69,81,138,62,76,17,33,2
01,新北市,014807,縣立昌福國小,34,6,6,6,5,6,5,"1,046",569,477,92,79,104,77,95,87,89,80,111,84,78,70,144,78,66,13,39,1
01,新北市,014808,縣立忠義國小,92,18,17,17,15,14,11,"3,130","1,652","1,478",336,284,296,285,289,286,276,238,275,197,180,188,302,171,131,41,98,2
01,新北市,014809,縣立豐珠國(中)小,0,0,0,0,0,0,0,0,0,0,0,0,0,0,0,0,0,0,0,0,0,0,1,0,1,0,0,0
01,新北市,014811,縣立青山國(中)小,9,3,3,3,0,0,0,292,148,144,54,51,46,44,48,49,0,0,0,0,0,0,0,0,0,2,13,0
01,新北市,014812,縣立義學國小,32,8,5,5,5,5,4,"1,038",555,483,128,100,96,66,84,76,87,78,88,92,72,71,140,79,61,18,32,1
30,台北市,313601,市立松山國小,40,6,7,5,8,6,8,939,522,417,79,63,81,64,85,63,81,79,101,61,95,87,188,105,83,18,55,9
30,台北市,313602,市立西松國小,75,11,11,13,15,13,12,"2,423","1,250","1,173",193,188,161,162,210,177,240,234,211,225,235,187,443,239,204,31,97,10
30,台北市,313604,市立敦化國小,103,16,16,17,17,18,19,"3,415","1,806","1,609",295,241,296,232,276,282,288,287,323,266,328,301,667,336,331,41,140,12
30,台北市,313605,市立民生國小,65,10,11,11,11,11,11,"2,203","1,177","1,026",190,156,185,179,206,166,197,183,193,171,206,171,332,182,150,13,103,10
30,台北市,313606,市立民權國小,73,11,12,12,12,13,13,"2,098","1,109",989,168,149,141,120,177,159,201,179,210,200,212,182,423,229,194,32,99,11
30,台北市,313607,市立民族國小,42,6,6,7,8,7,8,"1,113",584,529,103,66,78,66,90,75,101,109,102,94,110,119,177,92,85,20,52,8
30,台北市,313608,市立三民國小,29,5,5,5,5,5,4,528,286,242,48,38,42,44,48,39,44,42,56,49,48,30,114,60,54,15,44,7
30,台北市,313609,市立健康國小,36,6,6,6,6,6,6,"1,152",592,560,110,81,92,105,104,94,90,105,102,86,94,89,185,98,87,15,53,8
30,台北市,323601,市立興雅國小,63,10,10,10,11,11,11,"1,907","1,039",868,155,149,178,122,177,126,184,160,187,149,158,162,320,177,143,30,80,9
30,台北市,323602,市立永春國小,52,6,7,7,11,10,11,"1,248",640,608,100,76,77,66,103,98,124,98,111,141,125,129,274,145,129,21,71,6
30,台北市,323603,市立光復國小,106,16,16,18,18,19,19,"3,459","1,778","1,681",247,252,276,263,302,256,300,311,314,313,339,286,619,307,312,38,151,13
30,台北市,323604,市立三興國小,64,10,9,10,13,10,12,"1,512",781,731,94,101,116,108,122,107,146,142,144,132,159,141,313,183,130,23,92,10
30,台北市,323605,市立信義國小,37,7,6,6,6,6,6,"1,132",612,520,114,102,91,82,88,82,94,94,123,73,102,87,196,105,91,14,54,6
30,台北市,323606,市立吳興國小,75,12,12,12,13,13,13,"1,921","1,015",906,146,120,152,125,164,154,153,165,198,168,202,174,397,205,192,29,99,9
30,台北市,323607,市立福德國小,58,10,8,9,11,10,10,"1,500",783,717,114,111,123,94,112,105,155,143,136,134,143,130,271,135,136,23,78,9
30,台北市,323608,市立永吉國小,41,7,6,6,8,7,7,"1,087",559,528,98,84,73,68,76,82,97,118,107,94,108,82,207,98,109,14,61,2
30,台北市,323609,市立博愛國小,73,12,12,12,12,12,13,"2,499","1,357","1,142",233,190,224,184,216,195,228,187,213,191,243,195,397,204,193,25,104,10
30,台北市,330601,國立臺北教大實小,38,6,6,7,6,6,7,"1,225",663,562,105,97,104,95,121,82,111,89,113,96,109,103,213,110,103,10,61,7
30,台北市,331601,私立復興國小,36,6,6,6,6,6,6,"1,530",874,656,158,94,139,119,137,115,126,126,149,109,165,93,270,147,123,12,46,9
30,台北市,331602,私立立人國(中)小,17,3,3,3,2,3,3,502,276,226,61,43,48,39,56,38,34,33,44,39,33,34,71,38,33,2,27,5
30,台北市,331603,私立新民小學,24,4,4,4,4,4,4,999,534,465,90,78,89,79,88,80,87,79,92,76,88,73,174,98,76,4,39,2
30,台北市,333601,市立龍安國小,63,10,9,10,10,12,12,"1,914","1,006",908,148,141,122,121,156,140,165,147,214,170,201,189,397,221,176,19,98,10
30,台北市,333602,市立大安國小,79,13,12,14,13,14,13,"2,091","1,084","1,007",162,162,152,147,180,163,188,179,204,181,198,175,381,196,185,35,106,10
30,台北市,333603,市立幸安國小,68,10,11,11,11,12,13,"1,910","1,000",910,151,128,131,123,159,131,206,166,165,180,188,182,376,191,185,26,95,10
30,台北市,333604,市立建安國小,95,16,15,16,16,16,16,"2,988","1,585","1,403",249,239,233,189,284,232,294,237,262,268,263,238,492,259,233,41,126,9
30,台北市,333605,市立仁愛國小,96,16,16,16,16,16,16,"3,100","1,605","1,495",273,226,253,240,245,250,266,269,285,253,283,257,552,301,251,38,135,10
30,台北市,333606,市立金華國小,43,7,7,7,7,7,8,"1,440",736,704,129,117,96,119,129,112,123,113,129,106,130,137,269,124,145,12,68,7
30,台北市,333607,市立古亭國小,65,10,10,11,11,12,11,"1,851",944,907,144,125,135,133,142,138,174,186,185,156,164,169,362,193,169,12,102,5
30,台北市,333608,市立銘傳國小,19,3,3,3,3,4,3,513,255,258,47,50,38,41,52,46,31,33,44,49,43,39,74,32,42,8,32,5
30,台北市,333609,市立公館國小,12,2,2,2,2,2,2,282,140,142,23,20,17,19,25,23,23,30,25,29,27,21,54,31,23,6,22,6
30,台北市,333610,市立新生國小,36,6,6,6,6,6,6,"1,090",579,511,103,83,90,96,105,81,98,85,87,86,96,80,180,99,81,11,62,9
30,台北市,343601,市立中山國小,85,13,13,13,14,17,15,"2,245","1,170","1,075",166,160,164,160,202,146,192,198,233,203,213,208,408,208,200,32,124,9
30,台北市,343602,市立中正國小,43,7,7,7,7,8,7,"1,250",650,600,112,105,95,87,106,93,96,105,118,110,123,100,220,121,99,20,58,8
30,台北市,343603,市立長安國小,40,7,7,6,7,7,6,938,482,456,71,70,69,57,68,72,91,80,93,92,90,85,175,86,89,19,56,8
30,台北市,343604,市立長春國小,54,9,9,9,9,9,9,"1,425",756,669,122,99,124,117,127,99,131,119,134,99,118,136,277,151,126,20,72,9
30,台北市,343605,市立大直國小,43,6,6,9,7,7,8,"1,178",631,547,79,64,98,79,106,114,110,98,106,94,132,98,210,126,84,18,59,8
30,台北市,343606,市立大佳國小,12,2,2,2,2,2,2,181,104,77,19,17,18,5,15,8,13,14,18,19,21,14,31,19,12,10,15,5
30,台北市,343607,市立五常國小,64,10,10,11,10,12,11,"1,781",898,883,134,132,132,126,145,152,142,158,169,154,176,161,326,180,146,20,94,8
30,台北市,343608,市立吉林國小,52,9,8,8,8,8,11,"1,301",697,604,108,102,101,88,124,93,126,99,111,105,127,117,214,105,109,22,72,8
30,台北市,343609,市立懷生國小,28,4,5,4,5,6,4,737,391,346,46,57,65,50,58,48,73,54,87,82,62,55,105,67,38,14,38,6
30,台北市,343610,市立永安國小,48,8,8,8,8,8,8,"1,427",753,674,123,108,116,118,127,111,129,112,123,122,135,103,262,135,127,19,66,10
30,台北市,343611,市立濱江國小,16,4,4,2,2,2,2,416,224,192,48,50,67,30,32,27,27,35,22,28,28,22,21,10,11,5,27,7
30,台北市,353601,市立螢橋國小,36,6,7,5,6,6,6,885,460,425,63,59,78,69,66,70,92,72,83,67,78,88,168,100,68,21,50,6
30,台北市,353602,市立河堤國小,37,6,6,6,6,6,7,815,404,411,55,51,58,65,57,65,66,72,84,80,84,78,162,81,81,15,51,7
30,台北市,353603,市立忠義國小,19,3,3,3,3,4,3,402,204,198,22,28,34,23,29,31,35,43,44,41,40,32,89,44,45,15,24,5
30,台北市,353604,市立國語實小,64,10,11,11,11,11,10,"2,188","1,166","1,022",185,160,197,179,204,168,193,186,206,173,181,156,347,184,163,29,105,8
30,台北市,353605,市立南門國小,28,4,4,5,5,5,5,772,405,367,53,53,49,52,57,52,72,66,94,65,80,79,201,116,85,11,41,4
30,台北市,353606,市立東門國小,74,12,11,12,13,13,13,"2,339","1,185","1,154",187,177,156,168,167,185,222,219,219,216,234,189,446,247,199,21,107,8
30,台北市,353607,市立忠孝國小,18,3,3,3,3,3,3,541,273,268,44,42,43,48,45,41,48,42,47,47,46,48,83,47,36,8,28,6
30,台北市,353608,台北市立教大附小,55,8,9,9,9,10,10,"1,616",858,758,114,108,150,111,143,126,132,124,165,142,154,147,287,151,136,22,93,7
30,台北市,363601,市立蓬萊國小,26,4,7,3,4,4,4,541,288,253,47,36,44,48,42,34,47,46,59,46,49,43,110,61,49,14,38,7
30,台北市,363602,市立日新國小,47,7,8,8,8,8,8,"1,282",695,587,112,97,92,87,118,92,115,100,130,101,128,110,232,121,111,17,68,8
30,台北市,363603,市立太平國小,36,6,6,5,6,6,7,849,444,405,67,60,54,55,78,49,69,92,85,68,91,81,154,81,73,20,49,8
30,台北市,363604,市立永樂國小,40,6,6,7,7,7,7,999,490,509,70,81,75,77,75,94,93,89,90,87,87,81,164,82,82,22,57,9
30,台北市,363605,市立雙蓮國小,53,8,8,9,9,9,10,"1,441",742,699,112,110,108,123,115,90,142,122,126,114,139,140,257,148,109,32,65,9
30,台北市,363606,市立大同國小,24,4,4,4,4,4,4,485,250,235,29,30,41,33,45,38,43,48,51,45,41,41,88,48,40,17,34,7
30,台北市,363607,市立大龍國小,38,6,6,7,6,7,6,"1,080",557,523,93,79,76,70,101,86,77,100,99,99,111,89,189,100,89,17,47,6
30,台北市,363608,市立延平國小,35,6,6,6,5,6,6,909,461,448,79,72,68,75,77,63,66,77,85,79,86,82,170,81,89,15,48,7
30,台北市,363609,市立大橋國小,19,3,3,3,3,3,4,370,198,172,40,21,26,26,29,26,33,33,33,36,37,30,75,38,37,10,28,6
30,台北市,363610,市立明倫國小,14,2,2,2,4,2,2,356,187,169,29,37,25,19,35,26,34,40,30,21,34,26,54,30,24,9,22,5
30,台北市,371601,私立光仁小學,36,6,6,6,6,6,6,"1,173",613,560,93,115,124,84,91,91,109,85,104,93,92,92,203,109,94,9,51,8
30,台北市,373601,市立新和國小,49,7,8,7,9,9,9,"1,203",600,603,97,77,88,101,95,90,90,104,123,112,107,119,230,112,118,23,62,7
30,台北市,373602,市立雙園國小,39,7,6,6,8,6,6,848,453,395,78,63,62,66,78,58,74,71,83,70,78,67,155,72,83,21,65,9
30,台北市,373603,市立東園國小,38,6,6,7,6,7,6,998,552,446,83,62,64,65,88,78,103,66,109,88,105,87,214,127,87,21,55,6
30,台北市,373604,市立大理國小,40,6,6,7,7,8,6,965,483,482,80,80,65,64,78,81,88,102,88,75,84,80,176,92,84,25,47,7
30,台北市,373605,市立西園國小,44,6,7,7,9,7,8,"1,064",535,529,74,65,84,66,79,83,113,106,88,97,97,112,216,115,101,18,65,6
30,台北市,373606,市立萬大國小,51,8,8,9,9,9,8,"1,454",750,704,114,103,112,97,136,119,140,123,113,132,135,130,255,144,111,26,66,7
30,台北市,373607,市立華江國小,27,4,4,4,5,5,5,640,341,299,50,55,48,53,54,46,66,38,62,58,61,49,145,71,74,16,37,6
30,台北市,373608,市立西門國小,39,5,6,6,7,7,8,972,532,440,69,58,84,53,78,77,104,77,89,85,108,90,211,92,119,15,67,9
30,台北市,373609,市立老松國小,43,7,7,5,8,8,8,"1,102",578,524,77,86,65,73,89,64,124,102,108,104,115,95,219,119,100,23,59,7
30,台北市,373610,市立龍山國小,24,4,4,3,4,5,4,559,287,272,51,42,44,39,42,38,49,34,50,59,51,60,110,53,57,18,28,7
30,台北市,373611,市立福星國小,36,5,5,6,7,6,7,"1,003",500,503,75,60,75,78,84,86,75,98,108,86,83,95,158,70,88,18,50,7
30,台北市,380601,國立政大實小,12,2,2,2,2,2,2,396,199,197,31,32,35,32,35,29,34,31,32,36,32,37,68,33,35,6,19,2
30,台北市,381601,私立靜心小學,36,6,6,6,6,6,6,"1,511",817,694,126,126,147,105,131,121,141,111,131,121,141,110,247,126,121,7,71,9
30,台北市,381602,私立中山小學,18,3,3,3,3,3,3,686,393,293,70,56,67,48,68,53,65,49,59,48,64,39,123,60,63,5,29,5
30,台北市,381603,私立再興小學,30,5,5,5,5,5,5,"1,263",741,522,106,104,118,91,132,78,132,78,126,83,127,88,215,122,93,5,53,4
30,台北市,383601,市立景美國小,27,5,5,5,4,4,4,597,312,285,51,48,51,32,43,50,55,46,61,45,51,64,93,57,36,12,41,6
30,台北市,383602,市立武功國小,23,3,4,4,4,4,4,557,292,265,41,36,42,42,56,45,43,55,57,41,53,46,107,54,53,9,35,5
30,台北市,383603,市立興德國小,18,3,3,3,3,3,3,424,204,220,28,39,29,28,31,35,38,45,33,34,45,39,91,50,41,9,27,5
30,台北市,383604,市立溪口國小,35,5,4,6,6,7,7,"1,023",525,498,80,67,45,53,83,81,99,84,109,108,109,105,149,83,66,10,53,7
30,台北市,383605,市立興隆國小,34,6,5,5,6,6,6,"1,048",522,526,78,86,84,89,90,75,106,90,80,87,84,99,173,104,69,19,48,7
30,台北市,383606,市立志清國小,26,5,4,4,4,4,5,832,447,385,80,75,64,52,79,59,81,55,66,69,77,75,161,93,68,8,46,6
30,台北市,383607,市立景興國小,46,8,8,8,7,8,7,"1,473",790,683,146,101,117,131,130,96,126,113,144,128,127,114,243,119,124,17,64,8
30,台北市,383608,市立木柵國小,47,8,7,8,9,8,7,"1,372",745,627,102,105,122,99,125,92,122,105,148,122,126,104,227,121,106,25,60,7
30,台北市,383609,市立永建國小,25,4,5,4,4,4,4,784,390,394,69,61,54,67,69,56,67,69,56,77,75,64,134,59,75,9,39,7
30,台北市,383610,市立實踐國小,44,7,7,8,7,7,8,"1,394",728,666,124,98,111,103,117,120,119,116,121,121,136,108,239,128,111,13,66,7
30,台北市,383611,市立博嘉國小,12,2,2,2,2,2,2,207,112,95,19,12,21,11,18,23,16,10,18,22,20,17,37,22,15,9,18,6
30,台北市,383612,市立指南國小,6,1,1,1,1,1,1,146,81,65,16,3,13,9,14,9,14,15,13,14,11,15,17,8,9,5,10,4
30,台北市,383613,市立明道國小,29,4,5,4,6,5,5,678,333,345,62,52,47,42,58,59,53,63,61,65,52,64,87,49,38,14,40,5
30,台北市,383614,市立萬芳國小,41,6,7,7,7,7,7,"1,148",630,518,106,76,103,69,96,86,109,80,105,103,111,104,183,94,89,16,56,7
30,台北市,383615,市立力行國小,48,8,8,8,8,8,8,"1,616",835,781,143,114,126,145,133,133,149,125,140,136,144,128,258,121,137,22,61,9
30,台北市,383616,市立萬興國小,26,5,4,4,4,4,5,782,396,386,54,79,65,53,56,55,70,56,71,67,80,76,159,94,65,10,39,7
30,台北市,383617,市立萬福國小,40,6,7,6,7,7,7,"1,021",521,500,86,63,71,86,90,66,104,88,80,108,90,89,206,115,91,11,60,7
30,台北市,383618,市立興華國小,42,6,7,7,7,8,7,"1,230",653,577,96,79,98,87,112,93,118,98,115,112,114,108,224,124,100,15,62,6
30,台北市,383619,市立辛亥國小,18,3,3,3,3,3,3,431,238,193,28,29,33,20,42,34,44,36,48,40,43,34,80,51,29,5,31,5
30,台北市,393601,市立南港國小,45,9,7,7,7,7,8,"1,157",598,559,93,81,100,86,96,97,95,96,94,107,120,92,222,104,118,29,54,7
30,台北市,393602,市立舊莊國小,30,5,6,5,5,5,4,867,433,434,76,83,64,62,77,70,73,87,68,71,75,61,142,78,64,15,41,7
30,台北市,393603,市立玉成國小,30,5,5,5,5,5,5,752,392,360,70,67,60,49,58,65,69,47,72,67,63,65,147,78,69,19,36,8
30,台北市,393604,市立成德國小,32,5,6,5,5,5,6,813,429,384,63,63,64,61,73,57,74,62,74,75,81,66,152,67,85,15,43,6
30,台北市,393605,市立胡適國小,49,8,8,8,8,9,8,"1,551",799,752,133,118,126,94,130,135,130,146,136,140,144,119,263,142,121,28,60,5
30,台北市,393606,市立東新國小,40,6,7,7,6,7,7,"1,031",535,496,93,84,81,75,84,79,89,85,98,79,90,94,173,84,89,21,51,8
30,台北市,393607,市立修德國小,36,6,6,5,7,6,6,911,446,465,58,72,73,54,63,78,94,94,71,76,87,91,135,72,63,16,49,7
30,台北市,400144,國立臺灣戲曲學院,6,0,0,0,0,3,3,205,64,141,0,0,0,0,0,0,0,0,27,78,37,63,89,19,70,0,6,0
30,台北市,403601,市立內湖國小,95,14,15,15,17,17,17,"2,516","1,338","1,178",227,170,202,160,197,155,232,223,224,257,256,213,479,264,215,34,131,11
30,台北市,403602,市立碧湖國小,56,9,8,10,10,10,9,"1,594",816,778,113,130,142,101,144,140,133,141,156,124,128,142,312,164,148,26,76,4
30,台北市,403603,市立潭美國小,23,4,4,3,6,3,3,437,226,211,34,38,39,29,33,33,44,49,42,29,34,33,83,51,32,19,27,5
30,台北市,403604,市立東湖國小,99,17,16,16,17,16,17,"3,123","1,656","1,467",250,213,229,209,302,247,307,250,285,271,283,277,557,295,262,50,121,11
30,台北市,403605,市立西湖國小,33,5,4,5,6,6,7,877,469,408,78,60,51,57,71,67,74,72,88,69,107,83,188,96,92,15,50,4
30,台北市,403606,市立康寧國小,54,9,9,9,9,9,9,"1,578",837,741,132,115,135,123,130,124,139,117,142,146,159,116,250,135,115,26,66,6
30,台北市,403607,市立明湖國小,69,10,10,12,11,14,12,"2,155","1,125","1,030",158,167,149,156,194,166,185,173,234,179,205,189,395,207,188,34,86,10
30,台北市,403608,市立麗山國小,63,9,10,11,11,11,11,"1,544",801,743,113,115,114,87,135,123,144,131,143,150,152,137,310,164,146,29,81,8
30,台北市,403609,市立新湖國小,42,7,7,7,7,7,7,"1,156",595,561,83,117,111,78,83,92,106,92,115,81,97,101,219,118,101,26,50,8
30,台北市,403610,市立文湖國小,33,4,5,5,7,6,6,769,406,363,42,55,47,49,76,49,80,77,87,62,74,71,133,63,70,10,50,5
30,台北市,403611,市立大湖國小,57,8,9,8,11,10,11,"1,205",614,591,80,82,103,73,77,87,103,117,125,121,126,111,302,168,134,31,68,8
30,台北市,403612,市立南湖國小,66,11,11,11,11,11,11,"1,991","1,007",984,153,153,135,121,171,156,186,183,175,187,187,184,384,204,180,23,92,10
30,台北市,403613,市立麗湖國小,37,8,8,6,6,5,4,"1,167",630,537,139,122,136,128,104,83,111,70,80,76,60,58,35,14,21,14,52,6
30,台北市,411601,私立華興小學,13,4,2,2,2,2,1,443,260,183,76,66,50,18,44,36,34,30,34,15,22,18,23,16,7,6,19,3
30,台北市,413601,市立士林國小,72,10,11,13,12,12,14,"2,042","1,108",934,168,131,154,116,181,167,179,164,192,163,234,193,400,207,193,28,105,11
30,台北市,413602,市立士東國小,42,7,7,7,7,7,7,"1,167",628,539,102,72,92,79,107,107,106,76,109,104,112,101,221,95,126,18,72,7
30,台北市,413603,市立福林國小,35,5,5,6,6,6,7,923,476,447,82,76,73,63,67,80,87,62,89,81,78,85,154,86,68,14,50,7
30,台北市,413604,市立陽明山國小,17,3,2,3,3,3,3,323,160,163,28,21,28,28,26,25,27,31,24,27,27,31,70,36,34,10,28,3
30,台北市,413605,市立社子國小,79,13,12,12,14,14,14,"2,087","1,087","1,000",180,171,169,159,175,152,189,167,179,157,195,194,384,196,188,39,96,8
30,台北市,413606,市立雨聲國小,19,3,3,3,3,3,4,336,156,180,29,23,26,18,19,29,28,35,19,33,35,42,74,40,34,12,26,5
30,台北市,413607,市立富安國小,17,2,3,3,3,3,3,302,151,151,25,12,19,16,24,27,25,38,27,29,31,29,47,25,22,8,27,5
30,台北市,413608,市立劍潭國小,25,4,4,4,4,4,5,624,319,305,48,46,46,48,60,51,57,43,44,57,64,60,112,50,62,14,34,7
30,台北市,413609,市立溪山國小,6,1,1,1,1,1,1,103,53,50,9,6,8,11,7,12,11,9,14,5,4,7,13,10,3,7,8,3
30,台北市,413610,市立平等國小,6,1,1,1,1,1,1,94,50,44,7,9,7,3,9,7,10,9,10,7,7,9,26,10,16,6,9,4
30,台北市,413611,市立百齡國小,70,11,11,11,12,13,12,"1,957","1,095",862,173,143,161,123,169,138,195,147,197,154,200,157,373,201,172,34,91,8
30,台北市,413612,市立雙溪國小,12,2,2,2,2,2,2,146,70,76,12,9,8,6,10,19,11,16,11,16,18,10,18,7,11,7,21,5
30,台北市,413613,市立葫蘆國小,60,9,10,10,10,10,11,"1,528",791,737,114,111,117,111,132,125,144,131,132,133,152,126,281,147,134,38,65,10
30,台北市,413614,市立雨農國小,43,7,7,7,7,8,7,"1,129",572,557,70,96,87,76,98,85,94,98,121,111,102,91,223,118,105,13,63,7
30,台北市,413615,市立天母國小,84,14,14,14,14,14,14,"2,591","1,357","1,234",189,181,210,190,231,203,253,204,226,240,248,216,470,249,221,26,121,9
30,台北市,413616,市立文昌國小,18,3,3,3,3,3,3,434,222,212,31,26,42,31,31,41,31,47,41,31,46,36,82,42,40,12,24,4
30,台北市,413617,市立芝山國小,38,6,7,6,7,6,6,988,524,464,94,55,73,71,78,77,93,82,96,80,90,99,225,125,100,18,53,6
30,台北市,413618,市立蘭雅國小,26,4,4,5,4,4,5,597,279,318,43,48,39,41,44,50,40,62,47,45,66,72,120,73,47,12,37,7
30,台北市,413619,市立三玉國小,57,8,9,10,10,10,10,"1,601",859,742,117,107,134,107,136,107,164,127,153,154,155,140,319,179,140,18,81,8
30,台北市,421601,私立薇閣小學,36,6,6,6,6,6,6,"1,511",811,700,135,117,133,119,130,122,126,124,150,102,137,116,269,161,108,12,55,6
30,台北市,421602,私立奎山中學附小,12,2,2,2,2,2,2,296,168,128,31,25,32,24,28,14,27,24,28,22,22,19,39,27,12,4,10,0
30,台北市,423601,市立北投國小,93,15,16,15,16,15,16,"2,741","1,450","1,291",217,195,224,180,221,199,273,215,254,249,261,253,509,248,261,33,132,13
30,台北市,423602,市立逸仙國小,38,5,5,7,7,7,7,"1,043",547,496,79,68,82,59,83,82,88,87,110,107,105,93,213,119,94,21,50,8
30,台北市,423603,市立石牌國小,98,16,16,16,16,17,17,"2,911","1,463","1,448",214,236,246,194,227,230,249,235,269,276,258,277,521,260,261,36,140,11
30,台北市,423604,市立關渡國小,49,8,8,8,9,8,8,"1,547",813,734,114,124,135,117,129,112,160,137,136,117,139,127,248,114,134,19,68,6
30,台北市,423605,市立湖田國小,6,1,1,1,1,1,1,69,36,33,7,7,4,9,1,3,7,7,7,4,10,3,13,9,4,5,10,3
30,台北市,423606,市立清江國小,31,5,5,5,5,5,6,780,412,368,69,53,61,54,62,53,66,66,65,66,89,76,135,74,61,9,50,8
30,台北市,423607,市立泉源國小,6,1,1,1,1,1,1,91,47,44,8,4,7,9,9,10,6,10,8,6,9,5,18,10,8,11,4,4
30,台北市,423608,市立大屯國小,6,1,1,1,1,1,1,106,55,51,13,7,9,9,9,8,5,8,13,7,6,12,13,9,4,6,9,3
30,台北市,423609,市立湖山國小,6,1,1,1,1,1,1,130,71,59,10,8,12,8,17,9,16,12,10,9,6,13,23,12,11,5,10,4
30,台北市,423610,市立桃源國小,19,3,3,3,3,3,4,470,239,231,36,26,36,35,29,49,40,44,49,32,49,45,100,55,45,11,24,6
30,台北市,423611,市立文林國小,31,6,4,6,4,7,4,727,381,346,51,56,56,46,73,55,61,54,82,63,58,72,168,94,74,18,41,7
30,台北市,423612,市立義方國小,14,3,3,2,2,2,2,325,162,163,30,33,28,27,28,26,25,34,22,23,29,20,47,24,23,12,18,6
30,台北市,423613,市立立農國小,40,6,6,6,6,7,9,"1,012",524,488,82,76,69,78,77,74,85,84,106,87,105,89,193,100,93,13,59,6
30,台北市,423614,市立明德國小,44,7,7,8,7,8,7,"1,127",565,562,83,76,79,85,92,98,100,89,111,107,100,107,234,112,122,17,61,7
30,台北市,423615,市立洲美國小,6,1,1,1,1,1,1,108,56,52,7,7,5,2,12,6,12,13,11,13,9,11,17,8,9,5,11,3
30,台北市,423616,市立文化國小,54,9,9,9,9,9,9,"1,770",895,875,142,155,153,137,159,140,149,139,142,154,150,150,299,150,149,29,66,8