site_id,village,people_total,people_total_m,people_total_f,,ratio
區域別,村里,人口數,人口數-男,人口數-女,,ratio
板橋區,留侯里,"1,662.00",783,879,457.00,0.583652618135377
板橋區,流芳里,"1,577.00",737,840,255.00,0.345997286295794
板橋區,赤松里,833.00,405,428,255.00,0.62962962962963
板橋區,黃石里,"1,189.00",582,607,159.00,0.27319587628866
板橋區,挹秀里,"1,796.00",877,919,167.00,0.19042189281642
板橋區,湳興里,"5,690.00",2739,2951,363.00,0.132530120481928
板橋區,新興里,"3,276.00",1567,1709,807.00,0.514996809189534
板橋區,社後里,"9,224.00",5133,4091,460.00,0.0896162088447302
板橋區,香社里,"4,517.00",2247,2270,"1,091.00",0.485536270583
板橋區,中正里,"4,531.00",2217,2314,601.00,0.271087054578259
板橋區,自強里,"5,399.00",2637,2762,598.00,0.226772847933258
板橋區,自立里,"2,930.00",1420,1510,"1,183.00",0.833098591549296
板橋區,光華里,"2,794.00",1376,1418,406.00,0.295058139534884
板橋區,國光里,"3,859.00",1884,1975,518.00,0.274946921443737
板橋區,港尾里,"3,059.00",1444,1615,889.00,0.615650969529086
板橋區,金華里,"4,151.00",2031,2120,512.00,0.252092565238799
板橋區,港德里,"5,125.00",2539,2586,508.00,0.200078771169752
板橋區,民權里,"2,768.00",1366,1402,681.00,0.498535871156662
板橋區,建國里,"3,713.00",1814,1899,472.00,0.260198456449835
板橋區,漢生里,"4,463.00",2164,2299,513.00,0.237060998151571
板橋區,公舘里,"4,107.00",2007,2100,809.00,0.403089187842551
板橋區,新民里,"4,679.00",2273,2406,560.00,0.246370435547734
板橋區,幸福里,"4,157.00",2074,2083,761.00,0.366923818707811
板橋區,忠誠里,"4,252.00",2064,2188,536.00,0.25968992248062
板橋區,百壽里,"2,493.00",1199,1294,861.00,0.718098415346122
板橋區,介壽里,"3,200.00",1532,1668,318.00,0.20757180156658
板橋區,新埔里,"2,202.00",1072,1130,414.00,0.386194029850746
板橋區,華江里,"7,741.00",3582,4159,360.00,0.100502512562814
板橋區,江翠里,"4,912.00",2415,2497,"1,415.00",0.58592132505176
板橋區,純翠里,"5,647.00",2772,2875,675.00,0.243506493506494
板橋區,溪頭里,"6,308.00",3099,3209,818.00,0.263956114875766
板橋區,聯翠里,"3,794.00",1782,2012,935.00,0.524691358024691
板橋區,宏翠里,"4,990.00",2385,2605,696.00,0.291823899371069
板橋區,仁翠里,"3,035.00",1478,1557,738.00,0.499323410013532
板橋區,新翠里,"8,173.00",3930,4243,335.00,0.0852417302798982
板橋區,吉翠里,"3,949.00",1928,2021,"1,373.00",0.712136929460581
板橋區,德翠里,"7,626.00",3729,3897,470.00,0.126039152587825
板橋區,滿翠里,"3,122.00",1508,1614,"1,170.00",0.775862068965517
板橋區,明翠里,"5,061.00",2450,2611,343.00,0.14
板橋區,松翠里,"3,532.00",1710,1822,714.00,0.417543859649123
板橋區,柏翠里,"4,225.00",2011,2214,512.00,0.254599701640975
板橋區,龍翠里,"5,268.00",2545,2723,650.00,0.255402750491159
板橋區,華翠里,"3,844.00",1848,1996,856.00,0.463203463203463
板橋區,忠翠里,"11,002.00",5194,5808,619.00,0.119175972275703
板橋區,嵐翠里,"2,659.00",1337,1322,"2,116.00",1.58264771877337
板橋區,文翠里,"4,201.00",2074,2127,307.00,0.148023143683703
板橋區,青翠里,"3,126.00",1612,1514,638.00,0.395781637717122
板橋區,懷翠里,"6,248.00",3082,3166,393.00,0.127514600908501
板橋區,福翠里,"1,401.00",705,696,819.00,1.16170212765957
板橋區,港嘴里,"6,417.00",3191,3226,167.00,0.0523346913193356
板橋區,振興里,"4,615.00",2272,2343,990.00,0.435739436619718
板橋區,振義里,"4,400.00",2152,2248,606.00,0.281598513011152
板橋區,光復里,"3,462.00",1756,1706,535.00,0.304669703872437
板橋區,埔墘里,"6,554.00",3137,3417,474.00,0.15109977685687
板橋區,長壽里,"2,969.00",1457,1512,983.00,0.674673987645848
板橋區,福壽里,"3,485.00",1708,1777,607.00,0.355386416861827
板橋區,海山里,"8,510.00",4055,4455,"1,305.00",0.321824907521578
板橋區,九如里,"3,005.00",1443,1562,374.00,0.259182259182259
板橋區,玉光里,"5,665.00",2670,2995,762.00,0.285393258426966
板橋區,光仁里,"3,115.00",1533,1582,427.00,0.278538812785388
板橋區,埤墘里,"4,572.00",2193,2379,596.00,0.271773825809394
板橋區,永安里,"3,685.00",1807,1878,530.00,0.293303818483675
板橋區,雙玉里,"4,333.00",2098,2235,503.00,0.239752144899905
板橋區,廣新里,"3,835.00",1900,1935,427.00,0.224736842105263
板橋區,深丘里,"9,345.00",4476,4869,"1,738.00",0.388293118856122
板橋區,香丘里,"4,064.00",1982,2082,565.00,0.285065590312815
板橋區,西安里,"2,859.00",1412,1447,431.00,0.305240793201133
板橋區,東丘里,"4,989.00",2448,2541,698.00,0.285130718954248
板橋區,長安里,"4,975.00",2414,2561,739.00,0.306130903065452
板橋區,福丘里,"5,027.00",2325,2702,"1,070.00",0.460215053763441
板橋區,福祿里,"4,146.00",1952,2194,637.00,0.326331967213115
板橋區,民族里,"5,174.00",2504,2670,874.00,0.349041533546326
板橋區,國泰里,"3,843.00",1826,2017,548.00,0.300109529025192
板橋區,福德里,"5,433.00",2708,2725,824.00,0.304283604135894
板橋區,景星里,"3,586.00",1718,1868,603.00,0.350989522700815
板橋區,福星里,"3,710.00",1778,1932,678.00,0.38132733408324
板橋區,鄉雲里,"3,899.00",1848,2051,613.00,0.331709956709957
板橋區,廣德里,"7,121.00",3464,3657,"1,152.00",0.33256351039261
板橋區,大豐里,"4,909.00",2396,2513,718.00,0.299666110183639
板橋區,重慶里,"9,273.00",4526,4747,"1,384.00",0.305788775961114
板橋區,仁愛里,"3,309.00",1647,1662,524.00,0.318154219793564
板橋區,和平里,"4,087.00",1925,2162,752.00,0.390649350649351
板橋區,廣福里,"4,339.00",2130,2209,561.00,0.263380281690141
板橋區,華興里,"4,332.00",2094,2238,636.00,0.303724928366762
板橋區,華貴里,"2,863.00",1386,1477,365.00,0.263347763347763
板橋區,華德里,"7,450.00",3603,3847,"1,128.00",0.313072439633639
板橋區,華東里,"7,134.00",3459,3675,"1,519.00",0.43914426134721
板橋區,信義里,"4,421.00",2184,2237,584.00,0.267399267399267
板橋區,浮洲里,"4,260.00",2186,2074,440.00,0.20128087831656
板橋區,華中里,"5,626.00",2823,2803,654.00,0.231668437832094
板橋區,僑中里,"4,225.00",2101,2124,585.00,0.278438838648263
板橋區,中山里,"4,320.00",2135,2185,466.00,0.218266978922717
板橋區,復興里,"1,079.00",643,436,118.00,0.183514774494557
板橋區,大安里,"4,331.00",2177,2154,506.00,0.23242994947175
板橋區,福安里,"2,714.00",1333,1381,334.00,0.250562640660165
板橋區,聚安里,"5,696.00",2873,2823,655.00,0.22798468499826
板橋區,龍安里,"3,022.00",1465,1557,304.00,0.207508532423208
板橋區,崑崙里,"10,452.00",5127,5325,"1,311.00",0.255705090696314
板橋區,溪洲里,"6,353.00",3097,3256,782.00,0.252502421698418
板橋區,溪北里,"3,798.00",1862,1936,488.00,0.262083780880773
板橋區,香雅里,"2,716.00",1346,1370,382.00,0.283803863298663
板橋區,新生里,"4,544.00",2278,2266,679.00,0.298068481123793
板橋區,文德里,"3,300.00",1648,1652,549.00,0.333131067961165
板橋區,文化里,"3,522.00",1719,1803,561.00,0.326352530541012
板橋區,新海里,"3,760.00",1883,1877,481.00,0.255443441317047
板橋區,莒光里,"3,099.00",1528,1571,492.00,0.321989528795812
板橋區,富貴里,"2,362.00",1121,1241,425.00,0.379125780553078
板橋區,正泰里,"3,203.00",1532,1671,462.00,0.301566579634465
板橋區,民生里,"2,408.00",1112,1296,360.00,0.323741007194245
板橋區,後埔里,"4,020.00",1981,2039,772.00,0.389702170620899
板橋區,華福里,"2,229.00",1088,1141,343.00,0.315257352941176
板橋區,堂春里,"4,579.00",2283,2296,593.00,0.259745948313622
板橋區,成和里,"6,799.00",3334,3465,885.00,0.265446910617876
板橋區,光榮里,"2,707.00",1341,1366,396.00,0.295302013422819
板橋區,民安里,"2,258.00",1091,1167,360.00,0.329972502291476
板橋區,陽明里,"2,910.00",1417,1493,452.00,0.318983768525053
板橋區,朝陽里,"3,533.00",1692,1841,446.00,0.263593380614657
板橋區,松柏里,"2,433.00",1216,1217,350.00,0.287828947368421
板橋區,文聖里,"4,018.00",1975,2043,590.00,0.29873417721519
板橋區,居仁里,"3,443.00",1702,1741,521.00,0.306110458284371
板橋區,莊敬里,"4,484.00",2180,2304,745.00,0.341743119266055
板橋區,東安里,"2,806.00",1371,1435,313.00,0.228300510576222
板橋區,五權里,"4,457.00",2226,2231,588.00,0.264150943396226
板橋區,溪福里,"15,108.00",7480,7628,"2,021.00",0.270187165775401
板橋區,大觀里,"3,932.00",1907,2025,468.00,0.245411641321447
板橋區,歡園里,"1,391.00",716,675,122.00,0.170391061452514
三重區,大有里,"5,587.00",2767,2820,809.00,0.292374412721359
三重區,二重里,"1,714.00",864,850,212.00,0.24537037037037
三重區,頂崁里,"2,396.00",1214,1182,321.00,0.264415156507414
三重區,谷王里,"1,004.00",532,472,118.00,0.221804511278195
三重區,中興里,"3,985.00",2009,1976,558.00,0.27775012444002
三重區,德厚里,400.00,195,205,36.00,0.184615384615385
三重區,成功里,"6,508.00",3125,3383,"1,025.00",0.328
三重區,福祉里,"5,828.00",2833,2995,971.00,0.342746205435934
三重區,福民里,"3,701.00",1838,1863,486.00,0.264417845484222
三重區,過田里,"9,618.00",5262,4356,"1,148.00",0.218167996959331
三重區,錦田里,"2,201.00",1090,1111,307.00,0.281651376146789
三重區,重明里,"3,846.00",1880,1966,574.00,0.30531914893617
三重區,光田里,"4,658.00",2284,2374,715.00,0.313047285464098
三重區,光陽里,"6,506.00",3224,3282,"1,070.00",0.331885856079404
三重區,田心里,"4,263.00",2132,2131,560.00,0.26266416510319
三重區,福田里,"3,711.00",1865,1846,578.00,0.309919571045576
三重區,田中里,"6,731.00",3318,3413,971.00,0.292646172393008
三重區,田安里,"6,534.00",3152,3382,875.00,0.27760152284264
三重區,三民里,"3,550.00",1769,1781,543.00,0.306953080836631
三重區,光明里,"7,819.00",3819,4000,"1,204.00",0.315265776381252
三重區,光正里,"2,556.00",1254,1302,486.00,0.38755980861244
三重區,同安里,"1,487.00",748,739,146.00,0.195187165775401
三重區,同慶里,"1,884.00",938,946,283.00,0.301705756929638
三重區,菜寮里,"2,351.00",1148,1203,275.00,0.239547038327526
三重區,永春里,"2,099.00",1034,1065,274.00,0.264990328820116
三重區,中正里,"1,432.00",723,709,198.00,0.273858921161826
三重區,吉利里,"1,457.00",725,732,203.00,0.28
三重區,大同里,"2,033.00",969,1064,306.00,0.315789473684211
三重區,中民里,"1,332.00",671,661,161.00,0.239940387481371
三重區,平和里,"1,596.00",817,779,142.00,0.173806609547124
三重區,大安里,"1,729.00",867,862,216.00,0.249134948096886
三重區,仁德里,"2,094.00",1075,1019,246.00,0.228837209302326
三重區,忠孝里,"1,797.00",906,891,226.00,0.249448123620309
三重區,仁義里,"1,231.00",615,616,133.00,0.216260162601626
三重區,光榮里,"1,455.00",716,739,227.00,0.317039106145251
三重區,光輝里,"1,602.00",807,795,229.00,0.283767038413879
三重區,福星里,"1,065.00",512,553,169.00,0.330078125
三重區,福利里,"2,438.00",1129,1309,379.00,0.335695305580159
三重區,清和里,"3,949.00",1877,2072,635.00,0.338305807139052
三重區,永興里,"1,357.00",656,701,180.00,0.274390243902439
三重區,中山里,"2,830.00",1383,1447,455.00,0.328994938539407
三重區,大園里,"2,914.00",1463,1451,366.00,0.250170881749829
三重區,國隆里,"2,861.00",1378,1483,372.00,0.269956458635704
三重區,重陽里,"3,875.00",1932,1943,546.00,0.282608695652174
三重區,民生里,"4,574.00",2257,2317,532.00,0.235711120957023
三重區,重新里,"1,518.00",750,768,199.00,0.265333333333333
三重區,正德里,"1,221.00",589,632,150.00,0.254668930390492
三重區,正義里,"1,952.00",981,971,269.00,0.27420998980632
三重區,正安里,"2,066.00",1007,1059,266.00,0.264150943396226
三重區,自強里,"1,909.00",940,969,233.00,0.247872340425532
三重區,文化里,"2,504.00",1256,1248,350.00,0.278662420382166
三重區,中央里,"1,820.00",904,916,224.00,0.247787610619469
三重區,雙園里,"1,028.00",518,510,117.00,0.225868725868726
三重區,錦通里,"1,586.00",759,827,174.00,0.229249011857708
三重區,錦安里,"1,916.00",920,996,230.00,0.25
三重區,長安里,"2,333.00",1163,1170,274.00,0.235597592433362
三重區,光華里,"2,024.00",1009,1015,299.00,0.296333002973241
三重區,長生里,922.00,456,466,135.00,0.296052631578947
三重區,開元里,"1,550.00",770,780,215.00,0.279220779220779
三重區,大德里,833.00,395,438,99.00,0.250632911392405
三重區,長元里,"2,599.00",1311,1288,307.00,0.234172387490465
三重區,長江里,"2,151.00",1068,1083,275.00,0.25749063670412
三重區,長泰里,"2,371.00",1192,1179,256.00,0.214765100671141
三重區,長福里,"1,645.00",789,856,173.00,0.219264892268695
三重區,介壽里,"1,250.00",612,638,155.00,0.253267973856209
三重區,萬壽里,"2,155.00",1049,1106,267.00,0.254528122020972
三重區,錦江里,"2,477.00",1237,1240,267.00,0.215844785772029
三重區,龍濱里,"3,480.00",1687,1793,418.00,0.247777119146414
三重區,龍門里,"2,021.00",991,1030,246.00,0.248234106962664
三重區,秀江里,"1,496.00",750,746,164.00,0.218666666666667
三重區,奕壽里,"1,850.00",911,939,232.00,0.254665203073546
三重區,三安里,"2,793.00",1345,1448,358.00,0.266171003717472
三重區,福安里,"3,201.00",1581,1620,39.00,0.0246679316888046
三重區,信安里,"2,078.00",1018,1060,436.00,0.428290766208251
三重區,安慶里,"2,185.00",1073,1112,301.00,0.280521901211556
三重區,幸福里,"4,790.00",2355,2435,253.00,0.107430997876858
三重區,六合里,"3,940.00",1963,1977,623.00,0.317371370351503
三重區,六福里,"5,956.00",2930,3026,484.00,0.16518771331058
三重區,順德里,"2,350.00",1223,1127,792.00,0.647587898609976
三重區,承德里,"1,970.00",996,974,246.00,0.246987951807229
三重區,瑞德里,"2,553.00",1248,1305,238.00,0.190705128205128
三重區,崇德里,"4,229.00",2149,2080,259.00,0.120521172638436
三重區,厚德里,"3,875.00",1911,1964,440.00,0.230245944531659
三重區,維德里,"3,156.00",1528,1628,536.00,0.350785340314136
三重區,尚德里,"3,286.00",1590,1696,367.00,0.230817610062893
三重區,培德里,"3,982.00",1970,2012,392.00,0.198984771573604
三重區,永德里,"5,396.00",2658,2738,571.00,0.214823175319789
三重區,永盛里,"3,572.00",1736,1836,611.00,0.351958525345622
三重區,永福里,"5,895.00",2827,3068,403.00,0.142553944110364
三重區,永清里,"6,029.00",2908,3121,639.00,0.219738651994498
三重區,永安里,"4,459.00",2182,2277,688.00,0.315307057745188
三重區,永煇里,"2,675.00",1374,1301,499.00,0.363173216885007
三重區,溪美里,"8,322.00",4042,4280,323.00,0.0799109351806037
三重區,福隆里,"4,833.00",2326,2507,"1,096.00",0.471195184866724
三重區,五常里,"4,447.00",2201,2246,654.00,0.297137664697865
三重區,五福里,"4,041.00",1947,2094,508.00,0.260914227015922
三重區,仁忠里,"3,363.00",1664,1699,560.00,0.336538461538462
三重區,慈福里,"2,323.00",1173,1150,313.00,0.266837169650469
三重區,慈生里,"2,428.00",1191,1237,266.00,0.223341729638959
三重區,慈惠里,"2,268.00",1125,1143,265.00,0.235555555555556
三重區,慈愛里,"3,703.00",1825,1878,267.00,0.146301369863014
三重區,慈化里,"2,704.00",1316,1388,403.00,0.306231003039514
三重區,慈祐里,"5,008.00",2499,2509,321.00,0.128451380552221
三重區,五華里,"5,469.00",2627,2842,630.00,0.239817282070803
三重區,富貴里,"6,471.00",3084,3387,777.00,0.251945525291829
三重區,富華里,"3,393.00",1737,1656,"1,145.00",0.659182498560737
三重區,富福里,"2,160.00",1050,1110,443.00,0.421904761904762
三重區,碧華里,"7,427.00",3554,3873,233.00,0.0655599324704558
三重區,五谷里,"1,826.00",953,873,"1,391.00",1.45960125918153
三重區,博愛里,"4,771.00",2319,2452,252.00,0.108667529107374
三重區,福德里,"4,134.00",1946,2188,649.00,0.333504624871531
三重區,永吉里,"3,282.00",1587,1695,548.00,0.345305608065532
三重區,永發里,"6,180.00",3092,3088,375.00,0.121280724450194
三重區,永順里,"5,491.00",2650,2841,982.00,0.370566037735849
三重區,永豐里,"6,340.00",3102,3238,638.00,0.205673758865248
三重區,立德里,"3,612.00",1764,1848,673.00,0.381519274376417
三重區,福樂里,"3,984.00",1984,2000,467.00,0.235383064516129
三重區,仁華里,"4,470.00",2182,2288,445.00,0.203941338221815
三重區,五順里,"4,161.00",2085,2076,603.00,0.289208633093525
中和區,中原里,"5,538.00",2733,2805,448.00,0.163922429564581
中和區,平河里,"9,617.00",4644,4973,901.00,0.194013781223084
中和區,信和里,"4,535.00",2295,2240,"1,400.00",0.610021786492375
中和區,仁和里,"4,490.00",2239,2251,580.00,0.259044216167932
中和區,中正里,"4,308.00",2104,2204,633.00,0.300855513307985
中和區,建和里,"3,791.00",1871,1920,518.00,0.27685729556387
中和區,連和里,"2,488.00",1130,1358,601.00,0.531858407079646
中和區,連城里,"6,711.00",3215,3496,474.00,0.147433903576983
中和區,力行里,"6,420.00",3073,3347,"1,104.00",0.359258054018874
中和區,枋寮里,"3,832.00",1906,1926,37.00,0.0194123819517314
中和區,漳和里,"3,758.00",1829,1929,"1,116.00",0.610169491525424
中和區,廟美里,"4,604.00",2254,2350,645.00,0.286157941437445
中和區,福真里,"4,301.00",2113,2188,608.00,0.287742546142925
中和區,福善里,"4,335.00",2054,2281,707.00,0.344206426484908
中和區,福美里,"4,644.00",2286,2358,566.00,0.247594050743657
中和區,福祥里,"5,346.00",2624,2722,616.00,0.234756097560976
中和區,瓦󿾨里,"5,710.00",2774,2936,639.00,0.230353280461428
中和區,福和里,"3,828.00",1898,1930,700.00,0.368809272918862
中和區,佳和里,"4,950.00",2381,2569,868.00,0.364552708945821
中和區,安樂里,"3,689.00",1733,1956,592.00,0.341604154645124
中和區,安和里,"3,205.00",1525,1680,830.00,0.544262295081967
中和區,安平里,"6,032.00",2875,3157,831.00,0.28904347826087
中和區,中安里,"4,447.00",2084,2363,608.00,0.291746641074856
中和區,泰安里,"3,661.00",1735,1926,"1,415.00",0.815561959654179
中和區,新南里,"8,487.00",3963,4524,"1,082.00",0.273025485743124
中和區,南山里,"5,476.00",2675,2801,569.00,0.212710280373832
中和區,秀山里,"4,689.00",2254,2435,"1,617.00",0.717391304347826
中和區,秀成里,"3,640.00",1783,1857,"1,003.00",0.562535053280987
中和區,秀福里,"4,899.00",2366,2533,775.00,0.327557058326289
中和區,秀景里,"6,521.00",3214,3307,669.00,0.208151835718731
中和區,秀明里,"5,157.00",2394,2763,950.00,0.396825396825397
中和區,秀峰里,"4,184.00",1942,2242,"1,187.00",0.611225540679712
中和區,秀仁里,"3,360.00",1650,1710,961.00,0.582424242424242
中和區,頂南里,"3,180.00",1549,1631,683.00,0.440929632020659
中和區,華新里,"7,617.00",3677,3940,577.00,0.156921403317922
中和區,東南里,"4,409.00",2160,2249,532.00,0.246296296296296
中和區,華南里,"5,246.00",2583,2663,"1,099.00",0.425474254742547
中和區,忠孝里,"5,141.00",2557,2584,801.00,0.31325772389519
中和區,崇南里,"4,193.00",2027,2166,913.00,0.450419338924519
中和區,景南里,"3,340.00",1599,1741,63.00,0.0393996247654784
中和區,橫路里,366.00,193,173,759.00,3.93264248704663
中和區,內南里,"5,355.00",2721,2634,778.00,0.285924292539508
中和區,壽南里,"2,501.00",1269,1232,497.00,0.391646966115051
中和區,外南里,"7,452.00",4169,3283,25.00,0.00599664188054689
中和區,復興里,"5,434.00",2571,2863,788.00,0.306495527032283
中和區,和興里,"4,594.00",2205,2389,375.00,0.170068027210884
中和區,景平里,"5,651.00",2676,2975,830.00,0.3101644245142
中和區,景新里,"3,731.00",1786,1945,796.00,0.44568868980963
中和區,景福里,"5,664.00",2668,2996,733.00,0.274737631184408
中和區,景安里,"4,907.00",2408,2499,"1,036.00",0.430232558139535
中和區,景文里,"3,340.00",1639,1701,551.00,0.336180597925564
中和區,錦和里,"5,877.00",2874,3003,985.00,0.342727905358386
中和區,錦昌里,"2,413.00",1230,1183,894.00,0.726829268292683
中和區,灰󿾨里,843.00,443,400,601.00,1.35665914221219
中和區,積穗里,"8,481.00",4103,4378,883.00,0.215208384109188
中和區,民享里,"2,611.00",1281,1330,413.00,0.3224043715847
中和區,員山里,"6,836.00",3335,3501,86.00,0.0257871064467766
中和區,嘉穗里,"2,802.00",1400,1402,"1,344.00",0.96
中和區,文元里,"5,533.00",2696,2837,391.00,0.145029673590504
中和區,嘉新里,"4,198.00",2086,2112,976.00,0.467881112176414
中和區,民安里,"5,172.00",2576,2596,422.00,0.163819875776398
中和區,安穗里,"4,796.00",2334,2462,753.00,0.322622107969152
中和區,瑞穗里,"2,534.00",1180,1354,532.00,0.450847457627119
中和區,明穗里,"4,777.00",2387,2390,698.00,0.292417260159196
中和區,清穗里,"3,413.00",1737,1676,665.00,0.382843983880253
中和區,自強里,"5,302.00",2620,2682,360.00,0.137404580152672
中和區,德穗里,"4,692.00",2299,2393,850.00,0.369725967812092
中和區,民生里,"4,372.00",2098,2274,463.00,0.220686367969495
中和區,國光里,"4,098.00",2000,2098,748.00,0.374
中和區,壽德里,"4,848.00",2330,2518,776.00,0.333047210300429
中和區,明德里,"4,111.00",2023,2088,683.00,0.337617399901137
中和區,秀水里,"3,882.00",1877,2005,659.00,0.351092168353756
中和區,德行里,"6,941.00",3373,3568,743.00,0.220278683664394
中和區,宜安里,"1,889.00",925,964,499.00,0.53945945945946
中和區,安順里,"4,517.00",2119,2398,557.00,0.262859839546956
中和區,秀義里,"2,747.00",1380,1367,"1,367.00",0.990579710144928
中和區,秀士里,"2,570.00",1255,1315,357.00,0.284462151394422
中和區,興南里,"3,318.00",1613,1705,828.00,0.513329200247985
中和區,景本里,"2,248.00",1082,1166,481.00,0.444547134935305
中和區,福南里,"4,540.00",2156,2384,435.00,0.201762523191095
中和區,中興里,"7,132.00",3435,3697,471.00,0.137117903930131
中和區,吉興里,"3,146.00",1442,1704,346.00,0.23994452149792
中和區,中山里,"3,020.00",1481,1539,670.00,0.452397029034436
中和區,碧河里,"4,341.00",2137,2204,"1,357.00",0.635002339728591
中和區,錦中里,"4,414.00",2156,2258,541.00,0.250927643784787
中和區,錦盛里,"4,120.00",2008,2112,444.00,0.221115537848606
中和區,民有里,"2,910.00",1446,1464,674.00,0.466113416320885
中和區,員富里,"3,542.00",1783,1759,615.00,0.344924284913068
中和區,嘉慶里,"4,585.00",2286,2299,537.00,0.23490813648294
中和區,冠穗里,"3,524.00",1784,1740,411.00,0.230381165919283
中和區,國華里,"3,482.00",1737,1745,463.00,0.266551525618883
中和區,正南里,"3,730.00",1871,1859,568.00,0.303580972741849
中和區,正行里,"3,139.00",1499,1640,641.00,0.42761841227485
永和區,福林里,"3,582.00",1741,1841,481.00,0.276278001148765
永和區,文化里,"2,895.00",1381,1514,544.00,0.393917451122375
永和區,豫溪里,"4,988.00",2556,2432,537.00,0.210093896713615
永和區,光明里,"3,159.00",1428,1731,714.00,0.5
永和區,仁愛里,"2,782.00",1323,1459,526.00,0.397581254724112
永和區,永貞里,"3,659.00",1718,1941,875.00,0.509313154831199
永和區,永福里,"2,903.00",1411,1492,646.00,0.457831325301205
永和區,民治里,"3,072.00",1395,1677,519.00,0.372043010752688
永和區,永成里,"1,052.00",516,536,714.00,1.38372093023256
永和區,忠義里,859.00,446,413,625.00,1.40134529147982
永和區,永元里,"5,057.00",2338,2719,487.00,0.208297690333618
永和區,秀林里,"3,911.00",1905,2006,114.00,0.0598425196850394
永和區,保安里,"7,675.00",3660,4015,107.00,0.0292349726775956
永和區,中溪里,"5,332.00",2646,2686,869.00,0.328420256991686
永和區,永安里,"4,382.00",2027,2355,734.00,0.362111494819931
永和區,民族里,"4,917.00",2323,2594,"1,566.00",0.674128282393457
永和區,民權里,"4,850.00",2354,2496,978.00,0.415463041631266
永和區,中興里,"2,982.00",1370,1612,957.00,0.698540145985402
永和區,勵行里,"1,313.00",622,691,901.00,1.44855305466238
永和區,秀朗里,"4,217.00",2053,2164,914.00,0.445202143205066
永和區,秀成里,"3,083.00",1523,1560,561.00,0.368351936966513
永和區,上溪里,"2,077.00",958,1119,213.00,0.222338204592902
永和區,竹林里,"3,831.00",1840,1991,672.00,0.365217391304348
永和區,雙和里,"4,130.00",1897,2233,558.00,0.294148655772272
永和區,安和里,"4,128.00",1919,2209,368.00,0.19176654507556
永和區,水源里,"4,305.00",2059,2246,719.00,0.349198640116561
永和區,協和里,"3,062.00",1485,1577,775.00,0.521885521885522
永和區,河堤里,"3,402.00",1626,1776,849.00,0.522140221402214
永和區,頂溪里,"2,570.00",1228,1342,823.00,0.670195439739414
永和區,潭墘里,"4,875.00",2216,2659,542.00,0.244584837545126
永和區,潭安里,"5,105.00",2481,2624,729.00,0.293833131801693
永和區,大新里,"2,738.00",1234,1504,515.00,0.417341977309562
永和區,保平里,"5,134.00",2421,2713,975.00,0.40272614622057
永和區,民本里,"4,270.00",2022,2248,"1,027.00",0.507912957467854
永和區,民樂里,"5,026.00",2455,2571,561.00,0.228513238289206
永和區,光復里,"1,775.00",810,965,921.00,1.13703703703704
永和區,復興里,"2,482.00",1186,1296,776.00,0.654300168634064
永和區,福和里,"5,416.00",2544,2872,"1,065.00",0.418632075471698
永和區,得和里,"4,535.00",2126,2409,340.00,0.159924741298213
永和區,智光里,"3,585.00",1742,1843,534.00,0.30654420206659
永和區,新生里,890.00,455,435,"1,224.00",2.69010989010989
永和區,大同里,"1,002.00",514,488,974.00,1.89494163424125
永和區,前溪里,"2,211.00",1021,1190,531.00,0.520078354554359
永和區,和平里,"5,136.00",2456,2680,100.00,0.0407166123778502
永和區,新廍里,"2,323.00",1152,1171,97.00,0.0842013888888889
永和區,下溪里,"4,215.00",2054,2161,429.00,0.208860759493671
永和區,秀和里,"5,240.00",2513,2727,964.00,0.383605252686033
永和區,河濱里,"3,410.00",1658,1752,459.00,0.276839565741858
永和區,民生里,"4,291.00",2001,2290,721.00,0.36031984007996
永和區,秀得里,"2,873.00",1370,1503,"1,075.00",0.784671532846715
永和區,上林里,"3,714.00",1772,1942,642.00,0.362302483069977
永和區,網溪里,"1,259.00",623,636,695.00,1.11556982343499
永和區,正興里,"2,355.00",1070,1285,491.00,0.458878504672897
永和區,永興里,"3,395.00",1605,1790,740.00,0.461059190031153
永和區,桂林里,"3,907.00",1859,2048,217.00,0.116729424421732
永和區,店街里,"4,353.00",1953,2400,455.00,0.232974910394265
永和區,信義里,"2,702.00",1229,1473,675.00,0.549227013832384
永和區,後溪里,"1,904.00",910,994,722.00,0.793406593406593
永和區,民富里,"3,279.00",1601,1678,859.00,0.536539662710806
永和區,秀元里,"3,285.00",1579,1706,557.00,0.352754908169728
永和區,永樂里,"2,582.00",1178,1404,375.00,0.318336162988115
永和區,保順里,"10,827.00",5090,5737,493.00,0.0968565815324165
新莊區,海山里,"5,694.00",2769,2925,634.00,0.228963524738173
新莊區,頭前里,"7,653.00",3751,3902,452.00,0.120501199680085
新莊區,國泰里,"1,645.00",840,805,"2,114.00",2.51666666666667
新莊區,全安里,"4,743.00",2286,2457,786.00,0.343832020997375
新莊區,福基里,"4,416.00",2195,2221,"1,364.00",0.621412300683371
新莊區,豐年里,"3,940.00",1924,2016,198.00,0.102910602910603
新莊區,忠孝里,"5,094.00",2498,2596,641.00,0.256605284227382
新莊區,恆安里,"4,857.00",2360,2497,772.00,0.327118644067797
新莊區,後港里,"7,432.00",3612,3820,472.00,0.130675526024363
新莊區,文衡里,"2,259.00",1110,1149,751.00,0.676576576576577
新莊區,中美里,"6,341.00",3077,3264,777.00,0.252518687032824
新莊區,八德里,"3,282.00",1598,1684,"1,122.00",0.702127659574468
新莊區,興漢里,"3,728.00",1853,1875,352.00,0.189962223421479
新莊區,中和里,"4,911.00",2410,2501,843.00,0.349792531120332
新莊區,西盛里,"11,267.00",5597,5670,358.00,0.0639628372342326
新莊區,榮和里,"4,872.00",2865,2007,576.00,0.201047120418848
新莊區,中泰里,"4,740.00",2349,2391,674.00,0.286930608769689
新莊區,瓊林里,"6,329.00",3210,3119,"1,452.00",0.452336448598131
新莊區,文德里,"1,913.00",945,968,571.00,0.604232804232804
新莊區,中誠里,"2,339.00",1160,1179,547.00,0.471551724137931
新莊區,裕民里,"7,581.00",3773,3808,688.00,0.182348263980917
新莊區,文明里,"1,958.00",933,1025,273.00,0.292604501607717
新莊區,中港里,"6,817.00",3320,3497,285.00,0.0858433734939759
新莊區,富國里,"2,530.00",1271,1259,901.00,0.70889063729347
新莊區,思源里,"5,774.00",2792,2982,279.00,0.0999283667621777
新莊區,立人里,"2,473.00",1214,1259,"1,008.00",0.830313014827018
新莊區,南港里,"5,545.00",2724,2821,309.00,0.113436123348018
新莊區,仁愛里,"2,853.00",1390,1463,713.00,0.51294964028777
新莊區,立德里,"2,704.00",1304,1400,455.00,0.348926380368098
新莊區,信義里,"5,851.00",2814,3037,766.00,0.272210376687989
新莊區,立言里,"5,458.00",2611,2847,290.00,0.111068556108771
新莊區,民安里,"6,345.00",3067,3278,461.00,0.150309748940333
新莊區,和平里,"5,045.00",2467,2578,701.00,0.284150790433725
新莊區,立功里,"3,907.00",1897,2010,865.00,0.455983131259884
新莊區,民本里,"3,195.00",1619,1576,821.00,0.50710315009265
新莊區,化成里,"3,663.00",1844,1819,734.00,0.398047722342733
新莊區,立志里,"4,206.00",2050,2156,464.00,0.226341463414634
新莊區,光華里,"7,935.00",3880,4055,381.00,0.0981958762886598
新莊區,思賢里,"4,468.00",2209,2259,535.00,0.242191036668176
新莊區,營盤里,"2,360.00",1201,1159,537.00,0.447127393838468
新莊區,光榮里,"4,894.00",2382,2512,856.00,0.35936188077246
新莊區,自強里,"2,847.00",1470,1377,656.00,0.446258503401361
新莊區,丹鳳里,"8,523.00",4198,4325,373.00,0.0888518342067651
新莊區,光明里,"4,925.00",2388,2537,550.00,0.230318257956449
新莊區,自立里,"5,767.00",2737,3030,285.00,0.104128607964925
新莊區,合鳳里,"4,839.00",2430,2409,970.00,0.39917695473251
新莊區,幸福里,"4,647.00",2260,2387,495.00,0.219026548672566
新莊區,雙鳳里,"11,367.00",5627,5740,674.00,0.119779633907944
新莊區,自信里,"2,675.00",1298,1377,560.00,0.431432973805855
新莊區,龍鳳里,"9,413.00",4469,4944,519.00,0.116133363168494
新莊區,中華里,"2,979.00",1465,1514,"1,584.00",1.08122866894198
新莊區,中隆里,"4,890.00",2376,2514,329.00,0.138468013468013
新莊區,中原里,"10,604.00",5137,5467,"1,391.00",0.270780611251703
新莊區,中信里,"9,257.00",4495,4762,455.00,0.101223581757508
新莊區,四維里,"4,922.00",2383,2539,674.00,0.282836760386068
新莊區,建福里,"2,637.00",1321,1316,"1,564.00",1.18395155185466
新莊區,中宏里,"3,935.00",1945,1990,19.00,0.00976863753213368
新莊區,中全里,"3,809.00",1906,1903,"1,262.00",0.66211962224554
新莊區,立泰里,"5,169.00",2493,2676,562.00,0.225431207380666
新莊區,全泰里,"5,364.00",2652,2712,364.00,0.137254901960784
新莊區,仁義里,"3,970.00",1990,1980,592.00,0.29748743718593
新莊區,立基里,"6,590.00",3205,3385,453.00,0.141341653666147
新莊區,昌明里,"3,794.00",1824,1970,711.00,0.389802631578947
新莊區,昌平里,"6,036.00",2831,3205,930.00,0.328505828329212
新莊區,文聖里,"3,727.00",1745,1982,440.00,0.252148997134671
新莊區,萬安里,"3,936.00",1879,2057,"1,104.00",0.587546567323044
新莊區,龍安里,"2,503.00",1253,1250,564.00,0.450119712689545
新莊區,福營里,"2,630.00",1338,1292,"1,082.00",0.808669656203289
新莊區,後德里,"3,145.00",1573,1572,621.00,0.394787031150668
新莊區,建安里,"6,889.00",3346,3543,493.00,0.147340107591154
新莊區,成德里,"5,341.00",2564,2777,332.00,0.129485179407176
新莊區,福興里,"6,102.00",3089,3013,408.00,0.132081579799288
新莊區,昌信里,"3,927.00",1851,2076,527.00,0.284710967044841
新莊區,昌隆里,"4,657.00",2176,2481,"1,021.00",0.469209558823529
新莊區,中平里,"9,483.00",4396,5087,630.00,0.143312101910828
新莊區,立廷里,"11,764.00",5579,6185,877.00,0.15719663022047
新莊區,泰豐里,"2,610.00",1282,1328,609.00,0.475039001560062
新莊區,富民里,"3,994.00",1965,2029,705.00,0.358778625954198
新莊區,龍福里,"2,384.00",1126,1258,"1,327.00",1.1785079928952
新莊區,祥鳳里,"2,574.00",1278,1296,"2,023.00",1.5829420970266
新莊區,民全里,"3,953.00",1972,1981,318.00,0.161257606490872
新莊區,民有里,"4,270.00",2047,2223,533.00,0.26038104543234
新莊區,光正里,"4,923.00",2430,2493,332.00,0.136625514403292
新莊區,光和里,"2,974.00",1439,1535,301.00,0.209173036831133
新店區,國豐里,"3,491.00",1607,1884,548.00,0.341008089607965
新店區,明德里,"4,172.00",1935,2237,516.00,0.266666666666667
新店區,大豐里,"3,885.00",1835,2050,576.00,0.313896457765668
新店區,大同里,"4,122.00",1980,2142,338.00,0.170707070707071
新店區,江陵里,"5,622.00",2660,2962,705.00,0.265037593984962
新店區,寶興里,"5,400.00",2574,2826,877.00,0.340714840714841
新店區,寶安里,"5,619.00",2633,2986,763.00,0.289783516900874
新店區,信義里,"6,351.00",3042,3309,864.00,0.284023668639053
新店區,忠孝里,"2,876.00",1381,1495,"1,345.00",0.973931933381608
新店區,大鵬里,"2,733.00",1339,1394,"1,161.00",0.86706497386109
新店區,太平里,"3,276.00",1575,1701,"1,237.00",0.785396825396825
新店區,頂城里,"1,745.00",924,821,"1,316.00",1.42424242424242
新店區,下城里,"3,436.00",1762,1674,478.00,0.271282633371169
新店區,柴埕里,"9,336.00",4524,4812,687.00,0.151856763925729
新店區,永安里,"5,419.00",2639,2780,570.00,0.215990905646078
新店區,公崙里,"11,607.00",5632,5975,188.00,0.0333806818181818
新店區,德安里,"6,554.00",3310,3244,617.00,0.186404833836858
新店區,雙城里,"6,064.00",3068,2996,"1,488.00",0.485006518904824
新店區,日興里,"6,089.00",3064,3025,700.00,0.22845953002611
新店區,玫瑰里,"6,242.00",2995,3247,"1,913.00",0.63873121869783
新店區,塗潭里,"1,051.00",556,495,827.00,1.48741007194245
新店區,美潭里,"5,429.00",2652,2777,736.00,0.277526395173454
新店區,員潭里,"5,033.00",2525,2508,644.00,0.255049504950495
新店區,雙坑里,874.00,496,378,69.00,0.139112903225806
新店區,粗坑里,"3,286.00",1568,1718,955.00,0.60905612244898
新店區,屈尺里,"2,614.00",1369,1245,79.00,0.0577063550036523
新店區,龜山里,"1,800.00",919,881,926.00,1.0076169749728
新店區,廣興里,"1,383.00",763,620,699.00,0.916120576671035
新店區,直潭里,"1,305.00",691,614,633.00,0.916063675832127
新店區,青潭里,"5,643.00",2740,2903,299.00,0.109124087591241
新店區,新店里,"1,873.00",939,934,212.00,0.225772097976571
新店區,張南里,"2,136.00",963,1173,107.00,0.111111111111111
新店區,國校里,"2,672.00",1320,1352,196.00,0.148484848484849
新店區,文中里,"1,813.00",870,943,878.00,1.00919540229885
新店區,廣明里,878.00,440,438,282.00,0.640909090909091
新店區,文明里,"2,386.00",1169,1217,408.00,0.34901625320787
新店區,中興里,"5,450.00",2591,2859,467.00,0.180239289849479
新店區,新生里,"6,111.00",2843,3268,394.00,0.138586000703482
新店區,新德里,"2,828.00",1310,1518,140.00,0.106870229007634
新店區,張北里,"8,493.00",4066,4427,400.00,0.0983767830791933
新店區,五峯里,"7,417.00",3476,3941,"1,188.00",0.341772151898734
新店區,新安里,"6,556.00",3424,3132,"1,284.00",0.375
新店區,忠誠里,"2,546.00",1210,1336,489.00,0.404132231404959
新店區,中正里,"6,670.00",3099,3571,"1,797.00",0.579864472410455
新店區,中華里,"4,504.00",2136,2368,"1,623.00",0.759831460674157
新店區,仁愛里,"2,162.00",1010,1152,"1,083.00",1.07227722772277
新店區,百忍里,"4,112.00",1921,2191,548.00,0.2852680895367
新店區,百和里,"3,441.00",1668,1773,"1,297.00",0.77757793764988
新店區,福德里,"4,155.00",1957,2198,930.00,0.475217169136433
新店區,百福里,"3,619.00",1679,1940,455.00,0.270994639666468
新店區,福民里,"4,276.00",1993,2283,757.00,0.379829402910186
新店區,中山里,"4,835.00",2221,2614,640.00,0.288158487167942
新店區,和平里,945.00,476,469,705.00,1.48109243697479
新店區,中央里,"5,894.00",2742,3152,809.00,0.295040116703136
新店區,明城里,"3,633.00",1769,1864,"1,010.00",0.570944036178632
新店區,安和里,"7,544.00",3670,3874,"1,245.00",0.339237057220708
新店區,吉祥里,"4,944.00",2373,2571,86.00,0.0362410450906026
新店區,寶福里,"7,432.00",3604,3828,"1,516.00",0.420643729189789
新店區,小城里,"3,945.00",1937,2008,799.00,0.412493546721735
新店區,香坡里,"10,546.00",5100,5446,"1,224.00",0.24
新店區,建國里,"3,191.00",1462,1729,975.00,0.666894664842681
新店區,復興里,"3,476.00",1672,1804,"1,416.00",0.84688995215311
新店區,美城里,"2,838.00",1375,1463,896.00,0.651636363636364
新店區,安昌里,"5,478.00",2566,2912,"1,915.00",0.746297739672642
新店區,長春里,"2,625.00",1228,1397,638.00,0.519543973941368
新店區,新和里,"4,345.00",2080,2265,556.00,0.267307692307692
新店區,永平里,"5,999.00",2890,3109,467.00,0.16159169550173
新店區,達觀里,"3,827.00",1795,2032,963.00,0.536490250696379
新店區,華城里,"2,679.00",1246,1433,705.00,0.565810593900482
樹林區,三多里,"4,387.00",2213,2174,712.00,0.321735201084501
樹林區,三福里,"4,398.00",2171,2227,966.00,0.444956241363427
樹林區,三興里,"5,196.00",2654,2542,801.00,0.30180859080633
樹林區,圳安里,"3,804.00",1920,1884,742.00,0.386458333333333
樹林區,保安里,"6,816.00",3408,3408,521.00,0.15287558685446
樹林區,潭底里,"5,172.00",2825,2347,463.00,0.163893805309735
樹林區,󿾵寮里,"5,379.00",2673,2706,528.00,0.197530864197531
樹林區,樹德里,"3,885.00",1917,1968,425.00,0.22170057381325
樹林區,樹西里,"5,523.00",2722,2801,964.00,0.354151359294636
樹林區,樹南里,"4,447.00",2193,2254,554.00,0.252621979024168
樹林區,樹人里,"3,650.00",1786,1864,541.00,0.302911534154535
樹林區,坡內里,"1,824.00",918,906,551.00,0.600217864923747
樹林區,樹東里,"1,221.00",609,612,905.00,1.48604269293924
樹林區,大同里,"3,732.00",1794,1938,682.00,0.38015607580825
樹林區,和平里,"4,140.00",2074,2066,456.00,0.219864995178399
樹林區,彭厝里,"5,378.00",2659,2719,191.00,0.0718315156073712
樹林區,彭福里,"5,476.00",2720,2756,183.00,0.0672794117647059
樹林區,東山里,"3,467.00",1767,1700,526.00,0.297679683078664
樹林區,東陽里,"6,379.00",3246,3133,502.00,0.154651879235983
樹林區,東昇里,"5,144.00",2540,2604,621.00,0.244488188976378
樹林區,樂山里,"1,863.00",974,889,640.00,0.657084188911704
樹林區,東園里,"1,922.00",1043,879,354.00,0.339405560882071
樹林區,西園里,"1,945.00",1048,897,725.00,0.691793893129771
樹林區,南園里,"14,950.00",7164,7786,680.00,0.0949190396426577
樹林區,北園里,"2,365.00",1235,1130,165.00,0.133603238866397
樹林區,柑園里,"9,521.00",4604,4917,169.00,0.0367072111207646
樹林區,樹北里,963.00,475,488,206.00,0.433684210526316
樹林區,圳福里,"4,656.00",2330,2326,"2,634.00",1.13047210300429
樹林區,樹興里,"3,989.00",1970,2019,232.00,0.117766497461929
樹林區,樹福里,"3,801.00",1812,1989,"1,877.00",1.03587196467991
樹林區,光興里,"4,222.00",2120,2102,128.00,0.060377358490566
樹林區,金寮里,"4,602.00",2318,2284,542.00,0.233822260569456
樹林區,彭興里,"6,276.00",3127,3149,518.00,0.165653981451871
樹林區,文林里,"5,511.00",2711,2800,649.00,0.239395057174474
樹林區,山佳里,"6,122.00",3119,3003,466.00,0.149406861173453
樹林區,中山里,"5,528.00",2804,2724,482.00,0.171897289586305
樹林區,育英里,"3,258.00",1585,1673,674.00,0.425236593059937
樹林區,中華里,"3,544.00",1705,1839,682.00,0.4
樹林區,太順里,"2,948.00",1509,1439,716.00,0.474486414844268
樹林區,圳民里,"2,923.00",1510,1413,620.00,0.410596026490066
樹林區,圳生里,"1,733.00",906,827,479.00,0.528697571743929
樹林區,三龍里,"2,183.00",1125,1058,454.00,0.403555555555556
鶯歌區,東鶯里,"1,132.00",573,559,309.00,0.539267015706806
鶯歌區,西鶯里,"2,468.00",1227,1241,362.00,0.295028524857376
鶯歌區,南鶯里,"6,190.00",3047,3143,232.00,0.0761404660321628
鶯歌區,北鶯里,"4,521.00",2273,2248,282.00,0.124065112186538
鶯歌區,中鶯里,"1,134.00",552,582,148.00,0.268115942028986
鶯歌區,建德里,605.00,336,269,296.00,0.880952380952381
鶯歌區,同慶里,"1,962.00",943,1019,811.00,0.860021208907741
鶯歌區,永昌里,"9,413.00",4676,4737,626.00,0.133875106928999
鶯歌區,南靖里,"3,864.00",1968,1896,154.00,0.0782520325203252
鶯歌區,尖山里,"7,578.00",3809,3769,54.00,0.0141769493305329
鶯歌區,二橋里,"8,457.00",4321,4136,231.00,0.0534598472575793
鶯歌區,二甲里,"1,063.00",559,504,"1,084.00",1.9391771019678
鶯歌區,東湖里,288.00,158,130,457.00,2.89240506329114
鶯歌區,大湖里,"5,517.00",2782,2735,904.00,0.324946081955428
鶯歌區,鳳鳴里,"5,004.00",2521,2483,863.00,0.342324474414915
鶯歌區,鳳福里,"4,209.00",2070,2139,86.00,0.0415458937198068
鶯歌區,永吉里,"5,318.00",2657,2661,24.00,0.00903274369589763
鶯歌區,中湖里,"6,341.00",3264,3077,728.00,0.223039215686275
鶯歌區,鳳祥里,"4,966.00",2478,2488,545.00,0.219935431799839
鶯歌區,建國里,"7,332.00",3571,3761,496.00,0.138896667600112
三峽區,三峽里,316.00,176,140,592.00,3.36363636363636
三峽區,秀川里,701.00,341,360,606.00,1.77712609970674
三峽區,八張里,"4,260.00",2140,2120,552.00,0.257943925233645
三峽區,中埔里,"3,128.00",1550,1578,891.00,0.574838709677419
三峽區,弘道里,"1,264.00",702,562,40.00,0.056980056980057
三峽區,永舘里,"8,035.00",3846,4189,77.00,0.0200208008320333
三峽區,礁溪里,"6,067.00",2992,3075,457.00,0.15274064171123
三峽區,鳶山里,"10,606.00",5276,5330,346.00,0.0655799848369977
三峽區,龍埔里,"9,872.00",4901,4971,105.00,0.021424199143032
三峽區,大埔里,"4,389.00",2312,2077,"1,047.00",0.452854671280277
三峽區,嘉添里,"2,620.00",1529,1091,668.00,0.436886854153041
三峽區,添福里,"1,247.00",674,573,"1,290.00",1.91394658753709
三峽區,金圳里,566.00,332,234,"1,203.00",3.62349397590361
三峽區,五寮里,986.00,531,455,452.00,0.851224105461394
三峽區,插角里,783.00,454,329,3.00,0.0066079295154185
三峽區,有木里,827.00,487,340,263.00,0.540041067761807
三峽區,溪北里,"2,551.00",1352,1199,94.00,0.0695266272189349
三峽區,溪南里,"1,689.00",919,770,33.00,0.0359085963003264
三峽區,溪東里,"3,259.00",1693,1566,61.00,0.0360307147076196
三峽區,成福里,"1,022.00",552,470,44.00,0.0797101449275362
三峽區,安坑里,"1,567.00",875,692,39.00,0.0445714285714286
三峽區,竹崙里,"2,181.00",1229,952,214.00,0.174125305126119
三峽區,介壽里,"7,032.00",3556,3476,153.00,0.0430258717660293
三峽區,安溪里,"8,132.00",4042,4090,295.00,0.0729836714497773
三峽區,中正里,"5,559.00",2782,2777,109.00,0.0391804457225018
三峽區,二鬮里,"3,736.00",1892,1844,109.00,0.0576109936575053
三峽區,龍學里,"15,308.00",7085,8223,173.00,0.0244177840508116
三峽區,龍恩里,"6,238.00",3005,3233,749.00,0.249251247920133
淡水區,中和里,660.00,376,284,"1,006.00",2.67553191489362
淡水區,屯山里,"1,203.00",652,551,568.00,0.871165644171779
淡水區,賢孝里,"1,695.00",906,789,432.00,0.47682119205298
淡水區,興仁里,"1,742.00",926,816,"2,876.00",3.10583153347732
淡水區,蕃薯里,"1,104.00",614,490,"1,073.00",1.74755700325733
淡水區,義山里,"2,919.00",1527,1392,117.00,0.0766208251473477
淡水區,忠山里,948.00,514,434,171.00,0.332684824902724
淡水區,崁頂里,"11,168.00",5416,5752,209.00,0.038589364844904
淡水區,埤島里,"1,621.00",867,754,127.00,0.146482122260669
淡水區,新興里,"7,513.00",3524,3989,269.00,0.0763337116912599
淡水區,水碓里,"6,256.00",3033,3223,96.00,0.0316518298714144
淡水區,北投里,"10,395.00",4949,5446,"2,124.00",0.429177611638715
淡水區,水源里,"2,372.00",1283,1089,202.00,0.157443491816056
淡水區,忠寮里,"1,237.00",687,550,"1,148.00",1.67103347889374
淡水區,樹興里,"1,404.00",733,671,863.00,1.17735334242838
淡水區,坪頂里,"1,457.00",715,742,"1,815.00",2.53846153846154
淡水區,福德里,"6,759.00",3237,3522,272.00,0.084028421377819
淡水區,竹圍里,"6,365.00",2906,3459,121.00,0.0416379903647626
淡水區,民生里,"7,273.00",3336,3937,213.00,0.0638489208633094
淡水區,八勢里,"5,335.00",2353,2982,230.00,0.0977475563110922
淡水區,竿蓁里,"10,291.00",4746,5545,"1,420.00",0.299199325747998
淡水區,鄧公里,"6,295.00",2948,3347,"1,155.00",0.391791044776119
淡水區,中興里,"4,295.00",2084,2211,"1,206.00",0.578694817658349
淡水區,長庚里,"1,529.00",766,763,"1,194.00",1.55874673629243
淡水區,清文里,"1,248.00",636,612,"2,228.00",3.50314465408805
淡水區,草東里,826.00,423,403,"1,249.00",2.95271867612293
淡水區,協元里,"1,602.00",804,798,522.00,0.649253731343284
淡水區,永吉里,973.00,477,496,229.00,0.480083857442348
淡水區,民安里,797.00,392,405,179.00,0.456632653061224
淡水區,新生里,489.00,232,257,127.00,0.547413793103448
淡水區,文化里,"1,929.00",901,1028,218.00,0.241953385127636
淡水區,油車里,"5,736.00",2782,2954,130.00,0.0467289719626168
淡水區,沙崙里,"4,060.00",2002,2058,128.00,0.0639360639360639
淡水區,新義里,"4,511.00",2204,2307,99.00,0.0449183303085299
淡水區,新春里,"8,311.00",3965,4346,324.00,0.0817150063051702
淡水區,新民里,"4,906.00",2363,2543,860.00,0.363944138806602
淡水區,正德里,"4,759.00",2180,2579,540.00,0.247706422018349
淡水區,北新里,"2,953.00",1375,1578,548.00,0.398545454545455
淡水區,民權里,"4,387.00",2016,2371,"1,380.00",0.68452380952381
淡水區,幸福里,"4,306.00",2096,2210,954.00,0.455152671755725
淡水區,學府里,"4,784.00",2298,2486,731.00,0.318102697998259
淡水區,大庄里,"6,425.00",3029,3396,531.00,0.175305381313965
汐止區,義民里,"1,453.00",712,741,771.00,1.08286516853933
汐止區,禮門里,"1,086.00",535,551,620.00,1.1588785046729
汐止區,智慧里,"4,696.00",2155,2541,751.00,0.348491879350348
汐止區,信望里,345.00,176,169,"1,145.00",6.50568181818182
汐止區,橋東里,"3,023.00",1429,1594,196.00,0.137158852344297
汐止區,秀峰里,"5,714.00",3001,2713,139.00,0.0463178940353216
汐止區,新昌里,"5,756.00",2832,2924,852.00,0.300847457627119
汐止區,復興里,"7,191.00",3318,3873,56.00,0.0168776371308017
汐止區,茄苳里,"4,963.00",2490,2473,375.00,0.150602409638554
汐止區,長安里,"1,696.00",871,825,658.00,0.755453501722158
汐止區,保安里,"1,697.00",847,850,904.00,1.06729634002361
汐止區,保長里,"4,465.00",2237,2228,"1,414.00",0.632096557890031
汐止區,鄉長里,"2,380.00",1206,1174,507.00,0.420398009950249
汐止區,江北里,"6,267.00",3199,3068,203.00,0.0634573304157549
汐止區,拱北里,"5,194.00",2645,2549,194.00,0.0733459357277883
汐止區,烘內里,"1,576.00",809,767,581.00,0.718170580964153
汐止區,八連里,"1,034.00",557,477,302.00,0.542190305206463
汐止區,樟樹里,"2,212.00",1176,1036,784.00,0.666666666666667
汐止區,北峰里,"4,494.00",2286,2208,632.00,0.276465441819773
汐止區,北山里,"5,412.00",2561,2851,247.00,0.0964467005076142
汐止區,白雲里,"4,486.00",2222,2264,122.00,0.0549054905490549
汐止區,橫科里,"4,577.00",2238,2339,272.00,0.12153708668454
汐止區,東山里,631.00,329,302,597.00,1.8145896656535
汐止區,福山里,"3,619.00",1709,1910,894.00,0.523112931538912
汐止區,宜興里,"2,956.00",1390,1566,672.00,0.483453237410072
汐止區,中興里,"7,393.00",3622,3771,669.00,0.184704583103258
汐止區,湖光里,"5,678.00",2711,2967,58.00,0.0213943194393213
汐止區,仁德里,"1,766.00",870,896,774.00,0.889655172413793
汐止區,厚德里,"7,599.00",3756,3843,524.00,0.1395101171459
汐止區,忠孝里,"7,769.00",3759,4010,"1,080.00",0.28731045490822
汐止區,自強里,"5,251.00",2550,2701,"1,128.00",0.442352941176471
汐止區,文化里,"4,447.00",2178,2269,234.00,0.107438016528926
汐止區,金龍里,"5,044.00",2478,2566,"1,067.00",0.430589184826473
汐止區,福德里,"3,272.00",1569,1703,"1,224.00",0.780114722753346
汐止區,興福里,"3,058.00",1493,1565,824.00,0.551908908238446
汐止區,康福里,"5,170.00",2421,2749,699.00,0.288723667905824
汐止區,忠山里,"3,423.00",1645,1778,760.00,0.462006079027356
汐止區,環河里,"1,222.00",666,556,486.00,0.72972972972973
汐止區,東勢里,"4,100.00",2003,2097,490.00,0.244633050424363
汐止區,山光里,"2,841.00",1391,1450,835.00,0.600287562904385
汐止區,大同里,"2,921.00",1386,1535,950.00,0.685425685425685
汐止區,崇德里,"5,314.00",2607,2707,117.00,0.0448791714614499
汐止區,湖興里,"6,341.00",3132,3209,941.00,0.300446998722861
汐止區,長青里,980.00,461,519,312.00,0.676789587852495
汐止區,福安里,"6,397.00",3074,3323,471.00,0.153220559531555
汐止區,秀山里,"4,627.00",2279,2348,853.00,0.374286967968407
汐止區,建成里,"5,281.00",2472,2809,"1,326.00",0.536407766990291
汐止區,城中里,"4,710.00",2196,2514,255.00,0.116120218579235
汐止區,湖蓮里,"2,671.00",1250,1421,987.00,0.7896
汐止區,保新里,"2,912.00",1411,1501,821.00,0.581856839121191
瑞芳區,龍潭里,802.00,398,404,844.00,2.12060301507538
瑞芳區,龍興里,"2,309.00",1140,1169,727.00,0.637719298245614
瑞芳區,龍鎮里,"1,446.00",720,726,669.00,0.929166666666667
瑞芳區,龍川里,"1,915.00",923,992,401.00,0.434452871072589
瑞芳區,龍山里,"1,534.00",821,713,116.00,0.141291108404385
瑞芳區,龍安里,714.00,360,354,272.00,0.755555555555556
瑞芳區,爪峯里,"4,287.00",2116,2171,135.00,0.0637996219281664
瑞芳區,柑坪里,"1,283.00",678,605,156.00,0.230088495575221
瑞芳區,東和里,"2,024.00",1006,1018,152.00,0.151093439363817
瑞芳區,上天里,"1,481.00",796,685,401.00,0.503768844221106
瑞芳區,吉慶里,"1,908.00",1007,901,104.00,0.103277060575968
瑞芳區,吉安里,"3,488.00",1763,1725,160.00,0.0907543959160522
瑞芳區,傑魚里,"2,281.00",1174,1107,129.00,0.109880749574106
瑞芳區,猴硐里,528.00,299,229,180.00,0.602006688963211
瑞芳區,光復里,319.00,170,149,339.00,1.99411764705882
瑞芳區,弓橋里,325.00,191,134,198.00,1.03664921465969
瑞芳區,碩仁里,178.00,98,80,37.00,0.377551020408163
瑞芳區,基山里,507.00,260,247,10.00,0.0384615384615385
瑞芳區,永慶里,487.00,254,233,30.00,0.118110236220472
瑞芳區,崇文里,359.00,188,171,13.00,0.0691489361702128
瑞芳區,福住里,188.00,104,84,35.00,0.336538461538462
瑞芳區,頌德里,385.00,195,190,32.00,0.164102564102564
瑞芳區,新山里,396.00,219,177,22.00,0.100456621004566
瑞芳區,瓜山里,197.00,104,93,17.00,0.163461538461538
瑞芳區,銅山里,222.00,124,98,33.00,0.266129032258065
瑞芳區,石山里,360.00,193,167,19.00,0.0984455958549223
瑞芳區,濓新里,316.00,154,162,20.00,0.12987012987013
瑞芳區,濓洞里,526.00,245,281,38.00,0.155102040816327
瑞芳區,海濱里,"1,353.00",624,729,17.00,0.0272435897435897
瑞芳區,瑞濱里,"2,259.00",1107,1152,38.00,0.034327009936766
瑞芳區,深澳里,"1,408.00",674,734,86.00,0.127596439169139
瑞芳區,南雅里,286.00,149,137,169.00,1.13422818791946
瑞芳區,鼻頭里,971.00,483,488,83.00,0.17184265010352
瑞芳區,新峰里,"3,635.00",1832,1803,20.00,0.0109170305676856
土城區,埤塘里,"5,526.00",3170,2356,62.00,0.0195583596214511
土城區,土城里,"2,184.00",1072,1112,324.00,0.302238805970149
土城區,員林里,"6,109.00",2984,3125,545.00,0.182640750670241
土城區,員仁里,"5,913.00",2918,2995,270.00,0.0925291295407814
土城區,長風里,"2,152.00",1049,1103,882.00,0.840800762631077
土城區,日新里,"4,930.00",2455,2475,715.00,0.291242362525458
土城區,日和里,"6,102.00",2996,3106,436.00,0.145527369826435
土城區,貨饒里,"4,246.00",2106,2140,632.00,0.300094966761633
土城區,柑林里,"3,515.00",1712,1803,739.00,0.431658878504673
土城區,埤林里,"8,993.00",4352,4641,593.00,0.136259191176471
土城區,瑞興里,"3,326.00",1630,1696,487.00,0.298773006134969
土城區,清水里,"8,562.00",4180,4382,"1,512.00",0.361722488038278
土城區,清和里,"6,539.00",3327,3212,421.00,0.126540426810941
土城區,永豐里,"4,704.00",2303,2401,"1,126.00",0.488927485887972
土城區,清化里,"1,728.00",913,815,697.00,0.76341730558598
土城區,清溪里,"7,347.00",3635,3712,684.00,0.188170563961486
土城區,峯廷里,"7,893.00",3905,3988,189.00,0.0483994878361076
土城區,平和里,"7,387.00",3661,3726,"1,034.00",0.282436492761541
土城區,廷寮里,"5,158.00",2579,2579,921.00,0.357115160915083
土城區,大安里,"5,045.00",2530,2515,958.00,0.378656126482213
土城區,永寧里,"8,764.00",4351,4413,648.00,0.148931280165479
土城區,沛陂里,"4,751.00",2428,2323,652.00,0.268533772652389
土城區,頂埔里,"5,182.00",2568,2614,"1,010.00",0.393302180685358
土城區,頂福里,"5,394.00",2710,2684,580.00,0.214022140221402
土城區,頂新里,"2,991.00",1428,1563,609.00,0.426470588235294
土城區,祖田里,"1,744.00",895,849,542.00,0.605586592178771
土城區,樂利里,"5,472.00",2693,2779,491.00,0.18232454511697
土城區,廣福里,"5,956.00",2938,3018,172.00,0.0585432266848196
土城區,學府里,"3,811.00",1834,1977,784.00,0.427480916030534
土城區,延壽里,"4,818.00",2426,2392,"1,029.00",0.424154987633965
土城區,安和里,"5,233.00",2586,2647,547.00,0.211523588553751
土城區,青雲里,"3,203.00",1581,1622,549.00,0.347248576850095
土城區,員福里,"5,800.00",2923,2877,663.00,0.226821758467328
土城區,延吉里,"4,596.00",2318,2278,414.00,0.178602243313201
土城區,復興里,"4,767.00",2350,2417,804.00,0.342127659574468
土城區,裕生里,"5,796.00",2844,2952,486.00,0.170886075949367
土城區,員信里,"4,614.00",2273,2341,675.00,0.296964364276287
土城區,永富里,"5,548.00",2732,2816,769.00,0.281478770131772
土城區,學成里,"3,446.00",1707,1739,646.00,0.378441710603398
土城區,延和里,"6,759.00",3212,3547,651.00,0.202677459526775
土城區,中正里,"3,446.00",1606,1840,515.00,0.320672478206725
土城區,學士里,"5,064.00",2433,2631,866.00,0.355939169749281
土城區,明德里,"6,023.00",2810,3213,462.00,0.1644128113879
土城區,廣興里,"3,680.00",1743,1937,892.00,0.51176133103844
土城區,青山里,"3,222.00",1624,1598,"1,083.00",0.666871921182266
土城區,金城里,"6,438.00",3067,3371,545.00,0.177698076296055
土城區,延祿里,"4,454.00",2242,2212,401.00,0.17885816235504
蘆洲區,正義里,"13,571.00",6503,7068,865.00,0.133015531293249
蘆洲區,中原里,"5,827.00",2855,2972,500.00,0.175131348511384
蘆洲區,中路里,"4,225.00",2125,2100,"1,974.00",0.928941176470588
蘆洲區,光華里,"5,385.00",2568,2817,750.00,0.292056074766355
蘆洲區,保佑里,"4,036.00",2007,2029,524.00,0.261086198305929
蘆洲區,水湳里,"11,027.00",5411,5616,680.00,0.125669931620773
蘆洲區,樓厝里,"6,653.00",3240,3413,482.00,0.148765432098765
蘆洲區,鷺江里,"5,837.00",2849,2988,"1,551.00",0.544401544401544
蘆洲區,恆德里,"6,436.00",3135,3301,874.00,0.278787878787879
蘆洲區,溪墘里,"3,393.00",1654,1739,801.00,0.484280532043531
蘆洲區,樹德里,"3,561.00",1786,1775,892.00,0.499440089585666
蘆洲區,保和里,"2,783.00",1371,1412,389.00,0.283734500364697
蘆洲區,仁復里,"2,292.00",1122,1170,483.00,0.43048128342246
蘆洲區,得勝里,"3,554.00",1711,1843,337.00,0.196960841613092
蘆洲區,南港里,"6,285.00",3079,3206,287.00,0.0932120818447548
蘆洲區,永樂里,"6,734.00",3381,3353,438.00,0.129547471162378
蘆洲區,永康里,"7,287.00",3502,3785,789.00,0.225299828669332
蘆洲區,信義里,"4,273.00",2133,2140,900.00,0.421940928270042
蘆洲區,玉清里,"6,024.00",2928,3096,894.00,0.305327868852459
蘆洲區,復興里,"3,754.00",1882,1872,533.00,0.283209351753454
蘆洲區,水河里,"9,770.00",4814,4956,780.00,0.162027420024927
蘆洲區,仁愛里,"5,561.00",2760,2801,412.00,0.149275362318841
蘆洲區,忠義里,"3,372.00",1640,1732,"1,186.00",0.723170731707317
蘆洲區,九芎里,"5,683.00",2803,2880,750.00,0.267570460221192
蘆洲區,中華里,"3,496.00",1719,1777,396.00,0.230366492146597
蘆洲區,得仁里,"3,248.00",1596,1652,721.00,0.451754385964912
蘆洲區,仁德里,"5,780.00",2876,2904,454.00,0.157858136300417
蘆洲區,仁義里,"5,492.00",2957,2535,404.00,0.136624957727426
蘆洲區,光明里,"5,228.00",2587,2641,777.00,0.300347893312717
蘆洲區,保新里,"2,862.00",1440,1422,660.00,0.458333333333333
蘆洲區,長安里,"5,463.00",2730,2733,639.00,0.234065934065934
蘆洲區,民和里,"2,893.00",1442,1451,358.00,0.248266296809986
蘆洲區,忠孝里,"2,602.00",1291,1311,659.00,0.510457010069713
蘆洲區,福安里,"3,395.00",1643,1752,359.00,0.21850273889227
蘆洲區,永安里,"5,418.00",2631,2787,367.00,0.139490687951349
蘆洲區,延平里,"4,440.00",2211,2229,446.00,0.20171867933062
蘆洲區,成功里,"8,029.00",3884,4145,689.00,0.177394438722966
蘆洲區,永德里,"4,724.00",2342,2382,529.00,0.225875320239112
五股區,興珍里,"5,056.00",2625,2431,"1,044.00",0.397714285714286
五股區,更寮里,"1,282.00",672,610,651.00,0.96875
五股區,集福里,"4,019.00",2028,1991,688.00,0.339250493096647
五股區,觀音里,"1,535.00",843,692,118.00,0.139976275207592
五股區,成州里,"6,247.00",3197,3050,408.00,0.127619643415702
五股區,成功里,"6,210.00",3164,3046,134.00,0.0423514538558786
五股區,五龍里,"1,575.00",876,699,633.00,0.722602739726027
五股區,五股里,"4,641.00",2404,2237,741.00,0.308236272878536
五股區,五福里,"3,836.00",1940,1896,148.00,0.0762886597938144
五股區,德音里,"5,572.00",2761,2811,537.00,0.194494748279609
五股區,陸一里,"2,502.00",1224,1278,437.00,0.35702614379085
五股區,貿商里,"3,179.00",1541,1638,777.00,0.504218040233615
五股區,德泰里,"4,618.00",2236,2382,307.00,0.137298747763864
五股區,成德里,"3,175.00",1606,1569,428.00,0.266500622665006
五股區,六福里,"3,958.00",1948,2010,492.00,0.252566735112936
五股區,集賢里,"4,080.00",2032,2048,297.00,0.146161417322835
五股區,民義里,"3,560.00",1776,1784,496.00,0.279279279279279
五股區,成泰里,"7,210.00",3669,3541,459.00,0.125102207686018
五股區,水碓里,"8,219.00",4099,4120,455.00,0.111002683581361
五股區,福德里,"3,365.00",1679,1686,971.00,0.578320428826683
泰山區,大科里,"1,062.00",574,488,"1,083.00",1.88675958188153
泰山區,黎明里,"3,792.00",1879,1913,379.00,0.201703033528473
泰山區,山腳里,"7,120.00",3565,3555,103.00,0.0288920056100982
泰山區,福泰里,"3,037.00",1536,1501,430.00,0.279947916666667
泰山區,楓樹里,"4,725.00",2378,2347,853.00,0.358704793944491
泰山區,同榮里,"4,387.00",2158,2229,315.00,0.145968489341983
泰山區,義學里,"4,955.00",2478,2477,578.00,0.233252623083132
泰山區,明志里,"3,848.00",1912,1936,584.00,0.305439330543933
泰山區,貴子里,"4,017.00",1985,2032,622.00,0.313350125944584
泰山區,貴和里,"5,231.00",2616,2615,539.00,0.206039755351682
泰山區,同興里,"4,240.00",2069,2171,566.00,0.273562107298212
泰山區,義仁里,"8,808.00",4411,4397,670.00,0.151892994785763
泰山區,泰友里,"2,322.00",1147,1175,551.00,0.480383609415868
泰山區,新明里,"3,616.00",1812,1804,"1,280.00",0.706401766004415
泰山區,貴賢里,"3,934.00",1936,1998,312.00,0.161157024793388
泰山區,福興里,"3,916.00",1914,2002,421.00,0.219958202716823
泰山區,全興里,"9,753.00",4751,5002,602.00,0.126710166280783
林口區,東林里,"4,519.00",2271,2248,539.00,0.237340378687803
林口區,林口里,"5,900.00",2897,3003,"1,290.00",0.445288229202623
林口區,西林里,"9,832.00",4898,4934,524.00,0.106982441812985
林口區,菁湖里,"4,660.00",2326,2334,725.00,0.311693895098882
林口區,中湖里,"4,244.00",2133,2111,"1,674.00",0.784810126582278
林口區,湖北里,"1,689.00",893,796,767.00,0.858902575587906
林口區,湖南里,"20,112.00",9658,10454,482.00,0.0499068130047629
林口區,南勢里,"17,048.00",8128,8920,178.00,0.0218996062992126
林口區,東勢里,"6,599.00",3238,3361,"3,858.00",1.19147621988882
林口區,頂福里,"1,231.00",678,553,"3,684.00",5.43362831858407
林口區,下福里,"1,514.00",783,731,"1,007.00",1.28607918263091
林口區,嘉寶里,"1,098.00",580,518,93.00,0.160344827586207
林口區,瑞平里,"1,024.00",546,478,138.00,0.252747252747253
林口區,太平里,"1,695.00",847,848,90.00,0.106257378984652
林口區,仁愛里,"7,263.00",3425,3838,101.00,0.0294890510948905
林口區,麗林里,"9,682.00",4589,5093,178.00,0.0387884070603617
林口區,麗園里,"4,435.00",2171,2264,"1,342.00",0.618148318747121
深坑區,深坑里,"3,562.00",1759,1803,"1,544.00",0.877771461057419
深坑區,萬順里,"2,573.00",1276,1297,675.00,0.528996865203762
深坑區,土庫里,"3,197.00",1584,1613,501.00,0.316287878787879
深坑區,昇高里,"2,217.00",1167,1050,333.00,0.2853470437018
深坑區,阿柔里,643.00,364,279,448.00,1.23076923076923
深坑區,埔新里,"6,414.00",3108,3306,320.00,0.102960102960103
深坑區,萬福里,"2,753.00",1391,1362,69.00,0.0496046010064702
深坑區,賴仲里,"2,285.00",1157,1128,"1,004.00",0.867761452031115
石碇區,石碇里,456.00,255,201,400.00,1.56862745098039
石碇區,潭邊里,887.00,482,405,387.00,0.802904564315353
石碇區,隆盛里,793.00,449,344,47.00,0.10467706013363
石碇區,烏塗里,752.00,427,325,88.00,0.206088992974239
石碇區,彭山里,357.00,188,169,67.00,0.356382978723404
石碇區,豐田里,435.00,253,182,58.00,0.229249011857708
石碇區,永定里,692.00,373,319,26.00,0.0697050938337802
石碇區,中民里,851.00,494,357,27.00,0.0546558704453441
石碇區,光明里,276.00,165,111,33.00,0.2
石碇區,豐林里,309.00,165,144,66.00,0.4
石碇區,永安里,887.00,452,435,27.00,0.0597345132743363
石碇區,格頭里,"1,066.00",568,498,31.00,0.0545774647887324
坪林區,粗窟里,938.00,536,402,88.00,0.164179104477612
坪林區,坪林里,"1,398.00",757,641,108.00,0.142668428005284
坪林區,大林里,"1,259.00",721,538,80.00,0.110957004160888
坪林區,石𥕢里,463.00,248,215,161.00,0.649193548387097
坪林區,上德里,873.00,497,376,117.00,0.235412474849095
坪林區,水德里,699.00,374,325,45.00,0.120320855614973
坪林區,漁光里,881.00,482,399,67.00,0.139004149377593
三芝區,八賢里,362.00,195,167,59.00,0.302564102564103
三芝區,埔頭里,"5,597.00",2713,2884,45.00,0.0165868042757095
三芝區,古庄里,"1,144.00",599,545,30.00,0.0500834724540902
三芝區,新庄里,976.00,521,455,646.00,1.23992322456814
三芝區,埔坪里,"7,415.00",3721,3694,127.00,0.0341306100510615
三芝區,茂長里,707.00,377,330,78.00,0.206896551724138
三芝區,橫山里,550.00,322,228,724.00,2.24844720496894
三芝區,錫板里,797.00,468,329,109.00,0.232905982905983
三芝區,後厝里,"2,261.00",1153,1108,31.00,0.0268863833477884
三芝區,福德里,897.00,455,442,73.00,0.16043956043956
三芝區,圓山里,625.00,359,266,357.00,0.994428969359331
三芝區,店子里,686.00,389,297,141.00,0.362467866323907
三芝區,興華里,"1,339.00",738,601,40.00,0.0542005420054201
石門區,德茂里,"1,351.00",721,630,62.00,0.0859916782246879
石門區,富基里,"1,666.00",829,837,147.00,0.177322074788902
石門區,老梅里,"2,572.00",1302,1270,117.00,0.0898617511520737
石門區,山溪里,"1,010.00",558,452,125.00,0.224014336917563
石門區,石門里,"1,847.00",948,899,228.00,0.240506329113924
石門區,尖鹿里,"1,810.00",932,878,85.00,0.0912017167381974
石門區,乾華里,371.00,212,159,185.00,0.872641509433962
石門區,茂林里,751.00,399,352,174.00,0.43609022556391
石門區,草里里,"1,113.00",572,541,38.00,0.0664335664335664
八里區,龍源里,"7,323.00",3535,3788,82.00,0.0231966053748232
八里區,米倉里,"3,607.00",1845,1762,74.00,0.0401084010840108
八里區,大崁里,"3,145.00",1605,1540,"1,000.00",0.623052959501558
八里區,埤頭里,"4,065.00",2030,2035,439.00,0.216256157635468
八里區,頂罟里,"2,117.00",1039,1078,371.00,0.357074109720886
八里區,舊城里,"7,502.00",3665,3837,414.00,0.112960436562074
八里區,訊塘里,"4,808.00",2410,2398,215.00,0.0892116182572614
八里區,荖阡里,"1,979.00",1014,965,797.00,0.785996055226825
八里區,長坑里,"1,717.00",914,803,528.00,0.577680525164114
八里區,下罟里,"1,745.00",888,857,200.00,0.225225225225225
平溪區,薯榔里,438.00,247,191,148.00,0.59919028340081
平溪區,菁桐里,284.00,154,130,144.00,0.935064935064935
平溪區,白石里,274.00,152,122,15.00,0.0986842105263158
平溪區,石底里,498.00,265,233,18.00,0.0679245283018868
平溪區,平溪里,271.00,141,130,20.00,0.141843971631206
平溪區,嶺腳里,716.00,390,326,34.00,0.0871794871794872
平溪區,東勢里,452.00,260,192,12.00,0.0461538461538462
平溪區,望古里,158.00,90,68,50.00,0.555555555555556
平溪區,南山里,390.00,230,160,25.00,0.108695652173913
平溪區,平湖里,185.00,101,84,17.00,0.168316831683168
平溪區,十分里,958.00,520,438,43.00,0.0826923076923077
平溪區,新寮里,167.00,98,69,8.00,0.0816326530612245
雙溪區,雙溪里,533.00,267,266,45.00,0.168539325842697
雙溪區,共和里,457.00,248,209,36.00,0.145161290322581
雙溪區,新基里,905.00,498,407,84.00,0.168674698795181
雙溪區,魚行里,800.00,451,349,82.00,0.181818181818182
雙溪區,三港里,451.00,259,192,29.00,0.111969111969112
雙溪區,牡丹里,"1,863.00",969,894,146.00,0.150670794633643
雙溪區,三貂里,358.00,193,165,25.00,0.129533678756477
雙溪區,平林里,"1,075.00",575,500,105.00,0.182608695652174
雙溪區,上林里,711.00,399,312,44.00,0.110275689223058
雙溪區,外柑里,464.00,272,192,31.00,0.113970588235294
雙溪區,長源里,391.00,219,172,14.00,0.0639269406392694
雙溪區,泰平里,"1,103.00",566,537,85.00,0.15017667844523
貢寮區,貢寮里,"1,002.00",503,499,95.00,0.188866799204771
貢寮區,吉林里,508.00,317,191,39.00,0.123028391167192
貢寮區,雙玉里,804.00,444,360,57.00,0.128378378378378
貢寮區,龍崗里,465.00,266,199,28.00,0.105263157894737
貢寮區,龍門里,763.00,388,375,67.00,0.172680412371134
貢寮區,福隆里,"1,924.00",937,987,137.00,0.146211312700107
貢寮區,仁里里,"1,965.00",994,971,172.00,0.173038229376258
貢寮區,真理里,"2,363.00",1150,1213,176.00,0.15304347826087
貢寮區,福連里,985.00,447,538,55.00,0.123042505592841
貢寮區,美豐里,847.00,488,359,40.00,0.0819672131147541
貢寮區,和美里,"1,134.00",584,550,77.00,0.131849315068493
金山區,和平里,573.00,270,303,58.00,0.214814814814815
金山區,大同里,830.00,401,429,67.00,0.167082294264339
金山區,豐漁里,596.00,303,293,21.00,0.0693069306930693
金山區,磺港里,"2,089.00",1042,1047,122.00,0.117082533589251
金山區,美田里,"4,626.00",2198,2428,406.00,0.184713375796178
金山區,五湖里,"1,991.00",1016,975,189.00,0.186023622047244
金山區,重和里,"1,404.00",719,685,151.00,0.210013908205841
金山區,兩湖里,453.00,232,221,37.00,0.15948275862069
金山區,六股里,742.00,413,329,55.00,0.13317191283293
金山區,三界里,737.00,341,396,45.00,0.131964809384164
金山區,清泉里,947.00,501,446,64.00,0.127744510978044
金山區,萬壽里,530.00,255,275,47.00,0.184313725490196
金山區,西湖里,211.00,120,91,22.00,0.183333333333333
金山區,永興里,659.00,357,302,35.00,0.0980392156862745
金山區,金美里,"5,828.00",2800,3028,567.00,0.2025
萬里區,萬里里,"5,162.00",2538,2624,444.00,0.174940898345154
萬里區,龜吼里,"2,883.00",1462,1421,279.00,0.190834473324213
萬里區,野柳里,"3,715.00",1800,1915,261.00,0.145
萬里區,大鵬里,"3,215.00",1635,1580,226.00,0.13822629969419
萬里區,磺潭里,652.00,352,300,44.00,0.125
萬里區,雙興里,"1,098.00",608,490,77.00,0.126644736842105
萬里區,溪底里,735.00,405,330,42.00,0.103703703703704
萬里區,崁脚里,474.00,247,227,41.00,0.165991902834008
萬里區,中幅里,"1,310.00",649,661,78.00,0.120184899845917
萬里區,北基里,"3,291.00",1648,1643,298.00,0.180825242718447
烏來區,烏來里,"2,722.00",1329,1393,299.00,0.224981188863807
烏來區,忠治里,"1,834.00",919,915,174.00,0.189336235038085
烏來區,福山里,759.00,391,368,36.00,0.0920716112531969
烏來區,信賢里,605.00,294,311,49.00,0.166666666666667
烏來區,孝義里,250.00,139,111,12.00,0.0863309352517986