statistic_yyymm,site_id,village,people_total,people_total_m,people_total_f
統計年月,區域別,村里,人口數,人口數-男,人口數-女
10509,板橋區,留侯里,1662,783,879
10509,板橋區,流芳里,1577,737,840
10509,板橋區,赤松里,833,405,428
10509,板橋區,黃石里,1189,582,607
10509,板橋區,挹秀里,1796,877,919
10509,板橋區,湳興里,5690,2739,2951
10509,板橋區,新興里,3276,1567,1709
10509,板橋區,社後里,9224,5133,4091
10509,板橋區,香社里,4517,2247,2270
10509,板橋區,中正里,4531,2217,2314
10509,板橋區,自強里,5399,2637,2762
10509,板橋區,自立里,2930,1420,1510
10509,板橋區,光華里,2794,1376,1418
10509,板橋區,國光里,3859,1884,1975
10509,板橋區,港尾里,3059,1444,1615
10509,板橋區,金華里,4151,2031,2120
10509,板橋區,港德里,5125,2539,2586
10509,板橋區,民權里,2768,1366,1402
10509,板橋區,建國里,3713,1814,1899
10509,板橋區,漢生里,4463,2164,2299
10509,板橋區,公舘里,4107,2007,2100
10509,板橋區,新民里,4679,2273,2406
10509,板橋區,幸福里,4157,2074,2083
10509,板橋區,忠誠里,4252,2064,2188
10509,板橋區,百壽里,2493,1199,1294
10509,板橋區,介壽里,3200,1532,1668
10509,板橋區,新埔里,2202,1072,1130
10509,板橋區,華江里,7741,3582,4159
10509,板橋區,江翠里,4912,2415,2497
10509,板橋區,純翠里,5647,2772,2875
10509,板橋區,溪頭里,6308,3099,3209
10509,板橋區,聯翠里,3794,1782,2012
10509,板橋區,宏翠里,4990,2385,2605
10509,板橋區,仁翠里,3035,1478,1557
10509,板橋區,新翠里,8173,3930,4243
10509,板橋區,吉翠里,3949,1928,2021
10509,板橋區,德翠里,7626,3729,3897
10509,板橋區,滿翠里,3122,1508,1614
10509,板橋區,明翠里,5061,2450,2611
10509,板橋區,松翠里,3532,1710,1822
10509,板橋區,柏翠里,4225,2011,2214
10509,板橋區,龍翠里,5268,2545,2723
10509,板橋區,華翠里,3844,1848,1996
10509,板橋區,忠翠里,11002,5194,5808
10509,板橋區,嵐翠里,2659,1337,1322
10509,板橋區,文翠里,4201,2074,2127
10509,板橋區,青翠里,3126,1612,1514
10509,板橋區,懷翠里,6248,3082,3166
10509,板橋區,福翠里,1401,705,696
10509,板橋區,港嘴里,6417,3191,3226
10509,板橋區,振興里,4615,2272,2343
10509,板橋區,振義里,4400,2152,2248
10509,板橋區,光復里,3462,1756,1706
10509,板橋區,埔墘里,6554,3137,3417
10509,板橋區,長壽里,2969,1457,1512
10509,板橋區,福壽里,3485,1708,1777
10509,板橋區,海山里,8510,4055,4455
10509,板橋區,九如里,3005,1443,1562
10509,板橋區,玉光里,5665,2670,2995
10509,板橋區,光仁里,3115,1533,1582
10509,板橋區,埤墘里,4572,2193,2379
10509,板橋區,永安里,3685,1807,1878
10509,板橋區,雙玉里,4333,2098,2235
10509,板橋區,廣新里,3835,1900,1935
10509,板橋區,深丘里,9345,4476,4869
10509,板橋區,香丘里,4064,1982,2082
10509,板橋區,西安里,2859,1412,1447
10509,板橋區,東丘里,4989,2448,2541
10509,板橋區,長安里,4975,2414,2561
10509,板橋區,福丘里,5027,2325,2702
10509,板橋區,福祿里,4146,1952,2194
10509,板橋區,民族里,5174,2504,2670
10509,板橋區,國泰里,3843,1826,2017
10509,板橋區,福德里,5433,2708,2725
10509,板橋區,景星里,3586,1718,1868
10509,板橋區,福星里,3710,1778,1932
10509,板橋區,鄉雲里,3899,1848,2051
10509,板橋區,廣德里,7121,3464,3657
10509,板橋區,大豐里,4909,2396,2513
10509,板橋區,重慶里,9273,4526,4747
10509,板橋區,仁愛里,3309,1647,1662
10509,板橋區,和平里,4087,1925,2162
10509,板橋區,廣福里,4339,2130,2209
10509,板橋區,華興里,4332,2094,2238
10509,板橋區,華貴里,2863,1386,1477
10509,板橋區,華德里,7450,3603,3847
10509,板橋區,華東里,7134,3459,3675
10509,板橋區,信義里,4421,2184,2237
10509,板橋區,浮洲里,4260,2186,2074
10509,板橋區,華中里,5626,2823,2803
10509,板橋區,僑中里,4225,2101,2124
10509,板橋區,中山里,4320,2135,2185
10509,板橋區,復興里,1079,643,436
10509,板橋區,大安里,4331,2177,2154
10509,板橋區,福安里,2714,1333,1381
10509,板橋區,聚安里,5696,2873,2823
10509,板橋區,龍安里,3022,1465,1557
10509,板橋區,崑崙里,10452,5127,5325
10509,板橋區,溪洲里,6353,3097,3256
10509,板橋區,溪北里,3798,1862,1936
10509,板橋區,香雅里,2716,1346,1370
10509,板橋區,新生里,4544,2278,2266
10509,板橋區,文德里,3300,1648,1652
10509,板橋區,文化里,3522,1719,1803
10509,板橋區,新海里,3760,1883,1877
10509,板橋區,莒光里,3099,1528,1571
10509,板橋區,富貴里,2362,1121,1241
10509,板橋區,正泰里,3203,1532,1671
10509,板橋區,民生里,2408,1112,1296
10509,板橋區,後埔里,4020,1981,2039
10509,板橋區,華福里,2229,1088,1141
10509,板橋區,堂春里,4579,2283,2296
10509,板橋區,成和里,6799,3334,3465
10509,板橋區,光榮里,2707,1341,1366
10509,板橋區,民安里,2258,1091,1167
10509,板橋區,陽明里,2910,1417,1493
10509,板橋區,朝陽里,3533,1692,1841
10509,板橋區,松柏里,2433,1216,1217
10509,板橋區,文聖里,4018,1975,2043
10509,板橋區,居仁里,3443,1702,1741
10509,板橋區,莊敬里,4484,2180,2304
10509,板橋區,東安里,2806,1371,1435
10509,板橋區,五權里,4457,2226,2231
10509,板橋區,溪福里,15108,7480,7628
10509,板橋區,大觀里,3932,1907,2025
10509,板橋區,歡園里,1391,716,675
10509,三重區,大有里,5587,2767,2820
10509,三重區,二重里,1714,864,850
10509,三重區,頂崁里,2396,1214,1182
10509,三重區,谷王里,1004,532,472
10509,三重區,中興里,3985,2009,1976
10509,三重區,德厚里,400,195,205
10509,三重區,成功里,6508,3125,3383
10509,三重區,福祉里,5828,2833,2995
10509,三重區,福民里,3701,1838,1863
10509,三重區,過田里,9618,5262,4356
10509,三重區,錦田里,2201,1090,1111
10509,三重區,重明里,3846,1880,1966
10509,三重區,光田里,4658,2284,2374
10509,三重區,光陽里,6506,3224,3282
10509,三重區,田心里,4263,2132,2131
10509,三重區,福田里,3711,1865,1846
10509,三重區,田中里,6731,3318,3413
10509,三重區,田安里,6534,3152,3382
10509,三重區,三民里,3550,1769,1781
10509,三重區,光明里,7819,3819,4000
10509,三重區,光正里,2556,1254,1302
10509,三重區,同安里,1487,748,739
10509,三重區,同慶里,1884,938,946
10509,三重區,菜寮里,2351,1148,1203
10509,三重區,永春里,2099,1034,1065
10509,三重區,中正里,1432,723,709
10509,三重區,吉利里,1457,725,732
10509,三重區,大同里,2033,969,1064
10509,三重區,中民里,1332,671,661
10509,三重區,平和里,1596,817,779
10509,三重區,大安里,1729,867,862
10509,三重區,仁德里,2094,1075,1019
10509,三重區,忠孝里,1797,906,891
10509,三重區,仁義里,1231,615,616
10509,三重區,光榮里,1455,716,739
10509,三重區,光輝里,1602,807,795
10509,三重區,福星里,1065,512,553
10509,三重區,福利里,2438,1129,1309
10509,三重區,清和里,3949,1877,2072
10509,三重區,永興里,1357,656,701
10509,三重區,中山里,2830,1383,1447
10509,三重區,大園里,2914,1463,1451
10509,三重區,國隆里,2861,1378,1483
10509,三重區,重陽里,3875,1932,1943
10509,三重區,民生里,4574,2257,2317
10509,三重區,重新里,1518,750,768
10509,三重區,正德里,1221,589,632
10509,三重區,正義里,1952,981,971
10509,三重區,正安里,2066,1007,1059
10509,三重區,自強里,1909,940,969
10509,三重區,文化里,2504,1256,1248
10509,三重區,中央里,1820,904,916
10509,三重區,雙園里,1028,518,510
10509,三重區,錦通里,1586,759,827
10509,三重區,錦安里,1916,920,996
10509,三重區,長安里,2333,1163,1170
10509,三重區,光華里,2024,1009,1015
10509,三重區,長生里,922,456,466
10509,三重區,開元里,1550,770,780
10509,三重區,大德里,833,395,438
10509,三重區,長元里,2599,1311,1288
10509,三重區,長江里,2151,1068,1083
10509,三重區,長泰里,2371,1192,1179
10509,三重區,長福里,1645,789,856
10509,三重區,介壽里,1250,612,638
10509,三重區,萬壽里,2155,1049,1106
10509,三重區,錦江里,2477,1237,1240
10509,三重區,龍濱里,3480,1687,1793
10509,三重區,龍門里,2021,991,1030
10509,三重區,秀江里,1496,750,746
10509,三重區,奕壽里,1850,911,939
10509,三重區,三安里,2793,1345,1448
10509,三重區,福安里,3201,1581,1620
10509,三重區,信安里,2078,1018,1060
10509,三重區,安慶里,2185,1073,1112
10509,三重區,幸福里,4790,2355,2435
10509,三重區,六合里,3940,1963,1977
10509,三重區,六福里,5956,2930,3026
10509,三重區,順德里,2350,1223,1127
10509,三重區,承德里,1970,996,974
10509,三重區,瑞德里,2553,1248,1305
10509,三重區,崇德里,4229,2149,2080
10509,三重區,厚德里,3875,1911,1964
10509,三重區,維德里,3156,1528,1628
10509,三重區,尚德里,3286,1590,1696
10509,三重區,培德里,3982,1970,2012
10509,三重區,永德里,5396,2658,2738
10509,三重區,永盛里,3572,1736,1836
10509,三重區,永福里,5895,2827,3068
10509,三重區,永清里,6029,2908,3121
10509,三重區,永安里,4459,2182,2277
10509,三重區,永煇里,2675,1374,1301
10509,三重區,溪美里,8322,4042,4280
10509,三重區,福隆里,4833,2326,2507
10509,三重區,五常里,4447,2201,2246
10509,三重區,五福里,4041,1947,2094
10509,三重區,仁忠里,3363,1664,1699
10509,三重區,慈福里,2323,1173,1150
10509,三重區,慈生里,2428,1191,1237
10509,三重區,慈惠里,2268,1125,1143
10509,三重區,慈愛里,3703,1825,1878
10509,三重區,慈化里,2704,1316,1388
10509,三重區,慈祐里,5008,2499,2509
10509,三重區,五華里,5469,2627,2842
10509,三重區,富貴里,6471,3084,3387
10509,三重區,富華里,3393,1737,1656
10509,三重區,富福里,2160,1050,1110
10509,三重區,碧華里,7427,3554,3873
10509,三重區,五谷里,1826,953,873
10509,三重區,博愛里,4771,2319,2452
10509,三重區,福德里,4134,1946,2188
10509,三重區,永吉里,3282,1587,1695
10509,三重區,永發里,6180,3092,3088
10509,三重區,永順里,5491,2650,2841
10509,三重區,永豐里,6340,3102,3238
10509,三重區,立德里,3612,1764,1848
10509,三重區,福樂里,3984,1984,2000
10509,三重區,仁華里,4470,2182,2288
10509,三重區,五順里,4161,2085,2076
10509,中和區,中原里,5538,2733,2805
10509,中和區,平河里,9617,4644,4973
10509,中和區,信和里,4535,2295,2240
10509,中和區,仁和里,4490,2239,2251
10509,中和區,中正里,4308,2104,2204
10509,中和區,建和里,3791,1871,1920
10509,中和區,連和里,2488,1130,1358
10509,中和區,連城里,6711,3215,3496
10509,中和區,力行里,6420,3073,3347
10509,中和區,枋寮里,3832,1906,1926
10509,中和區,漳和里,3758,1829,1929
10509,中和區,廟美里,4604,2254,2350
10509,中和區,福真里,4301,2113,2188
10509,中和區,福善里,4335,2054,2281
10509,中和區,福美里,4644,2286,2358
10509,中和區,福祥里,5346,2624,2722
10509,中和區,瓦󿾨里,5710,2774,2936
10509,中和區,福和里,3828,1898,1930
10509,中和區,佳和里,4950,2381,2569
10509,中和區,安樂里,3689,1733,1956
10509,中和區,安和里,3205,1525,1680
10509,中和區,安平里,6032,2875,3157
10509,中和區,中安里,4447,2084,2363
10509,中和區,泰安里,3661,1735,1926
10509,中和區,新南里,8487,3963,4524
10509,中和區,南山里,5476,2675,2801
10509,中和區,秀山里,4689,2254,2435
10509,中和區,秀成里,3640,1783,1857
10509,中和區,秀福里,4899,2366,2533
10509,中和區,秀景里,6521,3214,3307
10509,中和區,秀明里,5157,2394,2763
10509,中和區,秀峰里,4184,1942,2242
10509,中和區,秀仁里,3360,1650,1710
10509,中和區,頂南里,3180,1549,1631
10509,中和區,華新里,7617,3677,3940
10509,中和區,東南里,4409,2160,2249
10509,中和區,華南里,5246,2583,2663
10509,中和區,忠孝里,5141,2557,2584
10509,中和區,崇南里,4193,2027,2166
10509,中和區,景南里,3340,1599,1741
10509,中和區,橫路里,366,193,173
10509,中和區,內南里,5355,2721,2634
10509,中和區,壽南里,2501,1269,1232
10509,中和區,外南里,7452,4169,3283
10509,中和區,復興里,5434,2571,2863
10509,中和區,和興里,4594,2205,2389
10509,中和區,景平里,5651,2676,2975
10509,中和區,景新里,3731,1786,1945
10509,中和區,景福里,5664,2668,2996
10509,中和區,景安里,4907,2408,2499
10509,中和區,景文里,3340,1639,1701
10509,中和區,錦和里,5877,2874,3003
10509,中和區,錦昌里,2413,1230,1183
10509,中和區,灰󿾨里,843,443,400
10509,中和區,積穗里,8481,4103,4378
10509,中和區,民享里,2611,1281,1330
10509,中和區,員山里,6836,3335,3501
10509,中和區,嘉穗里,2802,1400,1402
10509,中和區,文元里,5533,2696,2837
10509,中和區,嘉新里,4198,2086,2112
10509,中和區,民安里,5172,2576,2596
10509,中和區,安穗里,4796,2334,2462
10509,中和區,瑞穗里,2534,1180,1354
10509,中和區,明穗里,4777,2387,2390
10509,中和區,清穗里,3413,1737,1676
10509,中和區,自強里,5302,2620,2682
10509,中和區,德穗里,4692,2299,2393
10509,中和區,民生里,4372,2098,2274
10509,中和區,國光里,4098,2000,2098
10509,中和區,壽德里,4848,2330,2518
10509,中和區,明德里,4111,2023,2088
10509,中和區,秀水里,3882,1877,2005
10509,中和區,德行里,6941,3373,3568
10509,中和區,宜安里,1889,925,964
10509,中和區,安順里,4517,2119,2398
10509,中和區,秀義里,2747,1380,1367
10509,中和區,秀士里,2570,1255,1315
10509,中和區,興南里,3318,1613,1705
10509,中和區,景本里,2248,1082,1166
10509,中和區,福南里,4540,2156,2384
10509,中和區,中興里,7132,3435,3697
10509,中和區,吉興里,3146,1442,1704
10509,中和區,中山里,3020,1481,1539
10509,中和區,碧河里,4341,2137,2204
10509,中和區,錦中里,4414,2156,2258
10509,中和區,錦盛里,4120,2008,2112
10509,中和區,民有里,2910,1446,1464
10509,中和區,員富里,3542,1783,1759
10509,中和區,嘉慶里,4585,2286,2299
10509,中和區,冠穗里,3524,1784,1740
10509,中和區,國華里,3482,1737,1745
10509,中和區,正南里,3730,1871,1859
10509,中和區,正行里,3139,1499,1640
10509,永和區,福林里,3582,1741,1841
10509,永和區,文化里,2895,1381,1514
10509,永和區,豫溪里,4988,2556,2432
10509,永和區,光明里,3159,1428,1731
10509,永和區,仁愛里,2782,1323,1459
10509,永和區,永貞里,3659,1718,1941
10509,永和區,永福里,2903,1411,1492
10509,永和區,民治里,3072,1395,1677
10509,永和區,永成里,1052,516,536
10509,永和區,忠義里,859,446,413
10509,永和區,永元里,5057,2338,2719
10509,永和區,秀林里,3911,1905,2006
10509,永和區,保安里,7675,3660,4015
10509,永和區,中溪里,5332,2646,2686
10509,永和區,永安里,4382,2027,2355
10509,永和區,民族里,4917,2323,2594
10509,永和區,民權里,4850,2354,2496
10509,永和區,中興里,2982,1370,1612
10509,永和區,勵行里,1313,622,691
10509,永和區,秀朗里,4217,2053,2164
10509,永和區,秀成里,3083,1523,1560
10509,永和區,上溪里,2077,958,1119
10509,永和區,竹林里,3831,1840,1991
10509,永和區,雙和里,4130,1897,2233
10509,永和區,安和里,4128,1919,2209
10509,永和區,水源里,4305,2059,2246
10509,永和區,協和里,3062,1485,1577
10509,永和區,河堤里,3402,1626,1776
10509,永和區,頂溪里,2570,1228,1342
10509,永和區,潭墘里,4875,2216,2659
10509,永和區,潭安里,5105,2481,2624
10509,永和區,大新里,2738,1234,1504
10509,永和區,保平里,5134,2421,2713
10509,永和區,民本里,4270,2022,2248
10509,永和區,民樂里,5026,2455,2571
10509,永和區,光復里,1775,810,965
10509,永和區,復興里,2482,1186,1296
10509,永和區,福和里,5416,2544,2872
10509,永和區,得和里,4535,2126,2409
10509,永和區,智光里,3585,1742,1843
10509,永和區,新生里,890,455,435
10509,永和區,大同里,1002,514,488
10509,永和區,前溪里,2211,1021,1190
10509,永和區,和平里,5136,2456,2680
10509,永和區,新廍里,2323,1152,1171
10509,永和區,下溪里,4215,2054,2161
10509,永和區,秀和里,5240,2513,2727
10509,永和區,河濱里,3410,1658,1752
10509,永和區,民生里,4291,2001,2290
10509,永和區,秀得里,2873,1370,1503
10509,永和區,上林里,3714,1772,1942
10509,永和區,網溪里,1259,623,636
10509,永和區,正興里,2355,1070,1285
10509,永和區,永興里,3395,1605,1790
10509,永和區,桂林里,3907,1859,2048
10509,永和區,店街里,4353,1953,2400
10509,永和區,信義里,2702,1229,1473
10509,永和區,後溪里,1904,910,994
10509,永和區,民富里,3279,1601,1678
10509,永和區,秀元里,3285,1579,1706
10509,永和區,永樂里,2582,1178,1404
10509,永和區,保順里,10827,5090,5737
10509,新莊區,海山里,5694,2769,2925
10509,新莊區,頭前里,7653,3751,3902
10509,新莊區,國泰里,1645,840,805
10509,新莊區,全安里,4743,2286,2457
10509,新莊區,福基里,4416,2195,2221
10509,新莊區,豐年里,3940,1924,2016
10509,新莊區,忠孝里,5094,2498,2596
10509,新莊區,恆安里,4857,2360,2497
10509,新莊區,後港里,7432,3612,3820
10509,新莊區,文衡里,2259,1110,1149
10509,新莊區,中美里,6341,3077,3264
10509,新莊區,八德里,3282,1598,1684
10509,新莊區,興漢里,3728,1853,1875
10509,新莊區,中和里,4911,2410,2501
10509,新莊區,西盛里,11267,5597,5670
10509,新莊區,榮和里,4872,2865,2007
10509,新莊區,中泰里,4740,2349,2391
10509,新莊區,瓊林里,6329,3210,3119
10509,新莊區,文德里,1913,945,968
10509,新莊區,中誠里,2339,1160,1179
10509,新莊區,裕民里,7581,3773,3808
10509,新莊區,文明里,1958,933,1025
10509,新莊區,中港里,6817,3320,3497
10509,新莊區,富國里,2530,1271,1259
10509,新莊區,思源里,5774,2792,2982
10509,新莊區,立人里,2473,1214,1259
10509,新莊區,南港里,5545,2724,2821
10509,新莊區,仁愛里,2853,1390,1463
10509,新莊區,立德里,2704,1304,1400
10509,新莊區,信義里,5851,2814,3037
10509,新莊區,立言里,5458,2611,2847
10509,新莊區,民安里,6345,3067,3278
10509,新莊區,和平里,5045,2467,2578
10509,新莊區,立功里,3907,1897,2010
10509,新莊區,民本里,3195,1619,1576
10509,新莊區,化成里,3663,1844,1819
10509,新莊區,立志里,4206,2050,2156
10509,新莊區,光華里,7935,3880,4055
10509,新莊區,思賢里,4468,2209,2259
10509,新莊區,營盤里,2360,1201,1159
10509,新莊區,光榮里,4894,2382,2512
10509,新莊區,自強里,2847,1470,1377
10509,新莊區,丹鳳里,8523,4198,4325
10509,新莊區,光明里,4925,2388,2537
10509,新莊區,自立里,5767,2737,3030
10509,新莊區,合鳳里,4839,2430,2409
10509,新莊區,幸福里,4647,2260,2387
10509,新莊區,雙鳳里,11367,5627,5740
10509,新莊區,自信里,2675,1298,1377
10509,新莊區,龍鳳里,9413,4469,4944
10509,新莊區,中華里,2979,1465,1514
10509,新莊區,中隆里,4890,2376,2514
10509,新莊區,中原里,10604,5137,5467
10509,新莊區,中信里,9257,4495,4762
10509,新莊區,四維里,4922,2383,2539
10509,新莊區,建福里,2637,1321,1316
10509,新莊區,中宏里,3935,1945,1990
10509,新莊區,中全里,3809,1906,1903
10509,新莊區,立泰里,5169,2493,2676
10509,新莊區,全泰里,5364,2652,2712
10509,新莊區,仁義里,3970,1990,1980
10509,新莊區,立基里,6590,3205,3385
10509,新莊區,昌明里,3794,1824,1970
10509,新莊區,昌平里,6036,2831,3205
10509,新莊區,文聖里,3727,1745,1982
10509,新莊區,萬安里,3936,1879,2057
10509,新莊區,龍安里,2503,1253,1250
10509,新莊區,福營里,2630,1338,1292
10509,新莊區,後德里,3145,1573,1572
10509,新莊區,建安里,6889,3346,3543
10509,新莊區,成德里,5341,2564,2777
10509,新莊區,福興里,6102,3089,3013
10509,新莊區,昌信里,3927,1851,2076
10509,新莊區,昌隆里,4657,2176,2481
10509,新莊區,中平里,9483,4396,5087
10509,新莊區,立廷里,11764,5579,6185
10509,新莊區,泰豐里,2610,1282,1328
10509,新莊區,富民里,3994,1965,2029
10509,新莊區,龍福里,2384,1126,1258
10509,新莊區,祥鳳里,2574,1278,1296
10509,新莊區,民全里,3953,1972,1981
10509,新莊區,民有里,4270,2047,2223
10509,新莊區,光正里,4923,2430,2493
10509,新莊區,光和里,2974,1439,1535
10509,新店區,國豐里,3491,1607,1884
10509,新店區,明德里,4172,1935,2237
10509,新店區,大豐里,3885,1835,2050
10509,新店區,大同里,4122,1980,2142
10509,新店區,江陵里,5622,2660,2962
10509,新店區,寶興里,5400,2574,2826
10509,新店區,寶安里,5619,2633,2986
10509,新店區,信義里,6351,3042,3309
10509,新店區,忠孝里,2876,1381,1495
10509,新店區,大鵬里,2733,1339,1394
10509,新店區,太平里,3276,1575,1701
10509,新店區,頂城里,1745,924,821
10509,新店區,下城里,3436,1762,1674
10509,新店區,柴埕里,9336,4524,4812
10509,新店區,永安里,5419,2639,2780
10509,新店區,公崙里,11607,5632,5975
10509,新店區,德安里,6554,3310,3244
10509,新店區,雙城里,6064,3068,2996
10509,新店區,日興里,6089,3064,3025
10509,新店區,玫瑰里,6242,2995,3247
10509,新店區,塗潭里,1051,556,495
10509,新店區,美潭里,5429,2652,2777
10509,新店區,員潭里,5033,2525,2508
10509,新店區,雙坑里,874,496,378
10509,新店區,粗坑里,3286,1568,1718
10509,新店區,屈尺里,2614,1369,1245
10509,新店區,龜山里,1800,919,881
10509,新店區,廣興里,1383,763,620
10509,新店區,直潭里,1305,691,614
10509,新店區,青潭里,5643,2740,2903
10509,新店區,新店里,1873,939,934
10509,新店區,張南里,2136,963,1173
10509,新店區,國校里,2672,1320,1352
10509,新店區,文中里,1813,870,943
10509,新店區,廣明里,878,440,438
10509,新店區,文明里,2386,1169,1217
10509,新店區,中興里,5450,2591,2859
10509,新店區,新生里,6111,2843,3268
10509,新店區,新德里,2828,1310,1518
10509,新店區,張北里,8493,4066,4427
10509,新店區,五峯里,7417,3476,3941
10509,新店區,新安里,6556,3424,3132
10509,新店區,忠誠里,2546,1210,1336
10509,新店區,中正里,6670,3099,3571
10509,新店區,中華里,4504,2136,2368
10509,新店區,仁愛里,2162,1010,1152
10509,新店區,百忍里,4112,1921,2191
10509,新店區,百和里,3441,1668,1773
10509,新店區,福德里,4155,1957,2198
10509,新店區,百福里,3619,1679,1940
10509,新店區,福民里,4276,1993,2283
10509,新店區,中山里,4835,2221,2614
10509,新店區,和平里,945,476,469
10509,新店區,中央里,5894,2742,3152
10509,新店區,明城里,3633,1769,1864
10509,新店區,安和里,7544,3670,3874
10509,新店區,吉祥里,4944,2373,2571
10509,新店區,寶福里,7432,3604,3828
10509,新店區,小城里,3945,1937,2008
10509,新店區,香坡里,10546,5100,5446
10509,新店區,建國里,3191,1462,1729
10509,新店區,復興里,3476,1672,1804
10509,新店區,美城里,2838,1375,1463
10509,新店區,安昌里,5478,2566,2912
10509,新店區,長春里,2625,1228,1397
10509,新店區,新和里,4345,2080,2265
10509,新店區,永平里,5999,2890,3109
10509,新店區,達觀里,3827,1795,2032
10509,新店區,華城里,2679,1246,1433
10509,樹林區,三多里,4387,2213,2174
10509,樹林區,三福里,4398,2171,2227
10509,樹林區,三興里,5196,2654,2542
10509,樹林區,圳安里,3804,1920,1884
10509,樹林區,保安里,6816,3408,3408
10509,樹林區,潭底里,5172,2825,2347
10509,樹林區,󿾵寮里,5379,2673,2706
10509,樹林區,樹德里,3885,1917,1968
10509,樹林區,樹西里,5523,2722,2801
10509,樹林區,樹南里,4447,2193,2254
10509,樹林區,樹人里,3650,1786,1864
10509,樹林區,坡內里,1824,918,906
10509,樹林區,樹東里,1221,609,612
10509,樹林區,大同里,3732,1794,1938
10509,樹林區,和平里,4140,2074,2066
10509,樹林區,彭厝里,5378,2659,2719
10509,樹林區,彭福里,5476,2720,2756
10509,樹林區,東山里,3467,1767,1700
10509,樹林區,東陽里,6379,3246,3133
10509,樹林區,東昇里,5144,2540,2604
10509,樹林區,樂山里,1863,974,889
10509,樹林區,東園里,1922,1043,879
10509,樹林區,西園里,1945,1048,897
10509,樹林區,南園里,14950,7164,7786
10509,樹林區,北園里,2365,1235,1130
10509,樹林區,柑園里,9521,4604,4917
10509,樹林區,樹北里,963,475,488
10509,樹林區,圳福里,4656,2330,2326
10509,樹林區,樹興里,3989,1970,2019
10509,樹林區,樹福里,3801,1812,1989
10509,樹林區,光興里,4222,2120,2102
10509,樹林區,金寮里,4602,2318,2284
10509,樹林區,彭興里,6276,3127,3149
10509,樹林區,文林里,5511,2711,2800
10509,樹林區,山佳里,6122,3119,3003
10509,樹林區,中山里,5528,2804,2724
10509,樹林區,育英里,3258,1585,1673
10509,樹林區,中華里,3544,1705,1839
10509,樹林區,太順里,2948,1509,1439
10509,樹林區,圳民里,2923,1510,1413
10509,樹林區,圳生里,1733,906,827
10509,樹林區,三龍里,2183,1125,1058
10509,鶯歌區,東鶯里,1132,573,559
10509,鶯歌區,西鶯里,2468,1227,1241
10509,鶯歌區,南鶯里,6190,3047,3143
10509,鶯歌區,北鶯里,4521,2273,2248
10509,鶯歌區,中鶯里,1134,552,582
10509,鶯歌區,建德里,605,336,269
10509,鶯歌區,同慶里,1962,943,1019
10509,鶯歌區,永昌里,9413,4676,4737
10509,鶯歌區,南靖里,3864,1968,1896
10509,鶯歌區,尖山里,7578,3809,3769
10509,鶯歌區,二橋里,8457,4321,4136
10509,鶯歌區,二甲里,1063,559,504
10509,鶯歌區,東湖里,288,158,130
10509,鶯歌區,大湖里,5517,2782,2735
10509,鶯歌區,鳳鳴里,5004,2521,2483
10509,鶯歌區,鳳福里,4209,2070,2139
10509,鶯歌區,永吉里,5318,2657,2661
10509,鶯歌區,中湖里,6341,3264,3077
10509,鶯歌區,鳳祥里,4966,2478,2488
10509,鶯歌區,建國里,7332,3571,3761
10509,三峽區,三峽里,316,176,140
10509,三峽區,秀川里,701,341,360
10509,三峽區,八張里,4260,2140,2120
10509,三峽區,中埔里,3128,1550,1578
10509,三峽區,弘道里,1264,702,562
10509,三峽區,永舘里,8035,3846,4189
10509,三峽區,礁溪里,6067,2992,3075
10509,三峽區,鳶山里,10606,5276,5330
10509,三峽區,龍埔里,9872,4901,4971
10509,三峽區,大埔里,4389,2312,2077
10509,三峽區,嘉添里,2620,1529,1091
10509,三峽區,添福里,1247,674,573
10509,三峽區,金圳里,566,332,234
10509,三峽區,五寮里,986,531,455
10509,三峽區,插角里,783,454,329
10509,三峽區,有木里,827,487,340
10509,三峽區,溪北里,2551,1352,1199
10509,三峽區,溪南里,1689,919,770
10509,三峽區,溪東里,3259,1693,1566
10509,三峽區,成福里,1022,552,470
10509,三峽區,安坑里,1567,875,692
10509,三峽區,竹崙里,2181,1229,952
10509,三峽區,介壽里,7032,3556,3476
10509,三峽區,安溪里,8132,4042,4090
10509,三峽區,中正里,5559,2782,2777
10509,三峽區,二鬮里,3736,1892,1844
10509,三峽區,龍學里,15308,7085,8223
10509,三峽區,龍恩里,6238,3005,3233
10509,淡水區,中和里,660,376,284
10509,淡水區,屯山里,1203,652,551
10509,淡水區,賢孝里,1695,906,789
10509,淡水區,興仁里,1742,926,816
10509,淡水區,蕃薯里,1104,614,490
10509,淡水區,義山里,2919,1527,1392
10509,淡水區,忠山里,948,514,434
10509,淡水區,崁頂里,11168,5416,5752
10509,淡水區,埤島里,1621,867,754
10509,淡水區,新興里,7513,3524,3989
10509,淡水區,水碓里,6256,3033,3223
10509,淡水區,北投里,10395,4949,5446
10509,淡水區,水源里,2372,1283,1089
10509,淡水區,忠寮里,1237,687,550
10509,淡水區,樹興里,1404,733,671
10509,淡水區,坪頂里,1457,715,742
10509,淡水區,福德里,6759,3237,3522
10509,淡水區,竹圍里,6365,2906,3459
10509,淡水區,民生里,7273,3336,3937
10509,淡水區,八勢里,5335,2353,2982
10509,淡水區,竿蓁里,10291,4746,5545
10509,淡水區,鄧公里,6295,2948,3347
10509,淡水區,中興里,4295,2084,2211
10509,淡水區,長庚里,1529,766,763
10509,淡水區,清文里,1248,636,612
10509,淡水區,草東里,826,423,403
10509,淡水區,協元里,1602,804,798
10509,淡水區,永吉里,973,477,496
10509,淡水區,民安里,797,392,405
10509,淡水區,新生里,489,232,257
10509,淡水區,文化里,1929,901,1028
10509,淡水區,油車里,5736,2782,2954
10509,淡水區,沙崙里,4060,2002,2058
10509,淡水區,新義里,4511,2204,2307
10509,淡水區,新春里,8311,3965,4346
10509,淡水區,新民里,4906,2363,2543
10509,淡水區,正德里,4759,2180,2579
10509,淡水區,北新里,2953,1375,1578
10509,淡水區,民權里,4387,2016,2371
10509,淡水區,幸福里,4306,2096,2210
10509,淡水區,學府里,4784,2298,2486
10509,淡水區,大庄里,6425,3029,3396
10509,汐止區,義民里,1453,712,741
10509,汐止區,禮門里,1086,535,551
10509,汐止區,智慧里,4696,2155,2541
10509,汐止區,信望里,345,176,169
10509,汐止區,橋東里,3023,1429,1594
10509,汐止區,秀峰里,5714,3001,2713
10509,汐止區,新昌里,5756,2832,2924
10509,汐止區,復興里,7191,3318,3873
10509,汐止區,茄苳里,4963,2490,2473
10509,汐止區,長安里,1696,871,825
10509,汐止區,保安里,1697,847,850
10509,汐止區,保長里,4465,2237,2228
10509,汐止區,鄉長里,2380,1206,1174
10509,汐止區,江北里,6267,3199,3068
10509,汐止區,拱北里,5194,2645,2549
10509,汐止區,烘內里,1576,809,767
10509,汐止區,八連里,1034,557,477
10509,汐止區,樟樹里,2212,1176,1036
10509,汐止區,北峰里,4494,2286,2208
10509,汐止區,北山里,5412,2561,2851
10509,汐止區,白雲里,4486,2222,2264
10509,汐止區,橫科里,4577,2238,2339
10509,汐止區,東山里,631,329,302
10509,汐止區,福山里,3619,1709,1910
10509,汐止區,宜興里,2956,1390,1566
10509,汐止區,中興里,7393,3622,3771
10509,汐止區,湖光里,5678,2711,2967
10509,汐止區,仁德里,1766,870,896
10509,汐止區,厚德里,7599,3756,3843
10509,汐止區,忠孝里,7769,3759,4010
10509,汐止區,自強里,5251,2550,2701
10509,汐止區,文化里,4447,2178,2269
10509,汐止區,金龍里,5044,2478,2566
10509,汐止區,福德里,3272,1569,1703
10509,汐止區,興福里,3058,1493,1565
10509,汐止區,康福里,5170,2421,2749
10509,汐止區,忠山里,3423,1645,1778
10509,汐止區,環河里,1222,666,556
10509,汐止區,東勢里,4100,2003,2097
10509,汐止區,山光里,2841,1391,1450
10509,汐止區,大同里,2921,1386,1535
10509,汐止區,崇德里,5314,2607,2707
10509,汐止區,湖興里,6341,3132,3209
10509,汐止區,長青里,980,461,519
10509,汐止區,福安里,6397,3074,3323
10509,汐止區,秀山里,4627,2279,2348
10509,汐止區,建成里,5281,2472,2809
10509,汐止區,城中里,4710,2196,2514
10509,汐止區,湖蓮里,2671,1250,1421
10509,汐止區,保新里,2912,1411,1501
10509,瑞芳區,龍潭里,802,398,404
10509,瑞芳區,龍興里,2309,1140,1169
10509,瑞芳區,龍鎮里,1446,720,726
10509,瑞芳區,龍川里,1915,923,992
10509,瑞芳區,龍山里,1534,821,713
10509,瑞芳區,龍安里,714,360,354
10509,瑞芳區,爪峯里,4287,2116,2171
10509,瑞芳區,柑坪里,1283,678,605
10509,瑞芳區,東和里,2024,1006,1018
10509,瑞芳區,上天里,1481,796,685
10509,瑞芳區,吉慶里,1908,1007,901
10509,瑞芳區,吉安里,3488,1763,1725
10509,瑞芳區,傑魚里,2281,1174,1107
10509,瑞芳區,猴硐里,528,299,229
10509,瑞芳區,光復里,319,170,149
10509,瑞芳區,弓橋里,325,191,134
10509,瑞芳區,碩仁里,178,98,80
10509,瑞芳區,基山里,507,260,247
10509,瑞芳區,永慶里,487,254,233
10509,瑞芳區,崇文里,359,188,171
10509,瑞芳區,福住里,188,104,84
10509,瑞芳區,頌德里,385,195,190
10509,瑞芳區,新山里,396,219,177
10509,瑞芳區,瓜山里,197,104,93
10509,瑞芳區,銅山里,222,124,98
10509,瑞芳區,石山里,360,193,167
10509,瑞芳區,濓新里,316,154,162
10509,瑞芳區,濓洞里,526,245,281
10509,瑞芳區,海濱里,1353,624,729
10509,瑞芳區,瑞濱里,2259,1107,1152
10509,瑞芳區,深澳里,1408,674,734
10509,瑞芳區,南雅里,286,149,137
10509,瑞芳區,鼻頭里,971,483,488
10509,瑞芳區,新峰里,3635,1832,1803
10509,土城區,埤塘里,5526,3170,2356
10509,土城區,土城里,2184,1072,1112
10509,土城區,員林里,6109,2984,3125
10509,土城區,員仁里,5913,2918,2995
10509,土城區,長風里,2152,1049,1103
10509,土城區,日新里,4930,2455,2475
10509,土城區,日和里,6102,2996,3106
10509,土城區,貨饒里,4246,2106,2140
10509,土城區,柑林里,3515,1712,1803
10509,土城區,埤林里,8993,4352,4641
10509,土城區,瑞興里,3326,1630,1696
10509,土城區,清水里,8562,4180,4382
10509,土城區,清和里,6539,3327,3212
10509,土城區,永豐里,4704,2303,2401
10509,土城區,清化里,1728,913,815
10509,土城區,清溪里,7347,3635,3712
10509,土城區,峯廷里,7893,3905,3988
10509,土城區,平和里,7387,3661,3726
10509,土城區,廷寮里,5158,2579,2579
10509,土城區,大安里,5045,2530,2515
10509,土城區,永寧里,8764,4351,4413
10509,土城區,沛陂里,4751,2428,2323
10509,土城區,頂埔里,5182,2568,2614
10509,土城區,頂福里,5394,2710,2684
10509,土城區,頂新里,2991,1428,1563
10509,土城區,祖田里,1744,895,849
10509,土城區,樂利里,5472,2693,2779
10509,土城區,廣福里,5956,2938,3018
10509,土城區,學府里,3811,1834,1977
10509,土城區,延壽里,4818,2426,2392
10509,土城區,安和里,5233,2586,2647
10509,土城區,青雲里,3203,1581,1622
10509,土城區,員福里,5800,2923,2877
10509,土城區,延吉里,4596,2318,2278
10509,土城區,復興里,4767,2350,2417
10509,土城區,裕生里,5796,2844,2952
10509,土城區,員信里,4614,2273,2341
10509,土城區,永富里,5548,2732,2816
10509,土城區,學成里,3446,1707,1739
10509,土城區,延和里,6759,3212,3547
10509,土城區,中正里,3446,1606,1840
10509,土城區,學士里,5064,2433,2631
10509,土城區,明德里,6023,2810,3213
10509,土城區,廣興里,3680,1743,1937
10509,土城區,青山里,3222,1624,1598
10509,土城區,金城里,6438,3067,3371
10509,土城區,延祿里,4454,2242,2212
10509,蘆洲區,正義里,13571,6503,7068
10509,蘆洲區,中原里,5827,2855,2972
10509,蘆洲區,中路里,4225,2125,2100
10509,蘆洲區,光華里,5385,2568,2817
10509,蘆洲區,保佑里,4036,2007,2029
10509,蘆洲區,水湳里,11027,5411,5616
10509,蘆洲區,樓厝里,6653,3240,3413
10509,蘆洲區,鷺江里,5837,2849,2988
10509,蘆洲區,恆德里,6436,3135,3301
10509,蘆洲區,溪墘里,3393,1654,1739
10509,蘆洲區,樹德里,3561,1786,1775
10509,蘆洲區,保和里,2783,1371,1412
10509,蘆洲區,仁復里,2292,1122,1170
10509,蘆洲區,得勝里,3554,1711,1843
10509,蘆洲區,南港里,6285,3079,3206
10509,蘆洲區,永樂里,6734,3381,3353
10509,蘆洲區,永康里,7287,3502,3785
10509,蘆洲區,信義里,4273,2133,2140
10509,蘆洲區,玉清里,6024,2928,3096
10509,蘆洲區,復興里,3754,1882,1872
10509,蘆洲區,水河里,9770,4814,4956
10509,蘆洲區,仁愛里,5561,2760,2801
10509,蘆洲區,忠義里,3372,1640,1732
10509,蘆洲區,九芎里,5683,2803,2880
10509,蘆洲區,中華里,3496,1719,1777
10509,蘆洲區,得仁里,3248,1596,1652
10509,蘆洲區,仁德里,5780,2876,2904
10509,蘆洲區,仁義里,5492,2957,2535
10509,蘆洲區,光明里,5228,2587,2641
10509,蘆洲區,保新里,2862,1440,1422
10509,蘆洲區,長安里,5463,2730,2733
10509,蘆洲區,民和里,2893,1442,1451
10509,蘆洲區,忠孝里,2602,1291,1311
10509,蘆洲區,福安里,3395,1643,1752
10509,蘆洲區,永安里,5418,2631,2787
10509,蘆洲區,延平里,4440,2211,2229
10509,蘆洲區,成功里,8029,3884,4145
10509,蘆洲區,永德里,4724,2342,2382
10509,五股區,興珍里,5056,2625,2431
10509,五股區,更寮里,1282,672,610
10509,五股區,集福里,4019,2028,1991
10509,五股區,觀音里,1535,843,692
10509,五股區,成州里,6247,3197,3050
10509,五股區,成功里,6210,3164,3046
10509,五股區,五龍里,1575,876,699
10509,五股區,五股里,4641,2404,2237
10509,五股區,五福里,3836,1940,1896
10509,五股區,德音里,5572,2761,2811
10509,五股區,陸一里,2502,1224,1278
10509,五股區,貿商里,3179,1541,1638
10509,五股區,德泰里,4618,2236,2382
10509,五股區,成德里,3175,1606,1569
10509,五股區,六福里,3958,1948,2010
10509,五股區,集賢里,4080,2032,2048
10509,五股區,民義里,3560,1776,1784
10509,五股區,成泰里,7210,3669,3541
10509,五股區,水碓里,8219,4099,4120
10509,五股區,福德里,3365,1679,1686
10509,泰山區,大科里,1062,574,488
10509,泰山區,黎明里,3792,1879,1913
10509,泰山區,山腳里,7120,3565,3555
10509,泰山區,福泰里,3037,1536,1501
10509,泰山區,楓樹里,4725,2378,2347
10509,泰山區,同榮里,4387,2158,2229
10509,泰山區,義學里,4955,2478,2477
10509,泰山區,明志里,3848,1912,1936
10509,泰山區,貴子里,4017,1985,2032
10509,泰山區,貴和里,5231,2616,2615
10509,泰山區,同興里,4240,2069,2171
10509,泰山區,義仁里,8808,4411,4397
10509,泰山區,泰友里,2322,1147,1175
10509,泰山區,新明里,3616,1812,1804
10509,泰山區,貴賢里,3934,1936,1998
10509,泰山區,福興里,3916,1914,2002
10509,泰山區,全興里,9753,4751,5002
10509,林口區,東林里,4519,2271,2248
10509,林口區,林口里,5900,2897,3003
10509,林口區,西林里,9832,4898,4934
10509,林口區,菁湖里,4660,2326,2334
10509,林口區,中湖里,4244,2133,2111
10509,林口區,湖北里,1689,893,796
10509,林口區,湖南里,20112,9658,10454
10509,林口區,南勢里,17048,8128,8920
10509,林口區,東勢里,6599,3238,3361
10509,林口區,頂福里,1231,678,553
10509,林口區,下福里,1514,783,731
10509,林口區,嘉寶里,1098,580,518
10509,林口區,瑞平里,1024,546,478
10509,林口區,太平里,1695,847,848
10509,林口區,仁愛里,7263,3425,3838
10509,林口區,麗林里,9682,4589,5093
10509,林口區,麗園里,4435,2171,2264
10509,深坑區,深坑里,3562,1759,1803
10509,深坑區,萬順里,2573,1276,1297
10509,深坑區,土庫里,3197,1584,1613
10509,深坑區,昇高里,2217,1167,1050
10509,深坑區,阿柔里,643,364,279
10509,深坑區,埔新里,6414,3108,3306
10509,深坑區,萬福里,2753,1391,1362
10509,深坑區,賴仲里,2285,1157,1128
10509,石碇區,石碇里,456,255,201
10509,石碇區,潭邊里,887,482,405
10509,石碇區,隆盛里,793,449,344
10509,石碇區,烏塗里,752,427,325
10509,石碇區,彭山里,357,188,169
10509,石碇區,豐田里,435,253,182
10509,石碇區,永定里,692,373,319
10509,石碇區,中民里,851,494,357
10509,石碇區,光明里,276,165,111
10509,石碇區,豐林里,309,165,144
10509,石碇區,永安里,887,452,435
10509,石碇區,格頭里,1066,568,498
10509,坪林區,粗窟里,938,536,402
10509,坪林區,坪林里,1398,757,641
10509,坪林區,大林里,1259,721,538
10509,坪林區,石𥕢里,463,248,215
10509,坪林區,上德里,873,497,376
10509,坪林區,水德里,699,374,325
10509,坪林區,漁光里,881,482,399
10509,三芝區,八賢里,362,195,167
10509,三芝區,埔頭里,5597,2713,2884
10509,三芝區,古庄里,1144,599,545
10509,三芝區,新庄里,976,521,455
10509,三芝區,埔坪里,7415,3721,3694
10509,三芝區,茂長里,707,377,330
10509,三芝區,橫山里,550,322,228
10509,三芝區,錫板里,797,468,329
10509,三芝區,後厝里,2261,1153,1108
10509,三芝區,福德里,897,455,442
10509,三芝區,圓山里,625,359,266
10509,三芝區,店子里,686,389,297
10509,三芝區,興華里,1339,738,601
10509,石門區,德茂里,1351,721,630
10509,石門區,富基里,1666,829,837
10509,石門區,老梅里,2572,1302,1270
10509,石門區,山溪里,1010,558,452
10509,石門區,石門里,1847,948,899
10509,石門區,尖鹿里,1810,932,878
10509,石門區,乾華里,371,212,159
10509,石門區,茂林里,751,399,352
10509,石門區,草里里,1113,572,541
10509,八里區,龍源里,7323,3535,3788
10509,八里區,米倉里,3607,1845,1762
10509,八里區,大崁里,3145,1605,1540
10509,八里區,埤頭里,4065,2030,2035
10509,八里區,頂罟里,2117,1039,1078
10509,八里區,舊城里,7502,3665,3837
10509,八里區,訊塘里,4808,2410,2398
10509,八里區,荖阡里,1979,1014,965
10509,八里區,長坑里,1717,914,803
10509,八里區,下罟里,1745,888,857
10509,平溪區,薯榔里,438,247,191
10509,平溪區,菁桐里,284,154,130
10509,平溪區,白石里,274,152,122
10509,平溪區,石底里,498,265,233
10509,平溪區,平溪里,271,141,130
10509,平溪區,嶺腳里,716,390,326
10509,平溪區,東勢里,452,260,192
10509,平溪區,望古里,158,90,68
10509,平溪區,南山里,390,230,160
10509,平溪區,平湖里,185,101,84
10509,平溪區,十分里,958,520,438
10509,平溪區,新寮里,167,98,69
10509,雙溪區,雙溪里,533,267,266
10509,雙溪區,共和里,457,248,209
10509,雙溪區,新基里,905,498,407
10509,雙溪區,魚行里,800,451,349
10509,雙溪區,三港里,451,259,192
10509,雙溪區,牡丹里,1863,969,894
10509,雙溪區,三貂里,358,193,165
10509,雙溪區,平林里,1075,575,500
10509,雙溪區,上林里,711,399,312
10509,雙溪區,外柑里,464,272,192
10509,雙溪區,長源里,391,219,172
10509,雙溪區,泰平里,1103,566,537
10509,貢寮區,貢寮里,1002,503,499
10509,貢寮區,吉林里,508,317,191
10509,貢寮區,雙玉里,804,444,360
10509,貢寮區,龍崗里,465,266,199
10509,貢寮區,龍門里,763,388,375
10509,貢寮區,福隆里,1924,937,987
10509,貢寮區,仁里里,1965,994,971
10509,貢寮區,真理里,2363,1150,1213
10509,貢寮區,福連里,985,447,538
10509,貢寮區,美豐里,847,488,359
10509,貢寮區,和美里,1134,584,550
10509,金山區,和平里,573,270,303
10509,金山區,大同里,830,401,429
10509,金山區,豐漁里,596,303,293
10509,金山區,磺港里,2089,1042,1047
10509,金山區,美田里,4626,2198,2428
10509,金山區,五湖里,1991,1016,975
10509,金山區,重和里,1404,719,685
10509,金山區,兩湖里,453,232,221
10509,金山區,六股里,742,413,329
10509,金山區,三界里,737,341,396
10509,金山區,清泉里,947,501,446
10509,金山區,萬壽里,530,255,275
10509,金山區,西湖里,211,120,91
10509,金山區,永興里,659,357,302
10509,金山區,金美里,5828,2800,3028
10509,萬里區,萬里里,5162,2538,2624
10509,萬里區,龜吼里,2883,1462,1421
10509,萬里區,野柳里,3715,1800,1915
10509,萬里區,大鵬里,3215,1635,1580
10509,萬里區,磺潭里,652,352,300
10509,萬里區,雙興里,1098,608,490
10509,萬里區,溪底里,735,405,330
10509,萬里區,崁脚里,474,247,227
10509,萬里區,中幅里,1310,649,661
10509,萬里區,北基里,3291,1648,1643
10509,烏來區,烏來里,2722,1329,1393
10509,烏來區,忠治里,1834,919,915
10509,烏來區,福山里,759,391,368
10509,烏來區,信賢里,605,294,311
10509,烏來區,孝義里,250,139,111