the_geom,cartodb_id,ratio,field_6,people_total_f,people_total_m,people_total,village,site_id
,918,0.6375,400.00,201,255,456.00,石碇里,石碇區
,343,2,714.00,1731,1428,"3,159.00",光明里,永和區
,2,1.71334792122538,457.00,879,783,"1,662.00",留侯里,板橋區
,3,2.89019607843137,255.00,840,737,"1,577.00",流芳里,板橋區
,4,1.58823529411765,255.00,428,405,833.00,赤松里,板橋區
,5,3.66037735849057,159.00,607,582,"1,189.00",黃石里,板橋區
,6,5.25149700598802,167.00,919,877,"1,796.00",挹秀里,板橋區
,7,7.54545454545455,363.00,2951,2739,"5,690.00",湳興里,板橋區
,8,1.94175960346964,807.00,1709,1567,"3,276.00",新興里,板橋區
,9,11.1586956521739,460.00,4091,5133,"9,224.00",社後里,板橋區
,10,2.05957836846929,"1,091.00",2270,2247,"4,517.00",香社里,板橋區
,11,3.68885191347754,601.00,2314,2217,"4,531.00",中正里,板橋區
,12,4.40969899665552,598.00,2762,2637,"5,399.00",自強里,板橋區
,13,1.20033812341505,"1,183.00",1510,1420,"2,930.00",自立里,板橋區
,14,3.38916256157635,406.00,1418,1376,"2,794.00",光華里,板橋區
,15,3.63706563706564,518.00,1975,1884,"3,859.00",國光里,板橋區
,16,1.62429696287964,889.00,1615,1444,"3,059.00",港尾里,板橋區
,17,3.966796875,512.00,2120,2031,"4,151.00",金華里,板橋區
,18,4.99803149606299,508.00,2586,2539,"5,125.00",港德里,板橋區
,19,2.00587371512482,681.00,1402,1366,"2,768.00",民權里,板橋區
,977,9.2,25.00,160,230,390.00,南山里,平溪區
,20,3.84322033898305,472.00,1899,1814,"3,713.00",建國里,板橋區
,21,4.21832358674464,513.00,2299,2164,"4,463.00",漢生里,板橋區
,22,2.48084054388134,809.00,2100,2007,"4,107.00",公舘里,板橋區
,23,4.05892857142857,560.00,2406,2273,"4,679.00",新民里,板橋區
,24,2.72536136662286,761.00,2083,2074,"4,157.00",幸福里,板橋區
,25,3.85074626865672,536.00,2188,2064,"4,252.00",忠誠里,板橋區
,26,1.39256678281069,861.00,1294,1199,"2,493.00",百壽里,板橋區
,27,4.81761006289308,318.00,1668,1532,"3,200.00",介壽里,板橋區
,28,2.58937198067633,414.00,1130,1072,"2,202.00",新埔里,板橋區
,29,9.95,360.00,4159,3582,"7,741.00",華江里,板橋區
,30,1.70671378091873,"1,415.00",2497,2415,"4,912.00",江翠里,板橋區
,31,4.10666666666667,675.00,2875,2772,"5,647.00",純翠里,板橋區
,32,3.78850855745721,818.00,3209,3099,"6,308.00",溪頭里,板橋區
,33,1.90588235294118,935.00,2012,1782,"3,794.00",聯翠里,板橋區
,34,3.42672413793103,696.00,2605,2385,"4,990.00",宏翠里,板橋區
,35,2.00271002710027,738.00,1557,1478,"3,035.00",仁翠里,板橋區
,36,11.7313432835821,335.00,4243,3930,"8,173.00",新翠里,板橋區
,37,1.40422432629279,"1,373.00",2021,1928,"3,949.00",吉翠里,板橋區
,38,7.93404255319149,470.00,3897,3729,"7,626.00",德翠里,板橋區
,39,1.28888888888889,"1,170.00",1614,1508,"3,122.00",滿翠里,板橋區
,40,7.14285714285714,343.00,2611,2450,"5,061.00",明翠里,板橋區
,41,2.39495798319328,714.00,1822,1710,"3,532.00",松翠里,板橋區
,42,3.927734375,512.00,2214,2011,"4,225.00",柏翠里,板橋區
,43,3.91538461538462,650.00,2723,2545,"5,268.00",龍翠里,板橋區
,44,2.1588785046729,856.00,1996,1848,"3,844.00",華翠里,板橋區
,45,8.39095315024233,619.00,5808,5194,"11,002.00",忠翠里,板橋區
,46,0.631852551984877,"2,116.00",1322,1337,"2,659.00",嵐翠里,板橋區
,47,6.7557003257329,307.00,2127,2074,"4,201.00",文翠里,板橋區
,48,2.52664576802508,638.00,1514,1612,"3,126.00",青翠里,板橋區
,49,7.84223918575064,393.00,3166,3082,"6,248.00",懷翠里,板橋區
,50,0.860805860805861,819.00,696,705,"1,401.00",福翠里,板橋區
,51,19.1077844311377,167.00,3226,3191,"6,417.00",港嘴里,板橋區
,52,2.2949494949495,990.00,2343,2272,"4,615.00",振興里,板橋區
,53,3.55115511551155,606.00,2248,2152,"4,400.00",振義里,板橋區
,54,3.28224299065421,535.00,1706,1756,"3,462.00",光復里,板橋區
,55,6.61814345991561,474.00,3417,3137,"6,554.00",埔墘里,板橋區
,56,1.48219735503561,983.00,1512,1457,"2,969.00",長壽里,板橋區
,57,2.81383855024712,607.00,1777,1708,"3,485.00",福壽里,板橋區
,58,3.10727969348659,"1,305.00",4455,4055,"8,510.00",海山里,板橋區
,59,3.85828877005348,374.00,1562,1443,"3,005.00",九如里,板橋區
,60,3.50393700787402,762.00,2995,2670,"5,665.00",玉光里,板橋區
,61,3.59016393442623,427.00,1582,1533,"3,115.00",光仁里,板橋區
,62,3.67953020134228,596.00,2379,2193,"4,572.00",埤墘里,板橋區
,63,3.40943396226415,530.00,1878,1807,"3,685.00",永安里,板橋區
,64,4.17097415506958,503.00,2235,2098,"4,333.00",雙玉里,板橋區
,65,4.44964871194379,427.00,1935,1900,"3,835.00",廣新里,板橋區
,66,2.57537399309551,"1,738.00",4869,4476,"9,345.00",深丘里,板橋區
,67,3.50796460176991,565.00,2082,1982,"4,064.00",香丘里,板橋區
,68,3.27610208816705,431.00,1447,1412,"2,859.00",西安里,板橋區
,69,3.50716332378224,698.00,2541,2448,"4,989.00",東丘里,板橋區
,70,3.26657645466847,739.00,2561,2414,"4,975.00",長安里,板橋區
,71,2.17289719626168,"1,070.00",2702,2325,"5,027.00",福丘里,板橋區
,72,3.06436420722135,637.00,2194,1952,"4,146.00",福祿里,板橋區
,73,2.8649885583524,874.00,2670,2504,"5,174.00",民族里,板橋區
,74,3.33211678832117,548.00,2017,1826,"3,843.00",國泰里,板橋區
,75,3.28640776699029,824.00,2725,2708,"5,433.00",福德里,板橋區
,76,2.84908789386401,603.00,1868,1718,"3,586.00",景星里,板橋區
,77,2.62241887905605,678.00,1932,1778,"3,710.00",福星里,板橋區
,78,3.01468189233279,613.00,2051,1848,"3,899.00",鄉雲里,板橋區
,79,3.00694444444444,"1,152.00",3657,3464,"7,121.00",廣德里,板橋區
,80,3.33704735376045,718.00,2513,2396,"4,909.00",大豐里,板橋區
,81,3.27023121387283,"1,384.00",4747,4526,"9,273.00",重慶里,板橋區
,82,3.14312977099237,524.00,1662,1647,"3,309.00",仁愛里,板橋區
,83,2.55984042553192,752.00,2162,1925,"4,087.00",和平里,板橋區
,84,3.79679144385027,561.00,2209,2130,"4,339.00",廣福里,板橋區
,85,3.29245283018868,636.00,2238,2094,"4,332.00",華興里,板橋區
,86,3.7972602739726,365.00,1477,1386,"2,863.00",華貴里,板橋區
,87,3.19414893617021,"1,128.00",3847,3603,"7,450.00",華德里,板橋區
,88,2.2771560236998,"1,519.00",3675,3459,"7,134.00",華東里,板橋區
,89,3.73972602739726,584.00,2237,2184,"4,421.00",信義里,板橋區
,90,4.96818181818182,440.00,2074,2186,"4,260.00",浮洲里,板橋區
,91,4.31651376146789,654.00,2803,2823,"5,626.00",華中里,板橋區
,92,3.59145299145299,585.00,2124,2101,"4,225.00",僑中里,板橋區
,93,4.58154506437768,466.00,2185,2135,"4,320.00",中山里,板橋區
,94,5.44915254237288,118.00,436,643,"1,079.00",復興里,板橋區
,95,4.30237154150198,506.00,2154,2177,"4,331.00",大安里,板橋區
,96,3.99101796407186,334.00,1381,1333,"2,714.00",福安里,板橋區
,97,4.38625954198473,655.00,2823,2873,"5,696.00",聚安里,板橋區
,98,4.81907894736842,304.00,1557,1465,"3,022.00",龍安里,板橋區
,99,3.91075514874142,"1,311.00",5325,5127,"10,452.00",崑崙里,板橋區
,100,3.96035805626598,782.00,3256,3097,"6,353.00",溪洲里,板橋區
,101,3.8155737704918,488.00,1936,1862,"3,798.00",溪北里,板橋區
,102,3.52356020942408,382.00,1370,1346,"2,716.00",香雅里,板橋區
,103,3.35493372606775,679.00,2266,2278,"4,544.00",新生里,板橋區
,104,3.00182149362477,549.00,1652,1648,"3,300.00",文德里,板橋區
,105,3.06417112299465,561.00,1803,1719,"3,522.00",文化里,板橋區
,106,3.91476091476092,481.00,1877,1883,"3,760.00",新海里,板橋區
,107,3.10569105691057,492.00,1571,1528,"3,099.00",莒光里,板橋區
,108,2.63764705882353,425.00,1241,1121,"2,362.00",富貴里,板橋區
,109,3.31601731601732,462.00,1671,1532,"3,203.00",正泰里,板橋區
,110,3.08888888888889,360.00,1296,1112,"2,408.00",民生里,板橋區
,111,2.5660621761658,772.00,2039,1981,"4,020.00",後埔里,板橋區
,112,3.17201166180758,343.00,1141,1088,"2,229.00",華福里,板橋區
,113,3.84991568296796,593.00,2296,2283,"4,579.00",堂春里,板橋區
,114,3.76723163841808,885.00,3465,3334,"6,799.00",成和里,板橋區
,115,3.38636363636364,396.00,1366,1341,"2,707.00",光榮里,板橋區
,116,3.03055555555556,360.00,1167,1091,"2,258.00",民安里,板橋區
,117,3.13495575221239,452.00,1493,1417,"2,910.00",陽明里,板橋區
,118,3.79372197309417,446.00,1841,1692,"3,533.00",朝陽里,板橋區
,119,3.47428571428571,350.00,1217,1216,"2,433.00",松柏里,板橋區
,120,3.34745762711864,590.00,2043,1975,"4,018.00",文聖里,板橋區
,121,3.26679462571977,521.00,1741,1702,"3,443.00",居仁里,板橋區
,122,2.9261744966443,745.00,2304,2180,"4,484.00",莊敬里,板橋區
,123,4.38019169329074,313.00,1435,1371,"2,806.00",東安里,板橋區
,124,3.78571428571429,588.00,2231,2226,"4,457.00",五權里,板橋區
,125,3.70113805047006,"2,021.00",7628,7480,"15,108.00",溪福里,板橋區
,126,4.07478632478632,468.00,2025,1907,"3,932.00",大觀里,板橋區
,127,5.86885245901639,122.00,675,716,"1,391.00",歡園里,板橋區
,128,3.42027194066749,809.00,2820,2767,"5,587.00",大有里,三重區
,129,4.07547169811321,212.00,850,864,"1,714.00",二重里,三重區
,130,3.78193146417446,321.00,1182,1214,"2,396.00",頂崁里,三重區
,131,4.50847457627119,118.00,472,532,"1,004.00",谷王里,三重區
,132,3.60035842293907,558.00,1976,2009,"3,985.00",中興里,三重區
,133,5.41666666666667,36.00,205,195,400.00,德厚里,三重區
,134,3.04878048780488,"1,025.00",3383,3125,"6,508.00",成功里,三重區
,135,2.91761071060762,971.00,2995,2833,"5,828.00",福祉里,三重區
,136,3.78189300411523,486.00,1863,1838,"3,701.00",福民里,三重區
,137,4.58362369337979,"1,148.00",4356,5262,"9,618.00",過田里,三重區
,138,3.55048859934853,307.00,1111,1090,"2,201.00",錦田里,三重區
,139,3.27526132404181,574.00,1966,1880,"3,846.00",重明里,三重區
,140,3.19440559440559,715.00,2374,2284,"4,658.00",光田里,三重區
,141,3.01308411214953,"1,070.00",3282,3224,"6,506.00",光陽里,三重區
,142,3.80714285714286,560.00,2131,2132,"4,263.00",田心里,三重區
,143,3.22664359861592,578.00,1846,1865,"3,711.00",福田里,三重區
,144,3.41709577754892,971.00,3413,3318,"6,731.00",田中里,三重區
,145,3.60228571428571,875.00,3382,3152,"6,534.00",田安里,三重區
,146,3.25782688766114,543.00,1781,1769,"3,550.00",三民里,三重區
,147,3.171926910299,"1,204.00",4000,3819,"7,819.00",光明里,三重區
,148,2.58024691358025,486.00,1302,1254,"2,556.00",光正里,三重區
,149,5.12328767123288,146.00,739,748,"1,487.00",同安里,三重區
,150,3.31448763250883,283.00,946,938,"1,884.00",同慶里,三重區
,151,4.17454545454546,275.00,1203,1148,"2,351.00",菜寮里,三重區
,152,3.77372262773723,274.00,1065,1034,"2,099.00",永春里,三重區
,153,3.65151515151515,198.00,709,723,"1,432.00",中正里,三重區
,154,3.57142857142857,203.00,732,725,"1,457.00",吉利里,三重區
,155,3.16666666666667,306.00,1064,969,"2,033.00",大同里,三重區
,156,4.16770186335404,161.00,661,671,"1,332.00",中民里,三重區
,157,5.75352112676056,142.00,779,817,"1,596.00",平和里,三重區
,158,4.01388888888889,216.00,862,867,"1,729.00",大安里,三重區
,159,4.36991869918699,246.00,1019,1075,"2,094.00",仁德里,三重區
,160,4.00884955752212,226.00,891,906,"1,797.00",忠孝里,三重區
,161,4.62406015037594,133.00,616,615,"1,231.00",仁義里,三重區
,162,3.15418502202643,227.00,739,716,"1,455.00",光榮里,三重區
,163,3.52401746724891,229.00,795,807,"1,602.00",光輝里,三重區
,164,3.02958579881657,169.00,553,512,"1,065.00",福星里,三重區
,165,2.97889182058048,379.00,1309,1129,"2,438.00",福利里,三重區
,166,2.95590551181102,635.00,2072,1877,"3,949.00",清和里,三重區
,167,3.64444444444444,180.00,701,656,"1,357.00",永興里,三重區
,168,3.03956043956044,455.00,1447,1383,"2,830.00",中山里,三重區
,169,3.99726775956284,366.00,1451,1463,"2,914.00",大園里,三重區
,170,3.70430107526882,372.00,1483,1378,"2,861.00",國隆里,三重區
,171,3.53846153846154,546.00,1943,1932,"3,875.00",重陽里,三重區
,172,4.24248120300752,532.00,2317,2257,"4,574.00",民生里,三重區
,173,3.76884422110553,199.00,768,750,"1,518.00",重新里,三重區
,174,3.92666666666667,150.00,632,589,"1,221.00",正德里,三重區
,175,3.64684014869889,269.00,971,981,"1,952.00",正義里,三重區
,176,3.78571428571429,266.00,1059,1007,"2,066.00",正安里,三重區
,177,4.0343347639485,233.00,969,940,"1,909.00",自強里,三重區
,178,3.58857142857143,350.00,1248,1256,"2,504.00",文化里,三重區
,179,4.03571428571429,224.00,916,904,"1,820.00",中央里,三重區
,180,4.42735042735043,117.00,510,518,"1,028.00",雙園里,三重區
,181,4.36206896551724,174.00,827,759,"1,586.00",錦通里,三重區
,182,4,230.00,996,920,"1,916.00",錦安里,三重區
,183,4.24452554744526,274.00,1170,1163,"2,333.00",長安里,三重區
,184,3.37458193979933,299.00,1015,1009,"2,024.00",光華里,三重區
,185,3.37777777777778,135.00,466,456,922.00,長生里,三重區
,186,3.58139534883721,215.00,780,770,"1,550.00",開元里,三重區
,187,3.98989898989899,99.00,438,395,833.00,大德里,三重區
,188,4.27035830618893,307.00,1288,1311,"2,599.00",長元里,三重區
,189,3.88363636363636,275.00,1083,1068,"2,151.00",長江里,三重區
,190,4.65625,256.00,1179,1192,"2,371.00",長泰里,三重區
,191,4.5606936416185,173.00,856,789,"1,645.00",長福里,三重區
,192,3.94838709677419,155.00,638,612,"1,250.00",介壽里,三重區
,193,3.92883895131086,267.00,1106,1049,"2,155.00",萬壽里,三重區
,194,4.63295880149813,267.00,1240,1237,"2,477.00",錦江里,三重區
,195,4.03588516746412,418.00,1793,1687,"3,480.00",龍濱里,三重區
,196,4.02845528455285,246.00,1030,991,"2,021.00",龍門里,三重區
,197,4.57317073170732,164.00,746,750,"1,496.00",秀江里,三重區
,198,3.92672413793103,232.00,939,911,"1,850.00",奕壽里,三重區
,199,3.75698324022346,358.00,1448,1345,"2,793.00",三安里,三重區
,200,40.5384615384615,39.00,1620,1581,"3,201.00",福安里,三重區
,201,2.3348623853211,436.00,1060,1018,"2,078.00",信安里,三重區
,202,3.56478405315615,301.00,1112,1073,"2,185.00",安慶里,三重區
,203,9.30830039525692,253.00,2435,2355,"4,790.00",幸福里,三重區
,204,3.15088282504013,623.00,1977,1963,"3,940.00",六合里,三重區
,205,6.05371900826446,484.00,3026,2930,"5,956.00",六福里,三重區
,206,1.54419191919192,792.00,1127,1223,"2,350.00",順德里,三重區
,207,4.04878048780488,246.00,974,996,"1,970.00",承德里,三重區
,208,5.2436974789916,238.00,1305,1248,"2,553.00",瑞德里,三重區
,209,8.2972972972973,259.00,2080,2149,"4,229.00",崇德里,三重區
,210,4.34318181818182,440.00,1964,1911,"3,875.00",厚德里,三重區
,211,2.85074626865672,536.00,1628,1528,"3,156.00",維德里,三重區
,212,4.33242506811989,367.00,1696,1590,"3,286.00",尚德里,三重區
,213,5.02551020408163,392.00,2012,1970,"3,982.00",培德里,三重區
,214,4.65499124343257,571.00,2738,2658,"5,396.00",永德里,三重區
,215,2.84124386252046,611.00,1836,1736,"3,572.00",永盛里,三重區
,216,7.01488833746898,403.00,3068,2827,"5,895.00",永福里,三重區
,217,4.5508607198748,639.00,3121,2908,"6,029.00",永清里,三重區
,218,3.17151162790698,688.00,2277,2182,"4,459.00",永安里,三重區
,219,2.75350701402806,499.00,1301,1374,"2,675.00",永煇里,三重區
,220,12.5139318885449,323.00,4280,4042,"8,322.00",溪美里,三重區
,221,2.12226277372263,"1,096.00",2507,2326,"4,833.00",福隆里,三重區
,222,3.36544342507645,654.00,2246,2201,"4,447.00",五常里,三重區
,223,3.83267716535433,508.00,2094,1947,"4,041.00",五福里,三重區
,224,2.97142857142857,560.00,1699,1664,"3,363.00",仁忠里,三重區
,225,3.74760383386582,313.00,1150,1173,"2,323.00",慈福里,三重區
,226,4.47744360902256,266.00,1237,1191,"2,428.00",慈生里,三重區
,227,4.24528301886793,265.00,1143,1125,"2,268.00",慈惠里,三重區
,228,6.83520599250936,267.00,1878,1825,"3,703.00",慈愛里,三重區
,229,3.26550868486352,403.00,1388,1316,"2,704.00",慈化里,三重區
,230,7.78504672897196,321.00,2509,2499,"5,008.00",慈祐里,三重區
,231,4.16984126984127,630.00,2842,2627,"5,469.00",五華里,三重區
,232,3.96911196911197,777.00,3387,3084,"6,471.00",富貴里,三重區
,233,1.51703056768559,"1,145.00",1656,1737,"3,393.00",富華里,三重區
,234,2.37020316027088,443.00,1110,1050,"2,160.00",富福里,三重區
,235,15.2532188841202,233.00,3873,3554,"7,427.00",碧華里,三重區
,236,0.685118619698059,"1,391.00",873,953,"1,826.00",五谷里,三重區
,237,9.20238095238095,252.00,2452,2319,"4,771.00",博愛里,三重區
,238,2.99845916795069,649.00,2188,1946,"4,134.00",福德里,三重區
,239,2.89598540145985,548.00,1695,1587,"3,282.00",永吉里,三重區
,240,8.24533333333333,375.00,3088,3092,"6,180.00",永發里,三重區
,241,2.69857433808554,982.00,2841,2650,"5,491.00",永順里,三重區
,242,4.86206896551724,638.00,3238,3102,"6,340.00",永豐里,三重區
,243,2.62109955423477,673.00,1848,1764,"3,612.00",立德里,三重區
,244,4.24839400428266,467.00,2000,1984,"3,984.00",福樂里,三重區
,245,4.90337078651685,445.00,2288,2182,"4,470.00",仁華里,三重區
,246,3.45771144278607,603.00,2076,2085,"4,161.00",五順里,三重區
,247,6.10044642857143,448.00,2805,2733,"5,538.00",中原里,中和區
,248,5.1542730299667,901.00,4973,4644,"9,617.00",平河里,中和區
,249,1.63928571428571,"1,400.00",2240,2295,"4,535.00",信和里,中和區
,250,3.86034482758621,580.00,2251,2239,"4,490.00",仁和里,中和區
,251,3.32385466034755,633.00,2204,2104,"4,308.00",中正里,中和區
,252,3.61196911196911,518.00,1920,1871,"3,791.00",建和里,中和區
,253,1.8801996672213,601.00,1358,1130,"2,488.00",連和里,中和區
,254,6.78270042194093,474.00,3496,3215,"6,711.00",連城里,中和區
,255,2.78351449275362,"1,104.00",3347,3073,"6,420.00",力行里,中和區
,256,51.5135135135135,37.00,1926,1906,"3,832.00",枋寮里,中和區
,257,1.63888888888889,"1,116.00",1929,1829,"3,758.00",漳和里,中和區
,258,3.49457364341085,645.00,2350,2254,"4,604.00",廟美里,中和區
,259,3.47532894736842,608.00,2188,2113,"4,301.00",福真里,中和區
,260,2.90523338048091,707.00,2281,2054,"4,335.00",福善里,中和區
,261,4.03886925795053,566.00,2358,2286,"4,644.00",福美里,中和區
,262,4.25974025974026,616.00,2722,2624,"5,346.00",福祥里,中和區
,263,4.34115805946792,639.00,2936,2774,"5,710.00",瓦󿾨里,中和區
,264,2.71142857142857,700.00,1930,1898,"3,828.00",福和里,中和區
,265,2.74308755760369,868.00,2569,2381,"4,950.00",佳和里,中和區
,266,2.92736486486487,592.00,1956,1733,"3,689.00",安樂里,中和區
,267,1.83734939759036,830.00,1680,1525,"3,205.00",安和里,中和區
,268,3.45968712394705,831.00,3157,2875,"6,032.00",安平里,中和區
,269,3.42763157894737,608.00,2363,2084,"4,447.00",中安里,中和區
,270,1.22614840989399,"1,415.00",1926,1735,"3,661.00",泰安里,中和區
,271,3.66266173752311,"1,082.00",4524,3963,"8,487.00",新南里,中和區
,272,4.701230228471,569.00,2801,2675,"5,476.00",南山里,中和區
,273,1.39393939393939,"1,617.00",2435,2254,"4,689.00",秀山里,中和區
,274,1.77766699900299,"1,003.00",1857,1783,"3,640.00",秀成里,中和區
,275,3.05290322580645,775.00,2533,2366,"4,899.00",秀福里,中和區
,276,4.80418535127055,669.00,3307,3214,"6,521.00",秀景里,中和區
,277,2.52,950.00,2763,2394,"5,157.00",秀明里,中和區
,278,1.63605728727885,"1,187.00",2242,1942,"4,184.00",秀峰里,中和區
,279,1.71696149843913,961.00,1710,1650,"3,360.00",秀仁里,中和區
,280,2.26793557833089,683.00,1631,1549,"3,180.00",頂南里,中和區
,281,6.37261698440208,577.00,3940,3677,"7,617.00",華新里,中和區
,282,4.06015037593985,532.00,2249,2160,"4,409.00",東南里,中和區
,283,2.35031847133758,"1,099.00",2663,2583,"5,246.00",華南里,中和區
,284,3.19225967540574,801.00,2584,2557,"5,141.00",忠孝里,中和區
,285,2.22015334063527,913.00,2166,2027,"4,193.00",崇南里,中和區
,286,25.3809523809524,63.00,1741,1599,"3,340.00",景南里,中和區
,287,0.254281949934124,759.00,173,193,366.00,橫路里,中和區
,288,3.4974293059126,778.00,2634,2721,"5,355.00",內南里,中和區
,289,2.5533199195171,497.00,1232,1269,"2,501.00",壽南里,中和區
,290,166.76,25.00,3283,4169,"7,452.00",外南里,中和區
,291,3.26269035532995,788.00,2863,2571,"5,434.00",復興里,中和區
,292,5.88,375.00,2389,2205,"4,594.00",和興里,中和區
,293,3.22409638554217,830.00,2975,2676,"5,651.00",景平里,中和區
,294,2.24371859296482,796.00,1945,1786,"3,731.00",景新里,中和區
,295,3.63983628922237,733.00,2996,2668,"5,664.00",景福里,中和區
,296,2.32432432432432,"1,036.00",2499,2408,"4,907.00",景安里,中和區
,297,2.97459165154265,551.00,1701,1639,"3,340.00",景文里,中和區
,298,2.91776649746193,985.00,3003,2874,"5,877.00",錦和里,中和區
,299,1.3758389261745,894.00,1183,1230,"2,413.00",錦昌里,中和區
,300,0.737104825291181,601.00,400,443,843.00,灰󿾨里,中和區
,301,4.64665911664779,883.00,4378,4103,"8,481.00",積穗里,中和區
,302,3.10169491525424,413.00,1330,1281,"2,611.00",民享里,中和區
,303,38.7790697674419,86.00,3501,3335,"6,836.00",員山里,中和區
,304,1.04166666666667,"1,344.00",1402,1400,"2,802.00",嘉穗里,中和區
,305,6.89514066496164,391.00,2837,2696,"5,533.00",文元里,中和區
,306,2.13729508196721,976.00,2112,2086,"4,198.00",嘉新里,中和區
,307,6.1042654028436,422.00,2596,2576,"5,172.00",民安里,中和區
,308,3.0996015936255,753.00,2462,2334,"4,796.00",安穗里,中和區
,309,2.21804511278196,532.00,1354,1180,"2,534.00",瑞穗里,中和區
,310,3.41977077363897,698.00,2390,2387,"4,777.00",明穗里,中和區
,311,2.61203007518797,665.00,1676,1737,"3,413.00",清穗里,中和區
,312,7.27777777777778,360.00,2682,2620,"5,302.00",自強里,中和區
,313,2.70470588235294,850.00,2393,2299,"4,692.00",德穗里,中和區
,314,4.53131749460043,463.00,2274,2098,"4,372.00",民生里,中和區
,315,2.67379679144385,748.00,2098,2000,"4,098.00",國光里,中和區
,316,3.00257731958763,776.00,2518,2330,"4,848.00",壽德里,中和區
,317,2.96193265007321,683.00,2088,2023,"4,111.00",明德里,中和區
,318,2.84825493171472,659.00,2005,1877,"3,882.00",秀水里,中和區
,319,4.53970390309556,743.00,3568,3373,"6,941.00",德行里,中和區
,320,1.85370741482966,499.00,964,925,"1,889.00",宜安里,中和區
,321,3.80430879712747,557.00,2398,2119,"4,517.00",安順里,中和區
,322,1.00950987564009,"1,367.00",1367,1380,"2,747.00",秀義里,中和區
,323,3.51540616246499,357.00,1315,1255,"2,570.00",秀士里,中和區
,324,1.94806763285024,828.00,1705,1613,"3,318.00",興南里,中和區
,325,2.24948024948025,481.00,1166,1082,"2,248.00",景本里,中和區
,326,4.95632183908046,435.00,2384,2156,"4,540.00",福南里,中和區
,327,7.29299363057325,471.00,3697,3435,"7,132.00",中興里,中和區
,328,4.16763005780347,346.00,1704,1442,"3,146.00",吉興里,中和區
,329,2.21044776119403,670.00,1539,1481,"3,020.00",中山里,中和區
,330,1.57479734708917,"1,357.00",2204,2137,"4,341.00",碧河里,中和區
,331,3.98521256931608,541.00,2258,2156,"4,414.00",錦中里,中和區
,332,4.52252252252252,444.00,2112,2008,"4,120.00",錦盛里,中和區
,333,2.14540059347181,674.00,1464,1446,"2,910.00",民有里,中和區
,334,2.89918699186992,615.00,1759,1783,"3,542.00",員富里,中和區
,335,4.25698324022346,537.00,2299,2286,"4,585.00",嘉慶里,中和區
,336,4.34063260340633,411.00,1740,1784,"3,524.00",冠穗里,中和區
,337,3.75161987041037,463.00,1745,1737,"3,482.00",國華里,中和區
,338,3.29401408450704,568.00,1859,1871,"3,730.00",正南里,中和區
,339,2.33853354134165,641.00,1640,1499,"3,139.00",正行里,中和區
,340,3.61954261954262,481.00,1841,1741,"3,582.00",福林里,永和區
,341,2.53860294117647,544.00,1514,1381,"2,895.00",文化里,永和區
,342,4.75977653631285,537.00,2432,2556,"4,988.00",豫溪里,永和區
,344,2.51520912547529,526.00,1459,1323,"2,782.00",仁愛里,永和區
,345,1.96342857142857,875.00,1941,1718,"3,659.00",永貞里,永和區
,346,2.18421052631579,646.00,1492,1411,"2,903.00",永福里,永和區
,347,2.6878612716763,519.00,1677,1395,"3,072.00",民治里,永和區
,348,0.722689075630252,714.00,536,516,"1,052.00",永成里,永和區
,349,0.7136,625.00,413,446,859.00,忠義里,永和區
,350,4.80082135523614,487.00,2719,2338,"5,057.00",永元里,永和區
,351,16.7105263157895,114.00,2006,1905,"3,911.00",秀林里,永和區
,352,34.2056074766355,107.00,4015,3660,"7,675.00",保安里,永和區
,353,3.04487917146145,869.00,2686,2646,"5,332.00",中溪里,永和區
,354,2.76158038147139,734.00,2355,2027,"4,382.00",永安里,永和區
,355,1.48339719029374,"1,566.00",2594,2323,"4,917.00",民族里,永和區
,356,2.40695296523517,978.00,2496,2354,"4,850.00",民權里,永和區
,357,1.43155694879833,957.00,1612,1370,"2,982.00",中興里,永和區
,358,0.690344062153163,901.00,691,622,"1,313.00",勵行里,永和區
,359,2.24617067833698,914.00,2164,2053,"4,217.00",秀朗里,永和區
,360,2.71479500891266,561.00,1560,1523,"3,083.00",秀成里,永和區
,361,4.49765258215962,213.00,1119,958,"2,077.00",上溪里,永和區
,362,2.73809523809524,672.00,1991,1840,"3,831.00",竹林里,永和區
,363,3.39964157706093,558.00,2233,1897,"4,130.00",雙和里,永和區
,364,5.21467391304348,368.00,2209,1919,"4,128.00",安和里,永和區
,365,2.86369958275382,719.00,2246,2059,"4,305.00",水源里,永和區
,366,1.91612903225806,775.00,1577,1485,"3,062.00",協和里,永和區
,367,1.91519434628975,849.00,1776,1626,"3,402.00",河堤里,永和區
,368,1.49210206561361,823.00,1342,1228,"2,570.00",頂溪里,永和區
,369,4.08856088560886,542.00,2659,2216,"4,875.00",潭墘里,永和區
,370,3.40329218106996,729.00,2624,2481,"5,105.00",潭安里,永和區
,371,2.39611650485437,515.00,1504,1234,"2,738.00",大新里,永和區
,372,2.48307692307692,975.00,2713,2421,"5,134.00",保平里,永和區
,373,1.96884128529698,"1,027.00",2248,2022,"4,270.00",民本里,永和區
,374,4.37611408199644,561.00,2571,2455,"5,026.00",民樂里,永和區
,375,0.879478827361564,921.00,965,810,"1,775.00",光復里,永和區
,376,1.52835051546392,776.00,1296,1186,"2,482.00",復興里,永和區
,377,2.3887323943662,"1,065.00",2872,2544,"5,416.00",福和里,永和區
,378,6.25294117647059,340.00,2409,2126,"4,535.00",得和里,永和區
,379,3.2621722846442,534.00,1843,1742,"3,585.00",智光里,永和區
,380,0.371732026143791,"1,224.00",435,455,890.00,新生里,永和區
,381,0.527720739219713,974.00,488,514,"1,002.00",大同里,永和區
,382,1.92278719397363,531.00,1190,1021,"2,211.00",前溪里,永和區
,383,24.56,100.00,2680,2456,"5,136.00",和平里,永和區
,384,11.8762886597938,97.00,1171,1152,"2,323.00",新廍里,永和區
,385,4.78787878787879,429.00,2161,2054,"4,215.00",下溪里,永和區
,386,2.60684647302905,964.00,2727,2513,"5,240.00",秀和里,永和區
,387,3.61220043572985,459.00,1752,1658,"3,410.00",河濱里,永和區
,388,2.7753120665742,721.00,2290,2001,"4,291.00",民生里,永和區
,389,1.27441860465116,"1,075.00",1503,1370,"2,873.00",秀得里,永和區
,390,2.7601246105919,642.00,1942,1772,"3,714.00",上林里,永和區
,391,0.896402877697842,695.00,636,623,"1,259.00",網溪里,永和區
,392,2.17922606924644,491.00,1285,1070,"2,355.00",正興里,永和區
,393,2.16891891891892,740.00,1790,1605,"3,395.00",永興里,永和區
,394,8.5668202764977,217.00,2048,1859,"3,907.00",桂林里,永和區
,395,4.29230769230769,455.00,2400,1953,"4,353.00",店街里,永和區
,396,1.82074074074074,675.00,1473,1229,"2,702.00",信義里,永和區
,397,1.26038781163435,722.00,994,910,"1,904.00",後溪里,永和區
,398,1.86379511059371,859.00,1678,1601,"3,279.00",民富里,永和區
,399,2.83482944344704,557.00,1706,1579,"3,285.00",秀元里,永和區
,400,3.14133333333333,375.00,1404,1178,"2,582.00",永樂里,永和區
,401,10.3245436105477,493.00,5737,5090,"10,827.00",保順里,永和區
,402,4.36750788643533,634.00,2925,2769,"5,694.00",海山里,新莊區
,403,8.29867256637168,452.00,3902,3751,"7,653.00",頭前里,新莊區
,404,0.397350993377483,"2,114.00",805,840,"1,645.00",國泰里,新莊區
,405,2.90839694656489,786.00,2457,2286,"4,743.00",全安里,新莊區
,406,1.60923753665689,"1,364.00",2221,2195,"4,416.00",福基里,新莊區
,407,9.71717171717172,198.00,2016,1924,"3,940.00",豐年里,新莊區
,408,3.89703588143526,641.00,2596,2498,"5,094.00",忠孝里,新莊區
,409,3.05699481865285,772.00,2497,2360,"4,857.00",恆安里,新莊區
,410,7.65254237288136,472.00,3820,3612,"7,432.00",後港里,新莊區
,411,1.4780292942743,751.00,1149,1110,"2,259.00",文衡里,新莊區
,412,3.96010296010296,777.00,3264,3077,"6,341.00",中美里,新莊區
,413,1.42424242424242,"1,122.00",1684,1598,"3,282.00",八德里,新莊區
,414,5.26420454545455,352.00,1875,1853,"3,728.00",興漢里,新莊區
,415,2.858837485172,843.00,2501,2410,"4,911.00",中和里,新莊區
,1032,6,49.00,311,294,605.00,信賢里,烏來區
,416,15.6340782122905,358.00,5670,5597,"11,267.00",西盛里,新莊區
,417,4.97395833333333,576.00,2007,2865,"4,872.00",榮和里,新莊區
,418,3.48516320474777,674.00,2391,2349,"4,740.00",中泰里,新莊區
,419,2.21074380165289,"1,452.00",3119,3210,"6,329.00",瓊林里,新莊區
,420,1.65499124343257,571.00,968,945,"1,913.00",文德里,新莊區
,421,2.12065813528336,547.00,1179,1160,"2,339.00",中誠里,新莊區
,422,5.48401162790698,688.00,3808,3773,"7,581.00",裕民里,新莊區
,423,3.41758241758242,273.00,1025,933,"1,958.00",文明里,新莊區
,424,11.6491228070175,285.00,3497,3320,"6,817.00",中港里,新莊區
,425,1.41065482796892,901.00,1259,1271,"2,530.00",富國里,新莊區
,426,10.0071684587814,279.00,2982,2792,"5,774.00",思源里,新莊區
,427,1.20436507936508,"1,008.00",1259,1214,"2,473.00",立人里,新莊區
,428,8.81553398058252,309.00,2821,2724,"5,545.00",南港里,新莊區
,429,1.94950911640954,713.00,1463,1390,"2,853.00",仁愛里,新莊區
,430,2.86593406593407,455.00,1400,1304,"2,704.00",立德里,新莊區
,431,3.67362924281984,766.00,3037,2814,"5,851.00",信義里,新莊區
,432,9.00344827586207,290.00,2847,2611,"5,458.00",立言里,新莊區
,433,6.6529284164859,461.00,3278,3067,"6,345.00",民安里,新莊區
,434,3.51925820256776,701.00,2578,2467,"5,045.00",和平里,新莊區
,435,2.19306358381503,865.00,2010,1897,"3,907.00",立功里,新莊區
,436,1.97198538367844,821.00,1576,1619,"3,195.00",民本里,新莊區
,437,2.51226158038147,734.00,1819,1844,"3,663.00",化成里,新莊區
,438,4.41810344827586,464.00,2156,2050,"4,206.00",立志里,新莊區
,439,10.1837270341207,381.00,4055,3880,"7,935.00",光華里,新莊區
,440,4.12897196261682,535.00,2259,2209,"4,468.00",思賢里,新莊區
,441,2.2364990689013,537.00,1159,1201,"2,360.00",營盤里,新莊區
,442,2.78271028037383,856.00,2512,2382,"4,894.00",光榮里,新莊區
,443,2.24085365853659,656.00,1377,1470,"2,847.00",自強里,新莊區
,444,11.254691689008,373.00,4325,4198,"8,523.00",丹鳳里,新莊區
,445,4.34181818181818,550.00,2537,2388,"4,925.00",光明里,新莊區
,446,9.60350877192983,285.00,3030,2737,"5,767.00",自立里,新莊區
,447,2.50515463917526,970.00,2409,2430,"4,839.00",合鳳里,新莊區
,448,4.56565656565657,495.00,2387,2260,"4,647.00",幸福里,新莊區
,449,8.3486646884273,674.00,5740,5627,"11,367.00",雙鳳里,新莊區
,450,2.31785714285714,560.00,1377,1298,"2,675.00",自信里,新莊區
,451,8.61078998073218,519.00,4944,4469,"9,413.00",龍鳳里,新莊區
,452,0.924873737373737,"1,584.00",1514,1465,"2,979.00",中華里,新莊區
,453,7.22188449848024,329.00,2514,2376,"4,890.00",中隆里,新莊區
,454,3.69302659956866,"1,391.00",5467,5137,"10,604.00",中原里,新莊區
,455,9.87912087912088,455.00,4762,4495,"9,257.00",中信里,新莊區
,456,3.53560830860534,674.00,2539,2383,"4,922.00",四維里,新莊區
,457,0.84462915601023,"1,564.00",1316,1321,"2,637.00",建福里,新莊區
,458,102.368421052632,19.00,1990,1945,"3,935.00",中宏里,新莊區
,459,1.51030110935024,"1,262.00",1903,1906,"3,809.00",中全里,新莊區
,460,4.43594306049822,562.00,2676,2493,"5,169.00",立泰里,新莊區
,461,7.28571428571429,364.00,2712,2652,"5,364.00",全泰里,新莊區
,462,3.36148648648649,592.00,1980,1990,"3,970.00",仁義里,新莊區
,463,7.07505518763797,453.00,3385,3205,"6,590.00",立基里,新莊區
,464,2.56540084388186,711.00,1970,1824,"3,794.00",昌明里,新莊區
,465,3.04408602150538,930.00,3205,2831,"6,036.00",昌平里,新莊區
,466,3.96590909090909,440.00,1982,1745,"3,727.00",文聖里,新莊區
,467,1.70199275362319,"1,104.00",2057,1879,"3,936.00",萬安里,新莊區
,468,2.22163120567376,564.00,1250,1253,"2,503.00",龍安里,新莊區
,469,1.2365988909427,"1,082.00",1292,1338,"2,630.00",福營里,新莊區
,470,2.53301127214171,621.00,1572,1573,"3,145.00",後德里,新莊區
,471,6.78701825557809,493.00,3543,3346,"6,889.00",建安里,新莊區
,472,7.72289156626506,332.00,2777,2564,"5,341.00",成德里,新莊區
,473,7.57107843137255,408.00,3013,3089,"6,102.00",福興里,新莊區
,474,3.5123339658444,527.00,2076,1851,"3,927.00",昌信里,新莊區
,475,2.13124387855044,"1,021.00",2481,2176,"4,657.00",昌隆里,新莊區
,476,6.97777777777778,630.00,5087,4396,"9,483.00",中平里,新莊區
,477,6.36145952109464,877.00,6185,5579,"11,764.00",立廷里,新莊區
,478,2.10509031198686,609.00,1328,1282,"2,610.00",泰豐里,新莊區
,479,2.78723404255319,705.00,2029,1965,"3,994.00",富民里,新莊區
,480,0.848530519969857,"1,327.00",1258,1126,"2,384.00",龍福里,新莊區
,481,0.63173504695996,"2,023.00",1296,1278,"2,574.00",祥鳳里,新莊區
,482,6.20125786163522,318.00,1981,1972,"3,953.00",民全里,新莊區
,483,3.84052532833021,533.00,2223,2047,"4,270.00",民有里,新莊區
,484,7.31927710843374,332.00,2493,2430,"4,923.00",光正里,新莊區
,485,4.78073089700997,301.00,1535,1439,"2,974.00",光和里,新莊區
,486,2.93248175182482,548.00,1884,1607,"3,491.00",國豐里,新店區
,487,3.75,516.00,2237,1935,"4,172.00",明德里,新店區
,488,3.18576388888889,576.00,2050,1835,"3,885.00",大豐里,新店區
,489,5.85798816568047,338.00,2142,1980,"4,122.00",大同里,新店區
,490,3.77304964539007,705.00,2962,2660,"5,622.00",江陵里,新店區
,491,2.93500570125428,877.00,2826,2574,"5,400.00",寶興里,新店區
,492,3.45085190039319,763.00,2986,2633,"5,619.00",寶安里,新店區
,493,3.52083333333333,864.00,3309,3042,"6,351.00",信義里,新店區
,494,1.02676579925651,"1,345.00",1495,1381,"2,876.00",忠孝里,新店區
,495,1.15331610680448,"1,161.00",1394,1339,"2,733.00",大鵬里,新店區
,496,1.27324171382377,"1,237.00",1701,1575,"3,276.00",太平里,新店區
,497,0.702127659574468,"1,316.00",821,924,"1,745.00",頂城里,新店區
,498,3.68619246861925,478.00,1674,1762,"3,436.00",下城里,新店區
,499,6.58515283842795,687.00,4812,4524,"9,336.00",柴埕里,新店區
,500,4.62982456140351,570.00,2780,2639,"5,419.00",永安里,新店區
,501,29.9574468085106,188.00,5975,5632,"11,607.00",公崙里,新店區
,502,5.3646677471637,617.00,3244,3310,"6,554.00",德安里,新店區
,503,2.06182795698925,"1,488.00",2996,3068,"6,064.00",雙城里,新店區
,504,4.37714285714286,700.00,3025,3064,"6,089.00",日興里,新店區
,505,1.5656037637219,"1,913.00",3247,2995,"6,242.00",玫瑰里,新店區
,506,0.672309552599758,827.00,495,556,"1,051.00",塗潭里,新店區
,507,3.60326086956522,736.00,2777,2652,"5,429.00",美潭里,新店區
,508,3.92080745341615,644.00,2508,2525,"5,033.00",員潭里,新店區
,509,7.18840579710145,69.00,378,496,874.00,雙坑里,新店區
,510,1.64188481675393,955.00,1718,1568,"3,286.00",粗坑里,新店區
,511,17.3291139240506,79.00,1245,1369,"2,614.00",屈尺里,新店區
,512,0.99244060475162,926.00,881,919,"1,800.00",龜山里,新店區
,513,1.09155937052933,699.00,620,763,"1,383.00",廣興里,新店區
,514,1.09162717219589,633.00,614,691,"1,305.00",直潭里,新店區
,515,9.16387959866221,299.00,2903,2740,"5,643.00",青潭里,新店區
,516,4.42924528301887,212.00,934,939,"1,873.00",新店里,新店區
,517,9,107.00,1173,963,"2,136.00",張南里,新店區
,518,6.73469387755102,196.00,1352,1320,"2,672.00",國校里,新店區
,519,0.990888382687927,878.00,943,870,"1,813.00",文中里,新店區
,520,1.56028368794326,282.00,438,440,878.00,廣明里,新店區
,521,2.86519607843137,408.00,1217,1169,"2,386.00",文明里,新店區
,522,5.54817987152034,467.00,2859,2591,"5,450.00",中興里,新店區
,523,7.21573604060914,394.00,3268,2843,"6,111.00",新生里,新店區
,524,9.35714285714286,140.00,1518,1310,"2,828.00",新德里,新店區
,525,10.165,400.00,4427,4066,"8,493.00",張北里,新店區
,526,2.92592592592593,"1,188.00",3941,3476,"7,417.00",五峯里,新店區
,527,2.66666666666667,"1,284.00",3132,3424,"6,556.00",新安里,新店區
,528,2.47443762781186,489.00,1336,1210,"2,546.00",忠誠里,新店區
,529,1.7245409015025,"1,797.00",3571,3099,"6,670.00",中正里,新店區
,530,1.31608133086876,"1,623.00",2368,2136,"4,504.00",中華里,新店區
,531,0.932594644506002,"1,083.00",1152,1010,"2,162.00",仁愛里,新店區
,532,3.50547445255474,548.00,2191,1921,"4,112.00",百忍里,新店區
,533,1.28604471858134,"1,297.00",1773,1668,"3,441.00",百和里,新店區
,534,2.10430107526882,930.00,2198,1957,"4,155.00",福德里,新店區
,535,3.69010989010989,455.00,1940,1679,"3,619.00",百福里,新店區
,536,2.63276089828269,757.00,2283,1993,"4,276.00",福民里,新店區
,537,3.4703125,640.00,2614,2221,"4,835.00",中山里,新店區
,538,0.675177304964539,705.00,469,476,945.00,和平里,新店區
,539,3.389369592089,809.00,3152,2742,"5,894.00",中央里,新店區
,540,1.75148514851485,"1,010.00",1864,1769,"3,633.00",明城里,新店區
,541,2.94779116465863,"1,245.00",3874,3670,"7,544.00",安和里,新店區
,542,27.593023255814,86.00,2571,2373,"4,944.00",吉祥里,新店區
,543,2.37730870712401,"1,516.00",3828,3604,"7,432.00",寶福里,新店區
,544,2.42428035043805,799.00,2008,1937,"3,945.00",小城里,新店區
,545,4.16666666666667,"1,224.00",5446,5100,"10,546.00",香坡里,新店區
,546,1.49948717948718,975.00,1729,1462,"3,191.00",建國里,新店區
,547,1.18079096045198,"1,416.00",1804,1672,"3,476.00",復興里,新店區
,548,1.53459821428571,896.00,1463,1375,"2,838.00",美城里,新店區
,549,1.33994778067885,"1,915.00",2912,2566,"5,478.00",安昌里,新店區
,550,1.92476489028213,638.00,1397,1228,"2,625.00",長春里,新店區
,551,3.7410071942446,556.00,2265,2080,"4,345.00",新和里,新店區
,552,6.18843683083512,467.00,3109,2890,"5,999.00",永平里,新店區
,553,1.86396677050883,963.00,2032,1795,"3,827.00",達觀里,新店區
,554,1.76737588652482,705.00,1433,1246,"2,679.00",華城里,新店區
,555,3.10814606741573,712.00,2174,2213,"4,387.00",三多里,樹林區
,556,2.24741200828157,966.00,2227,2171,"4,398.00",三福里,樹林區
,557,3.31335830212235,801.00,2542,2654,"5,196.00",三興里,樹林區
,558,2.58760107816712,742.00,1884,1920,"3,804.00",圳安里,樹林區
,559,6.54126679462572,521.00,3408,3408,"6,816.00",保安里,樹林區
,560,6.10151187904968,463.00,2347,2825,"5,172.00",潭底里,樹林區
,561,5.0625,528.00,2706,2673,"5,379.00",󿾵寮里,樹林區
,562,4.51058823529412,425.00,1968,1917,"3,885.00",樹德里,樹林區
,563,2.82365145228216,964.00,2801,2722,"5,523.00",樹西里,樹林區
,564,3.95848375451264,554.00,2254,2193,"4,447.00",樹南里,樹林區
,565,3.30129390018484,541.00,1864,1786,"3,650.00",樹人里,樹林區
,566,1.66606170598911,551.00,906,918,"1,824.00",坡內里,樹林區
,567,0.67292817679558,905.00,612,609,"1,221.00",樹東里,樹林區
,568,2.63049853372434,682.00,1938,1794,"3,732.00",大同里,樹林區
,569,4.54824561403509,456.00,2066,2074,"4,140.00",和平里,樹林區
,570,13.9214659685864,191.00,2719,2659,"5,378.00",彭厝里,樹林區
,571,14.8633879781421,183.00,2756,2720,"5,476.00",彭福里,樹林區
,572,3.35931558935361,526.00,1700,1767,"3,467.00",東山里,樹林區
,573,6.46613545816733,502.00,3133,3246,"6,379.00",東陽里,樹林區
,574,4.0901771336554,621.00,2604,2540,"5,144.00",東昇里,樹林區
,575,1.521875,640.00,889,974,"1,863.00",樂山里,樹林區
,576,2.94632768361582,354.00,879,1043,"1,922.00",東園里,樹林區
,577,1.44551724137931,725.00,897,1048,"1,945.00",西園里,樹林區
,578,10.5352941176471,680.00,7786,7164,"14,950.00",南園里,樹林區
,579,7.48484848484848,165.00,1130,1235,"2,365.00",北園里,樹林區
,580,27.2426035502959,169.00,4917,4604,"9,521.00",柑園里,樹林區
,581,2.30582524271845,206.00,488,475,963.00,樹北里,樹林區
,582,0.884586180713743,"2,634.00",2326,2330,"4,656.00",圳福里,樹林區
,583,8.49137931034483,232.00,2019,1970,"3,989.00",樹興里,樹林區
,584,0.965370271710176,"1,877.00",1989,1812,"3,801.00",樹福里,樹林區
,585,16.5625,128.00,2102,2120,"4,222.00",光興里,樹林區
,586,4.27675276752768,542.00,2284,2318,"4,602.00",金寮里,樹林區
,587,6.03667953667954,518.00,3149,3127,"6,276.00",彭興里,樹林區
,588,4.17719568567026,649.00,2800,2711,"5,511.00",文林里,樹林區
,589,6.6931330472103,466.00,3003,3119,"6,122.00",山佳里,樹林區
,590,5.81742738589212,482.00,2724,2804,"5,528.00",中山里,樹林區
,591,2.35163204747775,674.00,1673,1585,"3,258.00",育英里,樹林區
,592,2.5,682.00,1839,1705,"3,544.00",中華里,樹林區
,593,2.10754189944134,716.00,1439,1509,"2,948.00",太順里,樹林區
,594,2.43548387096774,620.00,1413,1510,"2,923.00",圳民里,樹林區
,595,1.89144050104384,479.00,827,906,"1,733.00",圳生里,樹林區
,596,2.47797356828194,454.00,1058,1125,"2,183.00",三龍里,樹林區
,597,1.85436893203884,309.00,559,573,"1,132.00",東鶯里,鶯歌區
,598,3.38950276243094,362.00,1241,1227,"2,468.00",西鶯里,鶯歌區
,599,13.1336206896552,232.00,3143,3047,"6,190.00",南鶯里,鶯歌區
,600,8.06028368794326,282.00,2248,2273,"4,521.00",北鶯里,鶯歌區
,601,3.72972972972973,148.00,582,552,"1,134.00",中鶯里,鶯歌區
,602,1.13513513513514,296.00,269,336,605.00,建德里,鶯歌區
,603,1.16276202219482,811.00,1019,943,"1,962.00",同慶里,鶯歌區
,604,7.46964856230032,626.00,4737,4676,"9,413.00",永昌里,鶯歌區
,605,12.7792207792208,154.00,1896,1968,"3,864.00",南靖里,鶯歌區
,606,70.537037037037,54.00,3769,3809,"7,578.00",尖山里,鶯歌區
,607,18.7056277056277,231.00,4136,4321,"8,457.00",二橋里,鶯歌區
,608,0.515682656826568,"1,084.00",504,559,"1,063.00",二甲里,鶯歌區
,609,0.345733041575492,457.00,130,158,288.00,東湖里,鶯歌區
,610,3.07743362831858,904.00,2735,2782,"5,517.00",大湖里,鶯歌區
,611,2.92120509849363,863.00,2483,2521,"5,004.00",鳳鳴里,鶯歌區
,612,24.0697674418605,86.00,2139,2070,"4,209.00",鳳福里,鶯歌區
,613,110.708333333333,24.00,2661,2657,"5,318.00",永吉里,鶯歌區
,614,4.48351648351648,728.00,3077,3264,"6,341.00",中湖里,鶯歌區
,615,4.54678899082569,545.00,2488,2478,"4,966.00",鳳祥里,鶯歌區
,616,7.19959677419355,496.00,3761,3571,"7,332.00",建國里,鶯歌區
,617,0.297297297297297,592.00,140,176,316.00,三峽里,三峽區
,618,0.562706270627063,606.00,360,341,701.00,秀川里,三峽區
,619,3.8768115942029,552.00,2120,2140,"4,260.00",八張里,三峽區
,620,1.73961840628507,891.00,1578,1550,"3,128.00",中埔里,三峽區
,621,17.55,40.00,562,702,"1,264.00",弘道里,三峽區
,622,49.948051948052,77.00,4189,3846,"8,035.00",永舘里,三峽區
,623,6.54704595185996,457.00,3075,2992,"6,067.00",礁溪里,三峽區
,624,15.2485549132948,346.00,5330,5276,"10,606.00",鳶山里,三峽區
,625,46.6761904761905,105.00,4971,4901,"9,872.00",龍埔里,三峽區
,626,2.20821394460363,"1,047.00",2077,2312,"4,389.00",大埔里,三峽區
,627,2.28892215568862,668.00,1091,1529,"2,620.00",嘉添里,三峽區
,628,0.522480620155039,"1,290.00",573,674,"1,247.00",添福里,三峽區
,629,0.27597672485453,"1,203.00",234,332,566.00,金圳里,三峽區
,630,1.17477876106195,452.00,455,531,986.00,五寮里,三峽區
,631,151.333333333333,3.00,329,454,783.00,插角里,三峽區
,632,1.85171102661597,263.00,340,487,827.00,有木里,三峽區
,633,14.3829787234043,94.00,1199,1352,"2,551.00",溪北里,三峽區
,634,27.8484848484848,33.00,770,919,"1,689.00",溪南里,三峽區
,635,27.7540983606557,61.00,1566,1693,"3,259.00",溪東里,三峽區
,636,12.5454545454545,44.00,470,552,"1,022.00",成福里,三峽區
,637,22.4358974358974,39.00,692,875,"1,567.00",安坑里,三峽區
,638,5.74299065420561,214.00,952,1229,"2,181.00",竹崙里,三峽區
,639,23.2418300653595,153.00,3476,3556,"7,032.00",介壽里,三峽區
,640,13.7016949152542,295.00,4090,4042,"8,132.00",安溪里,三峽區
,641,25.5229357798165,109.00,2777,2782,"5,559.00",中正里,三峽區
,642,17.3577981651376,109.00,1844,1892,"3,736.00",二鬮里,三峽區
,643,40.9537572254335,173.00,8223,7085,"15,308.00",龍學里,三峽區
,644,4.01201602136182,749.00,3233,3005,"6,238.00",龍恩里,三峽區
,645,0.37375745526839,"1,006.00",284,376,660.00,中和里,淡水區
,646,1.14788732394366,568.00,551,652,"1,203.00",屯山里,淡水區
,647,2.09722222222222,432.00,789,906,"1,695.00",賢孝里,淡水區
,648,0.321974965229485,"2,876.00",816,926,"1,742.00",興仁里,淡水區
,649,0.572227399813607,"1,073.00",490,614,"1,104.00",蕃薯里,淡水區
,650,13.0512820512821,117.00,1392,1527,"2,919.00",義山里,淡水區
,651,3.00584795321637,171.00,434,514,948.00,忠山里,淡水區
,652,25.9138755980861,209.00,5752,5416,"11,168.00",崁頂里,淡水區
,653,6.82677165354331,127.00,754,867,"1,621.00",埤島里,淡水區
,654,13.1003717472119,269.00,3989,3524,"7,513.00",新興里,淡水區
,655,31.59375,96.00,3223,3033,"6,256.00",水碓里,淡水區
,656,2.33003766478343,"2,124.00",5446,4949,"10,395.00",北投里,淡水區
,657,6.35148514851485,202.00,1089,1283,"2,372.00",水源里,淡水區
,658,0.598432055749129,"1,148.00",550,687,"1,237.00",忠寮里,淡水區
,659,0.84936268829664,863.00,671,733,"1,404.00",樹興里,淡水區
,660,0.393939393939394,"1,815.00",742,715,"1,457.00",坪頂里,淡水區
,661,11.9007352941176,272.00,3522,3237,"6,759.00",福德里,淡水區
,662,24.0165289256198,121.00,3459,2906,"6,365.00",竹圍里,淡水區
,663,15.6619718309859,213.00,3937,3336,"7,273.00",民生里,淡水區
,664,10.2304347826087,230.00,2982,2353,"5,335.00",八勢里,淡水區
,665,3.34225352112676,"1,420.00",5545,4746,"10,291.00",竿蓁里,淡水區
,666,2.55238095238095,"1,155.00",3347,2948,"6,295.00",鄧公里,淡水區
,667,1.72802653399668,"1,206.00",2211,2084,"4,295.00",中興里,淡水區
,668,0.641541038525963,"1,194.00",763,766,"1,529.00",長庚里,淡水區
,669,0.285457809694794,"2,228.00",612,636,"1,248.00",清文里,淡水區
,670,0.3386709367494,"1,249.00",403,423,826.00,草東里,淡水區
,671,1.54022988505747,522.00,798,804,"1,602.00",協元里,淡水區
,672,2.08296943231441,229.00,496,477,973.00,永吉里,淡水區
,673,2.18994413407821,179.00,405,392,797.00,民安里,淡水區
,674,1.82677165354331,127.00,257,232,489.00,新生里,淡水區
,675,4.13302752293578,218.00,1028,901,"1,929.00",文化里,淡水區
,676,21.4,130.00,2954,2782,"5,736.00",油車里,淡水區
,677,15.640625,128.00,2058,2002,"4,060.00",沙崙里,淡水區
,678,22.2626262626263,99.00,2307,2204,"4,511.00",新義里,淡水區
,679,12.2376543209877,324.00,4346,3965,"8,311.00",新春里,淡水區
,680,2.74767441860465,860.00,2543,2363,"4,906.00",新民里,淡水區
,681,4.03703703703704,540.00,2579,2180,"4,759.00",正德里,淡水區
,682,2.50912408759124,548.00,1578,1375,"2,953.00",北新里,淡水區
,683,1.46086956521739,"1,380.00",2371,2016,"4,387.00",民權里,淡水區
,684,2.19706498951782,954.00,2210,2096,"4,306.00",幸福里,淡水區
,685,3.14363885088919,731.00,2486,2298,"4,784.00",學府里,淡水區
,686,5.70433145009416,531.00,3396,3029,"6,425.00",大庄里,淡水區
,687,0.923476005188068,771.00,741,712,"1,453.00",義民里,汐止區
,688,0.862903225806452,620.00,551,535,"1,086.00",禮門里,汐止區
,689,2.86950732356858,751.00,2541,2155,"4,696.00",智慧里,汐止區
,690,0.153711790393013,"1,145.00",169,176,345.00,信望里,汐止區
,691,7.29081632653061,196.00,1594,1429,"3,023.00",橋東里,汐止區
,692,21.589928057554,139.00,2713,3001,"5,714.00",秀峰里,汐止區
,693,3.32394366197183,852.00,2924,2832,"5,756.00",新昌里,汐止區
,694,59.25,56.00,3873,3318,"7,191.00",復興里,汐止區
,695,6.64,375.00,2473,2490,"4,963.00",茄苳里,汐止區
,696,1.32370820668693,658.00,825,871,"1,696.00",長安里,汐止區
,697,0.936946902654867,904.00,850,847,"1,697.00",保安里,汐止區
,698,1.58203677510608,"1,414.00",2228,2237,"4,465.00",保長里,汐止區
,699,2.37869822485207,507.00,1174,1206,"2,380.00",鄉長里,汐止區
,700,15.7586206896552,203.00,3068,3199,"6,267.00",江北里,汐止區
,701,13.6340206185567,194.00,2549,2645,"5,194.00",拱北里,汐止區
,702,1.39242685025818,581.00,767,809,"1,576.00",烘內里,汐止區
,703,1.84437086092715,302.00,477,557,"1,034.00",八連里,汐止區
,704,1.5,784.00,1036,1176,"2,212.00",樟樹里,汐止區
,705,3.61708860759494,632.00,2208,2286,"4,494.00",北峰里,汐止區
,706,10.3684210526316,247.00,2851,2561,"5,412.00",北山里,汐止區
,707,18.2131147540984,122.00,2264,2222,"4,486.00",白雲里,汐止區
,708,8.22794117647059,272.00,2339,2238,"4,577.00",橫科里,汐止區
,709,0.551088777219431,597.00,302,329,631.00,東山里,汐止區
,710,1.91163310961969,894.00,1910,1709,"3,619.00",福山里,汐止區
,711,2.06845238095238,672.00,1566,1390,"2,956.00",宜興里,汐止區
,712,5.41405082212257,669.00,3771,3622,"7,393.00",中興里,汐止區
,713,46.7413793103448,58.00,2967,2711,"5,678.00",湖光里,汐止區
,714,1.12403100775194,774.00,896,870,"1,766.00",仁德里,汐止區
,715,7.16793893129771,524.00,3843,3756,"7,599.00",厚德里,汐止區
,716,3.48055555555556,"1,080.00",4010,3759,"7,769.00",忠孝里,汐止區
,717,2.26063829787234,"1,128.00",2701,2550,"5,251.00",自強里,汐止區
,718,9.30769230769231,234.00,2269,2178,"4,447.00",文化里,汐止區
,719,2.3223992502343,"1,067.00",2566,2478,"5,044.00",金龍里,汐止區
,720,1.28186274509804,"1,224.00",1703,1569,"3,272.00",福德里,汐止區
,721,1.8118932038835,824.00,1565,1493,"3,058.00",興福里,汐止區
,722,3.46351931330472,699.00,2749,2421,"5,170.00",康福里,汐止區
,723,2.16447368421053,760.00,1778,1645,"3,423.00",忠山里,汐止區
,724,1.37037037037037,486.00,556,666,"1,222.00",環河里,汐止區
,725,4.08775510204082,490.00,2097,2003,"4,100.00",東勢里,汐止區
,726,1.66586826347305,835.00,1450,1391,"2,841.00",山光里,汐止區
,727,1.45894736842105,950.00,1535,1386,"2,921.00",大同里,汐止區
,728,22.2820512820513,117.00,2707,2607,"5,314.00",崇德里,汐止區
,729,3.32837407013815,941.00,3209,3132,"6,341.00",湖興里,汐止區
,730,1.4775641025641,312.00,519,461,980.00,長青里,汐止區
,731,6.52653927813164,471.00,3323,3074,"6,397.00",福安里,汐止區
,732,2.67174677608441,853.00,2348,2279,"4,627.00",秀山里,汐止區
,733,1.86425339366516,"1,326.00",2809,2472,"5,281.00",建成里,汐止區
,734,8.61176470588235,255.00,2514,2196,"4,710.00",城中里,汐止區
,735,1.26646403242148,987.00,1421,1250,"2,671.00",湖蓮里,汐止區
,736,1.71863580998782,821.00,1501,1411,"2,912.00",保新里,汐止區
,737,0.471563981042654,844.00,404,398,802.00,龍潭里,瑞芳區
,738,1.56808803301238,727.00,1169,1140,"2,309.00",龍興里,瑞芳區
,739,1.0762331838565,669.00,726,720,"1,446.00",龍鎮里,瑞芳區
,740,2.30174563591022,401.00,992,923,"1,915.00",龍川里,瑞芳區
,741,7.07758620689655,116.00,713,821,"1,534.00",龍山里,瑞芳區
,742,1.32352941176471,272.00,354,360,714.00,龍安里,瑞芳區
,743,15.6740740740741,135.00,2171,2116,"4,287.00",爪峯里,瑞芳區
,744,4.34615384615385,156.00,605,678,"1,283.00",柑坪里,瑞芳區
,745,6.61842105263158,152.00,1018,1006,"2,024.00",東和里,瑞芳區
,746,1.98503740648379,401.00,685,796,"1,481.00",上天里,瑞芳區
,747,9.68269230769231,104.00,901,1007,"1,908.00",吉慶里,瑞芳區
,748,11.01875,160.00,1725,1763,"3,488.00",吉安里,瑞芳區
,749,9.10077519379845,129.00,1107,1174,"2,281.00",傑魚里,瑞芳區
,750,1.66111111111111,180.00,229,299,528.00,猴硐里,瑞芳區
,751,0.501474926253687,339.00,149,170,319.00,光復里,瑞芳區
,752,0.964646464646465,198.00,134,191,325.00,弓橋里,瑞芳區
,753,2.64864864864865,37.00,80,98,178.00,碩仁里,瑞芳區
,754,26,10.00,247,260,507.00,基山里,瑞芳區
,755,8.46666666666667,30.00,233,254,487.00,永慶里,瑞芳區
,756,14.4615384615385,13.00,171,188,359.00,崇文里,瑞芳區
,757,2.97142857142857,35.00,84,104,188.00,福住里,瑞芳區
,758,6.09375,32.00,190,195,385.00,頌德里,瑞芳區
,759,9.95454545454546,22.00,177,219,396.00,新山里,瑞芳區
,760,6.11764705882353,17.00,93,104,197.00,瓜山里,瑞芳區
,761,3.75757575757576,33.00,98,124,222.00,銅山里,瑞芳區
,762,10.1578947368421,19.00,167,193,360.00,石山里,瑞芳區
,763,7.7,20.00,162,154,316.00,濓新里,瑞芳區
,764,6.44736842105263,38.00,281,245,526.00,濓洞里,瑞芳區
,765,36.7058823529412,17.00,729,624,"1,353.00",海濱里,瑞芳區
,766,29.1315789473684,38.00,1152,1107,"2,259.00",瑞濱里,瑞芳區
,767,7.83720930232558,86.00,734,674,"1,408.00",深澳里,瑞芳區
,768,0.881656804733728,169.00,137,149,286.00,南雅里,瑞芳區
,769,5.81927710843374,83.00,488,483,971.00,鼻頭里,瑞芳區
,770,91.6,20.00,1803,1832,"3,635.00",新峰里,瑞芳區
,771,51.1290322580645,62.00,2356,3170,"5,526.00",埤塘里,土城區
,772,3.30864197530864,324.00,1112,1072,"2,184.00",土城里,土城區
,773,5.47522935779817,545.00,3125,2984,"6,109.00",員林里,土城區
,774,10.8074074074074,270.00,2995,2918,"5,913.00",員仁里,土城區
,775,1.18934240362812,882.00,1103,1049,"2,152.00",長風里,土城區
,776,3.43356643356643,715.00,2475,2455,"4,930.00",日新里,土城區
,777,6.87155963302752,436.00,3106,2996,"6,102.00",日和里,土城區
,778,3.33227848101266,632.00,2140,2106,"4,246.00",貨饒里,土城區
,779,2.31664411366712,739.00,1803,1712,"3,515.00",柑林里,土城區
,780,7.3389544688027,593.00,4641,4352,"8,993.00",埤林里,土城區
,781,3.34702258726899,487.00,1696,1630,"3,326.00",瑞興里,土城區
,782,2.76455026455026,"1,512.00",4382,4180,"8,562.00",清水里,土城區
,783,7.90261282660333,421.00,3212,3327,"6,539.00",清和里,土城區
,784,2.04529307282416,"1,126.00",2401,2303,"4,704.00",永豐里,土城區
,785,1.30989956958393,697.00,815,913,"1,728.00",清化里,土城區
,786,5.31432748538012,684.00,3712,3635,"7,347.00",清溪里,土城區
,787,20.6613756613757,189.00,3988,3905,"7,893.00",峯廷里,土城區
,788,3.54061895551257,"1,034.00",3726,3661,"7,387.00",平和里,土城區
,789,2.80021715526602,921.00,2579,2579,"5,158.00",廷寮里,土城區
,790,2.64091858037578,958.00,2515,2530,"5,045.00",大安里,土城區
,791,6.71450617283951,648.00,4413,4351,"8,764.00",永寧里,土城區
,792,3.7239263803681,652.00,2323,2428,"4,751.00",沛陂里,土城區
,793,2.54257425742574,"1,010.00",2614,2568,"5,182.00",頂埔里,土城區
,794,4.67241379310345,580.00,2684,2710,"5,394.00",頂福里,土城區
,795,2.3448275862069,609.00,1563,1428,"2,991.00",頂新里,土城區
,796,1.65129151291513,542.00,849,895,"1,744.00",祖田里,土城區
,797,5.4847250509165,491.00,2779,2693,"5,472.00",樂利里,土城區
,798,17.0813953488372,172.00,3018,2938,"5,956.00",廣福里,土城區
,799,2.33928571428571,784.00,1977,1834,"3,811.00",學府里,土城區
,800,2.35762876579203,"1,029.00",2392,2426,"4,818.00",延壽里,土城區
,801,4.72760511882998,547.00,2647,2586,"5,233.00",安和里,土城區
,802,2.87978142076503,549.00,1622,1581,"3,203.00",青雲里,土城區
,803,4.40874811463047,663.00,2877,2923,"5,800.00",員福里,土城區
,804,5.59903381642512,414.00,2278,2318,"4,596.00",延吉里,土城區
,805,2.9228855721393,804.00,2417,2350,"4,767.00",復興里,土城區
,806,5.85185185185185,486.00,2952,2844,"5,796.00",裕生里,土城區
,807,3.36740740740741,675.00,2341,2273,"4,614.00",員信里,土城區
,808,3.55266579973992,769.00,2816,2732,"5,548.00",永富里,土城區
,809,2.64241486068111,646.00,1739,1707,"3,446.00",學成里,土城區
,810,4.93394777265745,651.00,3547,3212,"6,759.00",延和里,土城區
,811,3.11844660194175,515.00,1840,1606,"3,446.00",中正里,土城區
,812,2.8094688221709,866.00,2631,2433,"5,064.00",學士里,土城區
,813,6.08225108225108,462.00,3213,2810,"6,023.00",明德里,土城區
,814,1.95403587443946,892.00,1937,1743,"3,680.00",廣興里,土城區
,815,1.49953831948292,"1,083.00",1598,1624,"3,222.00",青山里,土城區
,816,5.62752293577982,545.00,3371,3067,"6,438.00",金城里,土城區
,817,5.59102244389027,401.00,2212,2242,"4,454.00",延祿里,土城區
,818,7.51791907514451,865.00,7068,6503,"13,571.00",正義里,蘆洲區
,819,5.71,500.00,2972,2855,"5,827.00",中原里,蘆洲區
,820,1.07649442755826,"1,974.00",2100,2125,"4,225.00",中路里,蘆洲區
,821,3.424,750.00,2817,2568,"5,385.00",光華里,蘆洲區
,822,3.83015267175573,524.00,2029,2007,"4,036.00",保佑里,蘆洲區
,823,7.95735294117647,680.00,5616,5411,"11,027.00",水湳里,蘆洲區
,824,6.72199170124481,482.00,3413,3240,"6,653.00",樓厝里,蘆洲區
,825,1.83687943262411,"1,551.00",2988,2849,"5,837.00",鷺江里,蘆洲區
,826,3.58695652173913,874.00,3301,3135,"6,436.00",恆德里,蘆洲區
,827,2.06491885143571,801.00,1739,1654,"3,393.00",溪墘里,蘆洲區
,828,2.00224215246637,892.00,1775,1786,"3,561.00",樹德里,蘆洲區
,829,3.52442159383033,389.00,1412,1371,"2,783.00",保和里,蘆洲區
,830,2.32298136645963,483.00,1170,1122,"2,292.00",仁復里,蘆洲區
,831,5.07715133531157,337.00,1843,1711,"3,554.00",得勝里,蘆洲區
,832,10.7282229965157,287.00,3206,3079,"6,285.00",南港里,蘆洲區
,833,7.71917808219178,438.00,3353,3381,"6,734.00",永樂里,蘆洲區
,834,4.43852978453739,789.00,3785,3502,"7,287.00",永康里,蘆洲區
,835,2.37,900.00,2140,2133,"4,273.00",信義里,蘆洲區
,836,3.2751677852349,894.00,3096,2928,"6,024.00",玉清里,蘆洲區
,837,3.53095684803002,533.00,1872,1882,"3,754.00",復興里,蘆洲區
,838,6.17179487179487,780.00,4956,4814,"9,770.00",水河里,蘆洲區
,839,6.69902912621359,412.00,2801,2760,"5,561.00",仁愛里,蘆洲區
,840,1.38279932546374,"1,186.00",1732,1640,"3,372.00",忠義里,蘆洲區
,841,3.73733333333333,750.00,2880,2803,"5,683.00",九芎里,蘆洲區
,842,4.34090909090909,396.00,1777,1719,"3,496.00",中華里,蘆洲區
,843,2.21359223300971,721.00,1652,1596,"3,248.00",得仁里,蘆洲區
,844,6.33480176211454,454.00,2904,2876,"5,780.00",仁德里,蘆洲區
,845,7.31930693069307,404.00,2535,2957,"5,492.00",仁義里,蘆洲區
,846,3.32947232947233,777.00,2641,2587,"5,228.00",光明里,蘆洲區
,847,2.18181818181818,660.00,1422,1440,"2,862.00",保新里,蘆洲區
,848,4.27230046948357,639.00,2733,2730,"5,463.00",長安里,蘆洲區
,849,4.02793296089386,358.00,1451,1442,"2,893.00",民和里,蘆洲區
,850,1.95902883156297,659.00,1311,1291,"2,602.00",忠孝里,蘆洲區
,851,4.57660167130919,359.00,1752,1643,"3,395.00",福安里,蘆洲區
,852,7.16893732970027,367.00,2787,2631,"5,418.00",永安里,蘆洲區
,853,4.95739910313901,446.00,2229,2211,"4,440.00",延平里,蘆洲區
,854,5.63715529753266,689.00,4145,3884,"8,029.00",成功里,蘆洲區
,855,4.42722117202268,529.00,2382,2342,"4,724.00",永德里,蘆洲區
,856,2.51436781609195,"1,044.00",2431,2625,"5,056.00",興珍里,五股區
,857,1.03225806451613,651.00,610,672,"1,282.00",更寮里,五股區
,858,2.94767441860465,688.00,1991,2028,"4,019.00",集福里,五股區
,859,7.14406779661017,118.00,692,843,"1,535.00",觀音里,五股區
,860,7.83578431372549,408.00,3050,3197,"6,247.00",成州里,五股區
,861,23.6119402985075,134.00,3046,3164,"6,210.00",成功里,五股區
,862,1.38388625592417,633.00,699,876,"1,575.00",五龍里,五股區
,863,3.2442645074224,741.00,2237,2404,"4,641.00",五股里,五股區
,864,13.1081081081081,148.00,1896,1940,"3,836.00",五福里,五股區
,865,5.1415270018622,537.00,2811,2761,"5,572.00",德音里,五股區
,866,2.80091533180778,437.00,1278,1224,"2,502.00",陸一里,五股區
,867,1.98326898326898,777.00,1638,1541,"3,179.00",貿商里,五股區
,868,7.28338762214984,307.00,2382,2236,"4,618.00",德泰里,五股區
,869,3.75233644859813,428.00,1569,1606,"3,175.00",成德里,五股區
,870,3.95934959349594,492.00,2010,1948,"3,958.00",六福里,五股區
,871,6.84175084175084,297.00,2048,2032,"4,080.00",集賢里,五股區
,872,3.58064516129032,496.00,1784,1776,"3,560.00",民義里,五股區
,873,7.99346405228758,459.00,3541,3669,"7,210.00",成泰里,五股區
,874,9.00879120879121,455.00,4120,4099,"8,219.00",水碓里,五股區
,875,1.72914521112255,971.00,1686,1679,"3,365.00",福德里,五股區
,876,0.530009233610342,"1,083.00",488,574,"1,062.00",大科里,泰山區
,877,4.95778364116095,379.00,1913,1879,"3,792.00",黎明里,泰山區
,878,34.6116504854369,103.00,3555,3565,"7,120.00",山腳里,泰山區
,879,3.57209302325581,430.00,1501,1536,"3,037.00",福泰里,泰山區
,880,2.78780773739742,853.00,2347,2378,"4,725.00",楓樹里,泰山區
,881,6.85079365079365,315.00,2229,2158,"4,387.00",同榮里,泰山區
,882,4.28719723183391,578.00,2477,2478,"4,955.00",義學里,泰山區
,883,3.27397260273973,584.00,1936,1912,"3,848.00",明志里,泰山區
,884,3.19131832797428,622.00,2032,1985,"4,017.00",貴子里,泰山區
,885,4.85343228200371,539.00,2615,2616,"5,231.00",貴和里,泰山區
,886,3.65547703180212,566.00,2171,2069,"4,240.00",同興里,泰山區
,887,6.58358208955224,670.00,4397,4411,"8,808.00",義仁里,泰山區
,888,2.08166969147005,551.00,1175,1147,"2,322.00",泰友里,泰山區
,889,1.415625,"1,280.00",1804,1812,"3,616.00",新明里,泰山區
,890,6.20512820512821,312.00,1998,1936,"3,934.00",貴賢里,泰山區
,891,4.54631828978622,421.00,2002,1914,"3,916.00",福興里,泰山區
,892,7.89202657807309,602.00,5002,4751,"9,753.00",全興里,泰山區
,893,4.21335807050093,539.00,2248,2271,"4,519.00",東林里,林口區
,894,2.24573643410853,"1,290.00",3003,2897,"5,900.00",林口里,林口區
,895,9.34732824427481,524.00,4934,4898,"9,832.00",西林里,林口區
,896,3.20827586206897,725.00,2334,2326,"4,660.00",菁湖里,林口區
,897,1.2741935483871,"1,674.00",2111,2133,"4,244.00",中湖里,林口區
,898,1.16427640156454,767.00,796,893,"1,689.00",湖北里,林口區
,899,20.0373443983403,482.00,10454,9658,"20,112.00",湖南里,林口區
,900,45.6629213483146,178.00,8920,8128,"17,048.00",南勢里,林口區
,901,0.839294971487818,"3,858.00",3361,3238,"6,599.00",東勢里,林口區
,902,0.184039087947883,"3,684.00",553,678,"1,231.00",頂福里,林口區
,903,0.777557100297915,"1,007.00",731,783,"1,514.00",下福里,林口區
,904,6.23655913978495,93.00,518,580,"1,098.00",嘉寶里,林口區
,905,3.95652173913043,138.00,478,546,"1,024.00",瑞平里,林口區
,906,9.41111111111111,90.00,848,847,"1,695.00",太平里,林口區
,907,33.9108910891089,101.00,3838,3425,"7,263.00",仁愛里,林口區
,908,25.7808988764045,178.00,5093,4589,"9,682.00",麗林里,林口區
,909,1.6177347242921,"1,342.00",2264,2171,"4,435.00",麗園里,林口區
,910,1.13924870466321,"1,544.00",1803,1759,"3,562.00",深坑里,深坑區
,911,1.89037037037037,675.00,1297,1276,"2,573.00",萬順里,深坑區
,912,3.16167664670659,501.00,1613,1584,"3,197.00",土庫里,深坑區
,913,3.5045045045045,333.00,1050,1167,"2,217.00",昇高里,深坑區
,914,0.8125,448.00,279,364,643.00,阿柔里,深坑區
,915,9.7125,320.00,3306,3108,"6,414.00",埔新里,深坑區
,916,20.1594202898551,69.00,1362,1391,"2,753.00",萬福里,深坑區
,917,1.15239043824701,"1,004.00",1128,1157,"2,285.00",賴仲里,深坑區
,919,1.24547803617571,387.00,405,482,887.00,潭邊里,石碇區
,920,9.5531914893617,47.00,344,449,793.00,隆盛里,石碇區
,921,4.85227272727273,88.00,325,427,752.00,烏塗里,石碇區
,922,2.80597014925373,67.00,169,188,357.00,彭山里,石碇區
,923,4.36206896551724,58.00,182,253,435.00,豐田里,石碇區
,924,14.3461538461538,26.00,319,373,692.00,永定里,石碇區
,925,18.2962962962963,27.00,357,494,851.00,中民里,石碇區
,926,5,33.00,111,165,276.00,光明里,石碇區
,927,2.5,66.00,144,165,309.00,豐林里,石碇區
,928,16.7407407407407,27.00,435,452,887.00,永安里,石碇區
,929,18.3225806451613,31.00,498,568,"1,066.00",格頭里,石碇區
,930,6.09090909090909,88.00,402,536,938.00,粗窟里,坪林區
,931,7.00925925925926,108.00,641,757,"1,398.00",坪林里,坪林區
,932,9.0125,80.00,538,721,"1,259.00",大林里,坪林區
,933,1.54037267080745,161.00,215,248,463.00,石𥕢里,坪林區
,934,4.24786324786325,117.00,376,497,873.00,上德里,坪林區
,935,8.31111111111111,45.00,325,374,699.00,水德里,坪林區
,936,7.19402985074627,67.00,399,482,881.00,漁光里,坪林區
,937,3.30508474576271,59.00,167,195,362.00,八賢里,三芝區
,938,60.2888888888889,45.00,2884,2713,"5,597.00",埔頭里,三芝區
,939,19.9666666666667,30.00,545,599,"1,144.00",古庄里,三芝區
,940,0.806501547987616,646.00,455,521,976.00,新庄里,三芝區
,941,29.2992125984252,127.00,3694,3721,"7,415.00",埔坪里,三芝區
,942,4.83333333333333,78.00,330,377,707.00,茂長里,三芝區
,943,0.44475138121547,724.00,228,322,550.00,橫山里,三芝區
,944,4.29357798165138,109.00,329,468,797.00,錫板里,三芝區
,945,37.1935483870968,31.00,1108,1153,"2,261.00",後厝里,三芝區
,946,6.23287671232877,73.00,442,455,897.00,福德里,三芝區
,947,1.00560224089636,357.00,266,359,625.00,圓山里,三芝區
,948,2.75886524822695,141.00,297,389,686.00,店子里,三芝區
,949,18.45,40.00,601,738,"1,339.00",興華里,三芝區
,950,11.6290322580645,62.00,630,721,"1,351.00",德茂里,石門區
,951,5.63945578231293,147.00,837,829,"1,666.00",富基里,石門區
,952,11.1282051282051,117.00,1270,1302,"2,572.00",老梅里,石門區
,953,4.464,125.00,452,558,"1,010.00",山溪里,石門區
,954,4.15789473684211,228.00,899,948,"1,847.00",石門里,石門區
,955,10.9647058823529,85.00,878,932,"1,810.00",尖鹿里,石門區
,956,1.14594594594595,185.00,159,212,371.00,乾華里,石門區
,957,2.29310344827586,174.00,352,399,751.00,茂林里,石門區
,958,15.0526315789474,38.00,541,572,"1,113.00",草里里,石門區
,959,43.109756097561,82.00,3788,3535,"7,323.00",龍源里,八里區
,960,24.9324324324324,74.00,1762,1845,"3,607.00",米倉里,八里區
,961,1.605,"1,000.00",1540,1605,"3,145.00",大崁里,八里區
,962,4.62414578587699,439.00,2035,2030,"4,065.00",埤頭里,八里區
,963,2.80053908355795,371.00,1078,1039,"2,117.00",頂罟里,八里區
,964,8.85265700483092,414.00,3837,3665,"7,502.00",舊城里,八里區
,965,11.2093023255814,215.00,2398,2410,"4,808.00",訊塘里,八里區
,966,1.27227101631117,797.00,965,1014,"1,979.00",荖阡里,八里區
,967,1.73106060606061,528.00,803,914,"1,717.00",長坑里,八里區
,968,4.44,200.00,857,888,"1,745.00",下罟里,八里區
,969,1.66891891891892,148.00,191,247,438.00,薯榔里,平溪區
,970,1.06944444444444,144.00,130,154,284.00,菁桐里,平溪區
,971,10.1333333333333,15.00,122,152,274.00,白石里,平溪區
,972,14.7222222222222,18.00,233,265,498.00,石底里,平溪區
,973,7.05,20.00,130,141,271.00,平溪里,平溪區
,974,11.4705882352941,34.00,326,390,716.00,嶺腳里,平溪區
,975,21.6666666666667,12.00,192,260,452.00,東勢里,平溪區
,976,1.8,50.00,68,90,158.00,望古里,平溪區
,978,5.94117647058824,17.00,84,101,185.00,平湖里,平溪區
,979,12.093023255814,43.00,438,520,958.00,十分里,平溪區
,980,12.25,8.00,69,98,167.00,新寮里,平溪區
,981,5.93333333333333,45.00,266,267,533.00,雙溪里,雙溪區
,982,6.88888888888889,36.00,209,248,457.00,共和里,雙溪區
,983,5.92857142857143,84.00,407,498,905.00,新基里,雙溪區
,984,5.5,82.00,349,451,800.00,魚行里,雙溪區
,985,8.93103448275862,29.00,192,259,451.00,三港里,雙溪區
,986,6.63698630136986,146.00,894,969,"1,863.00",牡丹里,雙溪區
,987,7.72,25.00,165,193,358.00,三貂里,雙溪區
,988,5.47619047619048,105.00,500,575,"1,075.00",平林里,雙溪區
,989,9.06818181818182,44.00,312,399,711.00,上林里,雙溪區
,990,8.7741935483871,31.00,192,272,464.00,外柑里,雙溪區
,991,15.6428571428571,14.00,172,219,391.00,長源里,雙溪區
,992,6.65882352941177,85.00,537,566,"1,103.00",泰平里,雙溪區
,993,5.29473684210526,95.00,499,503,"1,002.00",貢寮里,貢寮區
,994,8.12820512820513,39.00,191,317,508.00,吉林里,貢寮區
,995,7.78947368421053,57.00,360,444,804.00,雙玉里,貢寮區
,996,9.5,28.00,199,266,465.00,龍崗里,貢寮區
,997,5.7910447761194,67.00,375,388,763.00,龍門里,貢寮區
,998,6.83941605839416,137.00,987,937,"1,924.00",福隆里,貢寮區
,999,5.77906976744186,172.00,971,994,"1,965.00",仁里里,貢寮區
,1000,6.53409090909091,176.00,1213,1150,"2,363.00",真理里,貢寮區
,1001,8.12727272727273,55.00,538,447,985.00,福連里,貢寮區
,1002,12.2,40.00,359,488,847.00,美豐里,貢寮區
,1003,7.58441558441558,77.00,550,584,"1,134.00",和美里,貢寮區
,1004,4.6551724137931,58.00,303,270,573.00,和平里,金山區
,1005,5.98507462686567,67.00,429,401,830.00,大同里,金山區
,1006,14.4285714285714,21.00,293,303,596.00,豐漁里,金山區
,1007,8.54098360655738,122.00,1047,1042,"2,089.00",磺港里,金山區
,1008,5.41379310344828,406.00,2428,2198,"4,626.00",美田里,金山區
,1009,5.37566137566138,189.00,975,1016,"1,991.00",五湖里,金山區
,1010,4.76158940397351,151.00,685,719,"1,404.00",重和里,金山區
,1011,6.27027027027027,37.00,221,232,453.00,兩湖里,金山區
,1012,7.50909090909091,55.00,329,413,742.00,六股里,金山區
,1013,7.57777777777778,45.00,396,341,737.00,三界里,金山區
,1014,7.828125,64.00,446,501,947.00,清泉里,金山區
,1015,5.42553191489362,47.00,275,255,530.00,萬壽里,金山區
,1016,5.45454545454545,22.00,91,120,211.00,西湖里,金山區
,1017,10.2,35.00,302,357,659.00,永興里,金山區
,1018,4.93827160493827,567.00,3028,2800,"5,828.00",金美里,金山區
,1019,5.71621621621622,444.00,2624,2538,"5,162.00",萬里里,萬里區
,1020,5.24014336917563,279.00,1421,1462,"2,883.00",龜吼里,萬里區
,1021,6.89655172413793,261.00,1915,1800,"3,715.00",野柳里,萬里區
,1022,7.23451327433628,226.00,1580,1635,"3,215.00",大鵬里,萬里區
,1023,8,44.00,300,352,652.00,磺潭里,萬里區
,1024,7.8961038961039,77.00,490,608,"1,098.00",雙興里,萬里區
,1025,9.64285714285714,42.00,330,405,735.00,溪底里,萬里區
,1026,6.02439024390244,41.00,227,247,474.00,崁脚里,萬里區
,1027,8.32051282051282,78.00,661,649,"1,310.00",中幅里,萬里區
,1028,5.53020134228188,298.00,1643,1648,"3,291.00",北基里,萬里區
,1029,4.44481605351171,299.00,1393,1329,"2,722.00",烏來里,烏來區
,1030,5.2816091954023,174.00,915,919,"1,834.00",忠治里,烏來區
,1031,10.8611111111111,36.00,368,391,759.00,福山里,烏來區
,1033,11.5833333333333,12.00,111,139,250.00,孝義里,烏來區
,1,,,人口數-女,人口數-男,人口數,村里,區域別
